
*** Running vivado
    with args -log traffic_replay_bd_wrapper.vdi -applog -m64 -product Vivado -messageDb vivado.pb -mode batch -source traffic_replay_bd_wrapper.tcl -notrace


****** Vivado v2020.2 (64-bit)
  **** SW Build 3064766 on Wed Nov 18 09:12:47 MST 2020
  **** IP Build 3064653 on Wed Nov 18 14:17:31 MST 2020
    ** Copyright 1986-2020 Xilinx, Inc. All Rights Reserved.

source traffic_replay_bd_wrapper.tcl -notrace
INFO: [IP_Flow 19-234] Refreshing IP repositories
INFO: [IP_Flow 19-1704] No user IP repositories specified
INFO: [IP_Flow 19-2313] Loaded Vivado IP repository '/tools/Xilinx/Vivado/2020.2/data/ip'.
add_files: Time (s): cpu = 00:00:17 ; elapsed = 00:00:15 . Memory (MB): peak = 3293.180 ; gain = 928.457 ; free physical = 80883 ; free virtual = 103728
Command: link_design -top traffic_replay_bd_wrapper -part xcu200-fsgd2104-2-e
Design is defaulting to srcset: sources_1
Design is defaulting to constrset: constrs_1
INFO: [Device 21-403] Loading part xcu200-fsgd2104-2-e
Netlist sorting complete. Time (s): cpu = 00:00:05 ; elapsed = 00:00:05 . Memory (MB): peak = 4134.598 ; gain = 46.000 ; free physical = 78727 ; free virtual = 101572
INFO: [Netlist 29-17] Analyzing 16435 Unisim elements for replacement
INFO: [Netlist 29-28] Unisim Transformation completed in 6 CPU seconds
INFO: [Project 1-479] Netlist was created with Vivado 2020.2
INFO: [Project 1-570] Preparing netlist for logic optimization
Parsing XDC File [/home/user/tr_4ddr_timingfix_runs/bd_4ddr_dual_20260708_001610/build/vivado_hw/traffic_replay_hw.gen/sources_1/bd/traffic_replay_bd/ip/traffic_replay_bd_ddr_smc_1_0/bd_0/ip/ip_1/bd_9c1c_psr_aclk_0_board.xdc] for cell 'traffic_replay_bd_i/ddr_smc_1/inst/clk_map/psr_aclk/U0'
Finished Parsing XDC File [/home/user/tr_4ddr_timingfix_runs/bd_4ddr_dual_20260708_001610/build/vivado_hw/traffic_replay_hw.gen/sources_1/bd/traffic_replay_bd/ip/traffic_replay_bd_ddr_smc_1_0/bd_0/ip/ip_1/bd_9c1c_psr_aclk_0_board.xdc] for cell 'traffic_replay_bd_i/ddr_smc_1/inst/clk_map/psr_aclk/U0'
Parsing XDC File [/home/user/tr_4ddr_timingfix_runs/bd_4ddr_dual_20260708_001610/build/vivado_hw/traffic_replay_hw.gen/sources_1/bd/traffic_replay_bd/ip/traffic_replay_bd_cmac_init_clk_wiz_0/traffic_replay_bd_cmac_init_clk_wiz_0_board.xdc] for cell 'traffic_replay_bd_i/cmac_init_clk_wiz/inst'
Finished Parsing XDC File [/home/user/tr_4ddr_timingfix_runs/bd_4ddr_dual_20260708_001610/build/vivado_hw/traffic_replay_hw.gen/sources_1/bd/traffic_replay_bd/ip/traffic_replay_bd_cmac_init_clk_wiz_0/traffic_replay_bd_cmac_init_clk_wiz_0_board.xdc] for cell 'traffic_replay_bd_i/cmac_init_clk_wiz/inst'
Parsing XDC File [/home/user/tr_4ddr_timingfix_runs/bd_4ddr_dual_20260708_001610/build/vivado_hw/traffic_replay_hw.gen/sources_1/bd/traffic_replay_bd/ip/traffic_replay_bd_ctrl_smc_0/bd_0/ip/ip_1/bd_029e_psr_aclk_0.xdc] for cell 'traffic_replay_bd_i/ctrl_smc/inst/clk_map/psr_aclk/U0'
Finished Parsing XDC File [/home/user/tr_4ddr_timingfix_runs/bd_4ddr_dual_20260708_001610/build/vivado_hw/traffic_replay_hw.gen/sources_1/bd/traffic_replay_bd/ip/traffic_replay_bd_ctrl_smc_0/bd_0/ip/ip_1/bd_029e_psr_aclk_0.xdc] for cell 'traffic_replay_bd_i/ctrl_smc/inst/clk_map/psr_aclk/U0'
Parsing XDC File [/home/user/tr_4ddr_timingfix_runs/bd_4ddr_dual_20260708_001610/build/vivado_hw/traffic_replay_hw.gen/sources_1/bd/traffic_replay_bd/ip/traffic_replay_bd_ctrl_smc_0/bd_0/ip/ip_1/bd_029e_psr_aclk_0_board.xdc] for cell 'traffic_replay_bd_i/ctrl_smc/inst/clk_map/psr_aclk/U0'
Finished Parsing XDC File [/home/user/tr_4ddr_timingfix_runs/bd_4ddr_dual_20260708_001610/build/vivado_hw/traffic_replay_hw.gen/sources_1/bd/traffic_replay_bd/ip/traffic_replay_bd_ctrl_smc_0/bd_0/ip/ip_1/bd_029e_psr_aclk_0_board.xdc] for cell 'traffic_replay_bd_i/ctrl_smc/inst/clk_map/psr_aclk/U0'
Parsing XDC File [/home/user/tr_4ddr_timingfix_runs/bd_4ddr_dual_20260708_001610/build/vivado_hw/traffic_replay_hw.gen/sources_1/bd/traffic_replay_bd/ip/traffic_replay_bd_ddr_smc_3_0/bd_0/ip/ip_1/bd_5cbd_psr_aclk_0.xdc] for cell 'traffic_replay_bd_i/ddr_smc_3/inst/clk_map/psr_aclk/U0'
Finished Parsing XDC File [/home/user/tr_4ddr_timingfix_runs/bd_4ddr_dual_20260708_001610/build/vivado_hw/traffic_replay_hw.gen/sources_1/bd/traffic_replay_bd/ip/traffic_replay_bd_ddr_smc_3_0/bd_0/ip/ip_1/bd_5cbd_psr_aclk_0.xdc] for cell 'traffic_replay_bd_i/ddr_smc_3/inst/clk_map/psr_aclk/U0'
Parsing XDC File [/home/user/tr_4ddr_timingfix_runs/bd_4ddr_dual_20260708_001610/build/vivado_hw/traffic_replay_hw.gen/sources_1/bd/traffic_replay_bd/ip/traffic_replay_bd_ddr_smc_3_0/bd_0/ip/ip_1/bd_5cbd_psr_aclk_0_board.xdc] for cell 'traffic_replay_bd_i/ddr_smc_3/inst/clk_map/psr_aclk/U0'
Finished Parsing XDC File [/home/user/tr_4ddr_timingfix_runs/bd_4ddr_dual_20260708_001610/build/vivado_hw/traffic_replay_hw.gen/sources_1/bd/traffic_replay_bd/ip/traffic_replay_bd_ddr_smc_3_0/bd_0/ip/ip_1/bd_5cbd_psr_aclk_0_board.xdc] for cell 'traffic_replay_bd_i/ddr_smc_3/inst/clk_map/psr_aclk/U0'
Parsing XDC File [/home/user/tr_4ddr_timingfix_runs/bd_4ddr_dual_20260708_001610/build/vivado_hw/traffic_replay_hw.gen/sources_1/bd/traffic_replay_bd/ip/traffic_replay_bd_ddr_smc_2_0/bd_0/ip/ip_1/bd_9cec_psr_aclk_0.xdc] for cell 'traffic_replay_bd_i/ddr_smc_2/inst/clk_map/psr_aclk/U0'
Finished Parsing XDC File [/home/user/tr_4ddr_timingfix_runs/bd_4ddr_dual_20260708_001610/build/vivado_hw/traffic_replay_hw.gen/sources_1/bd/traffic_replay_bd/ip/traffic_replay_bd_ddr_smc_2_0/bd_0/ip/ip_1/bd_9cec_psr_aclk_0.xdc] for cell 'traffic_replay_bd_i/ddr_smc_2/inst/clk_map/psr_aclk/U0'
Parsing XDC File [/home/user/tr_4ddr_timingfix_runs/bd_4ddr_dual_20260708_001610/build/vivado_hw/traffic_replay_hw.gen/sources_1/bd/traffic_replay_bd/ip/traffic_replay_bd_ddr_smc_2_0/bd_0/ip/ip_1/bd_9cec_psr_aclk_0_board.xdc] for cell 'traffic_replay_bd_i/ddr_smc_2/inst/clk_map/psr_aclk/U0'
Finished Parsing XDC File [/home/user/tr_4ddr_timingfix_runs/bd_4ddr_dual_20260708_001610/build/vivado_hw/traffic_replay_hw.gen/sources_1/bd/traffic_replay_bd/ip/traffic_replay_bd_ddr_smc_2_0/bd_0/ip/ip_1/bd_9cec_psr_aclk_0_board.xdc] for cell 'traffic_replay_bd_i/ddr_smc_2/inst/clk_map/psr_aclk/U0'
Parsing XDC File [/home/user/tr_4ddr_timingfix_runs/bd_4ddr_dual_20260708_001610/build/vivado_hw/traffic_replay_hw.gen/sources_1/bd/traffic_replay_bd/ip/traffic_replay_bd_ddr_smc_1_0/bd_0/ip/ip_1/bd_9c1c_psr_aclk_0.xdc] for cell 'traffic_replay_bd_i/ddr_smc_1/inst/clk_map/psr_aclk/U0'
Finished Parsing XDC File [/home/user/tr_4ddr_timingfix_runs/bd_4ddr_dual_20260708_001610/build/vivado_hw/traffic_replay_hw.gen/sources_1/bd/traffic_replay_bd/ip/traffic_replay_bd_ddr_smc_1_0/bd_0/ip/ip_1/bd_9c1c_psr_aclk_0.xdc] for cell 'traffic_replay_bd_i/ddr_smc_1/inst/clk_map/psr_aclk/U0'
Parsing XDC File [/home/user/tr_4ddr_timingfix_runs/bd_4ddr_dual_20260708_001610/build/vivado_hw/traffic_replay_hw.gen/sources_1/bd/traffic_replay_bd/ip/traffic_replay_bd_cmac_init_clk_wiz_0/traffic_replay_bd_cmac_init_clk_wiz_0.xdc] for cell 'traffic_replay_bd_i/cmac_init_clk_wiz/inst'
INFO: [Timing 38-35] Done setting XDC timing constraints. [/home/user/tr_4ddr_timingfix_runs/bd_4ddr_dual_20260708_001610/build/vivado_hw/traffic_replay_hw.gen/sources_1/bd/traffic_replay_bd/ip/traffic_replay_bd_cmac_init_clk_wiz_0/traffic_replay_bd_cmac_init_clk_wiz_0.xdc:57]
INFO: [Timing 38-2] Deriving generated clocks [/home/user/tr_4ddr_timingfix_runs/bd_4ddr_dual_20260708_001610/build/vivado_hw/traffic_replay_hw.gen/sources_1/bd/traffic_replay_bd/ip/traffic_replay_bd_cmac_init_clk_wiz_0/traffic_replay_bd_cmac_init_clk_wiz_0.xdc:57]
get_clocks: Time (s): cpu = 00:00:31 ; elapsed = 00:00:35 . Memory (MB): peak = 6505.699 ; gain = 1093.242 ; free physical = 76481 ; free virtual = 99327
WARNING: [Vivado 12-2489] -input_jitter contains time 0.033330 which will be rounded to 0.033 to ensure it is an integer multiple of 1 picosecond [/home/user/tr_4ddr_timingfix_runs/bd_4ddr_dual_20260708_001610/build/vivado_hw/traffic_replay_hw.gen/sources_1/bd/traffic_replay_bd/ip/traffic_replay_bd_cmac_init_clk_wiz_0/traffic_replay_bd_cmac_init_clk_wiz_0.xdc:57]
Finished Parsing XDC File [/home/user/tr_4ddr_timingfix_runs/bd_4ddr_dual_20260708_001610/build/vivado_hw/traffic_replay_hw.gen/sources_1/bd/traffic_replay_bd/ip/traffic_replay_bd_cmac_init_clk_wiz_0/traffic_replay_bd_cmac_init_clk_wiz_0.xdc] for cell 'traffic_replay_bd_i/cmac_init_clk_wiz/inst'
Parsing XDC File [/home/user/tr_4ddr_timingfix_runs/bd_4ddr_dual_20260708_001610/build/vivado_hw/traffic_replay_hw.gen/sources_1/bd/traffic_replay_bd/ip/traffic_replay_bd_ddr_smc_0/bd_0/ip/ip_1/bd_e0b3_psr_aclk_0.xdc] for cell 'traffic_replay_bd_i/ddr_smc/inst/clk_map/psr_aclk/U0'
Finished Parsing XDC File [/home/user/tr_4ddr_timingfix_runs/bd_4ddr_dual_20260708_001610/build/vivado_hw/traffic_replay_hw.gen/sources_1/bd/traffic_replay_bd/ip/traffic_replay_bd_ddr_smc_0/bd_0/ip/ip_1/bd_e0b3_psr_aclk_0.xdc] for cell 'traffic_replay_bd_i/ddr_smc/inst/clk_map/psr_aclk/U0'
Parsing XDC File [/home/user/tr_4ddr_timingfix_runs/bd_4ddr_dual_20260708_001610/build/vivado_hw/traffic_replay_hw.gen/sources_1/bd/traffic_replay_bd/ip/traffic_replay_bd_ddr_smc_0/bd_0/ip/ip_1/bd_e0b3_psr_aclk_0_board.xdc] for cell 'traffic_replay_bd_i/ddr_smc/inst/clk_map/psr_aclk/U0'
Finished Parsing XDC File [/home/user/tr_4ddr_timingfix_runs/bd_4ddr_dual_20260708_001610/build/vivado_hw/traffic_replay_hw.gen/sources_1/bd/traffic_replay_bd/ip/traffic_replay_bd_ddr_smc_0/bd_0/ip/ip_1/bd_e0b3_psr_aclk_0_board.xdc] for cell 'traffic_replay_bd_i/ddr_smc/inst/clk_map/psr_aclk/U0'
Parsing XDC File [/home/user/tr_4ddr_timingfix_runs/bd_4ddr_dual_20260708_001610/build/vivado_hw/traffic_replay_hw.gen/sources_1/bd/traffic_replay_bd/ip/traffic_replay_bd_host_smc_0/bd_0/ip/ip_1/bd_da08_psr_aclk_0.xdc] for cell 'traffic_replay_bd_i/host_smc/inst/clk_map/psr_aclk/U0'
Finished Parsing XDC File [/home/user/tr_4ddr_timingfix_runs/bd_4ddr_dual_20260708_001610/build/vivado_hw/traffic_replay_hw.gen/sources_1/bd/traffic_replay_bd/ip/traffic_replay_bd_host_smc_0/bd_0/ip/ip_1/bd_da08_psr_aclk_0.xdc] for cell 'traffic_replay_bd_i/host_smc/inst/clk_map/psr_aclk/U0'
Parsing XDC File [/home/user/tr_4ddr_timingfix_runs/bd_4ddr_dual_20260708_001610/build/vivado_hw/traffic_replay_hw.gen/sources_1/bd/traffic_replay_bd/ip/traffic_replay_bd_host_smc_0/bd_0/ip/ip_1/bd_da08_psr_aclk_0_board.xdc] for cell 'traffic_replay_bd_i/host_smc/inst/clk_map/psr_aclk/U0'
Finished Parsing XDC File [/home/user/tr_4ddr_timingfix_runs/bd_4ddr_dual_20260708_001610/build/vivado_hw/traffic_replay_hw.gen/sources_1/bd/traffic_replay_bd/ip/traffic_replay_bd_host_smc_0/bd_0/ip/ip_1/bd_da08_psr_aclk_0_board.xdc] for cell 'traffic_replay_bd_i/host_smc/inst/clk_map/psr_aclk/U0'
Parsing XDC File [/home/user/tr_4ddr_timingfix_runs/bd_4ddr_dual_20260708_001610/build/vivado_hw/traffic_replay_hw.gen/sources_1/bd/traffic_replay_bd/ip/traffic_replay_bd_ddr4_3_0/par/traffic_replay_bd_ddr4_3_0.xdc] for cell 'traffic_replay_bd_i/ddr4_3/inst'
Finished Parsing XDC File [/home/user/tr_4ddr_timingfix_runs/bd_4ddr_dual_20260708_001610/build/vivado_hw/traffic_replay_hw.gen/sources_1/bd/traffic_replay_bd/ip/traffic_replay_bd_ddr4_3_0/par/traffic_replay_bd_ddr4_3_0.xdc] for cell 'traffic_replay_bd_i/ddr4_3/inst'
Parsing XDC File [/home/user/tr_4ddr_timingfix_runs/bd_4ddr_dual_20260708_001610/build/vivado_hw/traffic_replay_hw.gen/sources_1/bd/traffic_replay_bd/ip/traffic_replay_bd_ddr4_3_0/ip_0/traffic_replay_bd_ddr4_3_0_microblaze_mcs_board.xdc] for cell 'traffic_replay_bd_i/ddr4_3/inst/u_ddr4_mem_intfc/u_ddr_cal_riu/mcs0/inst'
Finished Parsing XDC File [/home/user/tr_4ddr_timingfix_runs/bd_4ddr_dual_20260708_001610/build/vivado_hw/traffic_replay_hw.gen/sources_1/bd/traffic_replay_bd/ip/traffic_replay_bd_ddr4_3_0/ip_0/traffic_replay_bd_ddr4_3_0_microblaze_mcs_board.xdc] for cell 'traffic_replay_bd_i/ddr4_3/inst/u_ddr4_mem_intfc/u_ddr_cal_riu/mcs0/inst'
Parsing XDC File [/home/user/tr_4ddr_timingfix_runs/bd_4ddr_dual_20260708_001610/build/vivado_hw/traffic_replay_hw.gen/sources_1/bd/traffic_replay_bd/ip/traffic_replay_bd_ddr4_3_0/bd_0/ip/ip_10/bd_3919_iomodule_0_0_board.xdc] for cell 'traffic_replay_bd_i/ddr4_3/inst/u_ddr4_mem_intfc/u_ddr_cal_riu/mcs0/inst/iomodule_0/U0'
Finished Parsing XDC File [/home/user/tr_4ddr_timingfix_runs/bd_4ddr_dual_20260708_001610/build/vivado_hw/traffic_replay_hw.gen/sources_1/bd/traffic_replay_bd/ip/traffic_replay_bd_ddr4_3_0/bd_0/ip/ip_10/bd_3919_iomodule_0_0_board.xdc] for cell 'traffic_replay_bd_i/ddr4_3/inst/u_ddr4_mem_intfc/u_ddr_cal_riu/mcs0/inst/iomodule_0/U0'
Parsing XDC File [/home/user/tr_4ddr_timingfix_runs/bd_4ddr_dual_20260708_001610/build/vivado_hw/traffic_replay_hw.gen/sources_1/bd/traffic_replay_bd/ip/traffic_replay_bd_rst_ddr_3_0/traffic_replay_bd_rst_ddr_3_0.xdc] for cell 'traffic_replay_bd_i/rst_ddr_3/U0'
Finished Parsing XDC File [/home/user/tr_4ddr_timingfix_runs/bd_4ddr_dual_20260708_001610/build/vivado_hw/traffic_replay_hw.gen/sources_1/bd/traffic_replay_bd/ip/traffic_replay_bd_rst_ddr_3_0/traffic_replay_bd_rst_ddr_3_0.xdc] for cell 'traffic_replay_bd_i/rst_ddr_3/U0'
Parsing XDC File [/home/user/tr_4ddr_timingfix_runs/bd_4ddr_dual_20260708_001610/build/vivado_hw/traffic_replay_hw.gen/sources_1/bd/traffic_replay_bd/ip/traffic_replay_bd_cmac_1_0/synth/traffic_replay_bd_cmac_1_0.xdc] for cell 'traffic_replay_bd_i/cmac_1/inst'
Finished Parsing XDC File [/home/user/tr_4ddr_timingfix_runs/bd_4ddr_dual_20260708_001610/build/vivado_hw/traffic_replay_hw.gen/sources_1/bd/traffic_replay_bd/ip/traffic_replay_bd_cmac_1_0/synth/traffic_replay_bd_cmac_1_0.xdc] for cell 'traffic_replay_bd_i/cmac_1/inst'
Parsing XDC File [/home/user/tr_4ddr_timingfix_runs/bd_4ddr_dual_20260708_001610/build/vivado_hw/traffic_replay_hw.gen/sources_1/bd/traffic_replay_bd/ip/traffic_replay_bd_cmac_1_0/synth/traffic_replay_bd_cmac_1_0_board.xdc] for cell 'traffic_replay_bd_i/cmac_1/inst'
Finished Parsing XDC File [/home/user/tr_4ddr_timingfix_runs/bd_4ddr_dual_20260708_001610/build/vivado_hw/traffic_replay_hw.gen/sources_1/bd/traffic_replay_bd/ip/traffic_replay_bd_cmac_1_0/synth/traffic_replay_bd_cmac_1_0_board.xdc] for cell 'traffic_replay_bd_i/cmac_1/inst'
Parsing XDC File [/home/user/tr_4ddr_timingfix_runs/bd_4ddr_dual_20260708_001610/build/vivado_hw/traffic_replay_hw.gen/sources_1/bd/traffic_replay_bd/ip/traffic_replay_bd_cmac_1_0/ip_0/synth/traffic_replay_bd_cmac_1_0_gt.xdc] for cell 'traffic_replay_bd_i/cmac_1/inst/traffic_replay_bd_cmac_1_0_gt_i/inst'
Finished Parsing XDC File [/home/user/tr_4ddr_timingfix_runs/bd_4ddr_dual_20260708_001610/build/vivado_hw/traffic_replay_hw.gen/sources_1/bd/traffic_replay_bd/ip/traffic_replay_bd_cmac_1_0/ip_0/synth/traffic_replay_bd_cmac_1_0_gt.xdc] for cell 'traffic_replay_bd_i/cmac_1/inst/traffic_replay_bd_cmac_1_0_gt_i/inst'
Parsing XDC File [/home/user/tr_4ddr_timingfix_runs/bd_4ddr_dual_20260708_001610/build/vivado_hw/traffic_replay_hw.gen/sources_1/bd/traffic_replay_bd/ip/traffic_replay_bd_cmac_0_0/synth/traffic_replay_bd_cmac_0_0.xdc] for cell 'traffic_replay_bd_i/cmac_0/inst'
Finished Parsing XDC File [/home/user/tr_4ddr_timingfix_runs/bd_4ddr_dual_20260708_001610/build/vivado_hw/traffic_replay_hw.gen/sources_1/bd/traffic_replay_bd/ip/traffic_replay_bd_cmac_0_0/synth/traffic_replay_bd_cmac_0_0.xdc] for cell 'traffic_replay_bd_i/cmac_0/inst'
Parsing XDC File [/home/user/tr_4ddr_timingfix_runs/bd_4ddr_dual_20260708_001610/build/vivado_hw/traffic_replay_hw.gen/sources_1/bd/traffic_replay_bd/ip/traffic_replay_bd_cmac_0_0/synth/traffic_replay_bd_cmac_0_0_board.xdc] for cell 'traffic_replay_bd_i/cmac_0/inst'
Finished Parsing XDC File [/home/user/tr_4ddr_timingfix_runs/bd_4ddr_dual_20260708_001610/build/vivado_hw/traffic_replay_hw.gen/sources_1/bd/traffic_replay_bd/ip/traffic_replay_bd_cmac_0_0/synth/traffic_replay_bd_cmac_0_0_board.xdc] for cell 'traffic_replay_bd_i/cmac_0/inst'
Parsing XDC File [/home/user/tr_4ddr_timingfix_runs/bd_4ddr_dual_20260708_001610/build/vivado_hw/traffic_replay_hw.gen/sources_1/bd/traffic_replay_bd/ip/traffic_replay_bd_cmac_0_0/ip_0/synth/traffic_replay_bd_cmac_0_0_gt.xdc] for cell 'traffic_replay_bd_i/cmac_0/inst/traffic_replay_bd_cmac_0_0_gt_i/inst'
Finished Parsing XDC File [/home/user/tr_4ddr_timingfix_runs/bd_4ddr_dual_20260708_001610/build/vivado_hw/traffic_replay_hw.gen/sources_1/bd/traffic_replay_bd/ip/traffic_replay_bd_cmac_0_0/ip_0/synth/traffic_replay_bd_cmac_0_0_gt.xdc] for cell 'traffic_replay_bd_i/cmac_0/inst/traffic_replay_bd_cmac_0_0_gt_i/inst'
Parsing XDC File [/home/user/tr_4ddr_timingfix_runs/bd_4ddr_dual_20260708_001610/build/vivado_hw/traffic_replay_hw.gen/sources_1/bd/traffic_replay_bd/ip/traffic_replay_bd_rst_cmac_init_0/traffic_replay_bd_rst_cmac_init_0.xdc] for cell 'traffic_replay_bd_i/rst_cmac_init/U0'
Finished Parsing XDC File [/home/user/tr_4ddr_timingfix_runs/bd_4ddr_dual_20260708_001610/build/vivado_hw/traffic_replay_hw.gen/sources_1/bd/traffic_replay_bd/ip/traffic_replay_bd_rst_cmac_init_0/traffic_replay_bd_rst_cmac_init_0.xdc] for cell 'traffic_replay_bd_i/rst_cmac_init/U0'
Parsing XDC File [/home/user/tr_4ddr_timingfix_runs/bd_4ddr_dual_20260708_001610/build/vivado_hw/traffic_replay_hw.gen/sources_1/bd/traffic_replay_bd/ip/traffic_replay_bd_rst_cmac_init_0/traffic_replay_bd_rst_cmac_init_0_board.xdc] for cell 'traffic_replay_bd_i/rst_cmac_init/U0'
Finished Parsing XDC File [/home/user/tr_4ddr_timingfix_runs/bd_4ddr_dual_20260708_001610/build/vivado_hw/traffic_replay_hw.gen/sources_1/bd/traffic_replay_bd/ip/traffic_replay_bd_rst_cmac_init_0/traffic_replay_bd_rst_cmac_init_0_board.xdc] for cell 'traffic_replay_bd_i/rst_cmac_init/U0'
Parsing XDC File [/home/user/tr_4ddr_timingfix_runs/bd_4ddr_dual_20260708_001610/build/vivado_hw/traffic_replay_hw.gen/sources_1/bd/traffic_replay_bd/ip/traffic_replay_bd_ddr4_3_0/bd_0/ip/ip_3/bd_3919_dlmb_0.xdc] for cell 'traffic_replay_bd_i/ddr4_3/inst/u_ddr4_mem_intfc/u_ddr_cal_riu/mcs0/inst/dlmb/U0'
Finished Parsing XDC File [/home/user/tr_4ddr_timingfix_runs/bd_4ddr_dual_20260708_001610/build/vivado_hw/traffic_replay_hw.gen/sources_1/bd/traffic_replay_bd/ip/traffic_replay_bd_ddr4_3_0/bd_0/ip/ip_3/bd_3919_dlmb_0.xdc] for cell 'traffic_replay_bd_i/ddr4_3/inst/u_ddr4_mem_intfc/u_ddr_cal_riu/mcs0/inst/dlmb/U0'
Parsing XDC File [/home/user/tr_4ddr_timingfix_runs/bd_4ddr_dual_20260708_001610/build/vivado_hw/traffic_replay_hw.gen/sources_1/bd/traffic_replay_bd/ip/traffic_replay_bd_rst_ddr_3_0/traffic_replay_bd_rst_ddr_3_0_board.xdc] for cell 'traffic_replay_bd_i/rst_ddr_3/U0'
Finished Parsing XDC File [/home/user/tr_4ddr_timingfix_runs/bd_4ddr_dual_20260708_001610/build/vivado_hw/traffic_replay_hw.gen/sources_1/bd/traffic_replay_bd/ip/traffic_replay_bd_rst_ddr_3_0/traffic_replay_bd_rst_ddr_3_0_board.xdc] for cell 'traffic_replay_bd_i/rst_ddr_3/U0'
Parsing XDC File [/home/user/tr_4ddr_timingfix_runs/bd_4ddr_dual_20260708_001610/build/vivado_hw/traffic_replay_hw.gen/sources_1/bd/traffic_replay_bd/ip/traffic_replay_bd_rst_ddr_2_0/traffic_replay_bd_rst_ddr_2_0.xdc] for cell 'traffic_replay_bd_i/rst_ddr_2/U0'
Finished Parsing XDC File [/home/user/tr_4ddr_timingfix_runs/bd_4ddr_dual_20260708_001610/build/vivado_hw/traffic_replay_hw.gen/sources_1/bd/traffic_replay_bd/ip/traffic_replay_bd_rst_ddr_2_0/traffic_replay_bd_rst_ddr_2_0.xdc] for cell 'traffic_replay_bd_i/rst_ddr_2/U0'
Parsing XDC File [/home/user/tr_4ddr_timingfix_runs/bd_4ddr_dual_20260708_001610/build/vivado_hw/traffic_replay_hw.gen/sources_1/bd/traffic_replay_bd/ip/traffic_replay_bd_rst_ddr_2_0/traffic_replay_bd_rst_ddr_2_0_board.xdc] for cell 'traffic_replay_bd_i/rst_ddr_2/U0'
Finished Parsing XDC File [/home/user/tr_4ddr_timingfix_runs/bd_4ddr_dual_20260708_001610/build/vivado_hw/traffic_replay_hw.gen/sources_1/bd/traffic_replay_bd/ip/traffic_replay_bd_rst_ddr_2_0/traffic_replay_bd_rst_ddr_2_0_board.xdc] for cell 'traffic_replay_bd_i/rst_ddr_2/U0'
Parsing XDC File [/home/user/tr_4ddr_timingfix_runs/bd_4ddr_dual_20260708_001610/build/vivado_hw/traffic_replay_hw.gen/sources_1/bd/traffic_replay_bd/ip/traffic_replay_bd_rst_ddr_1_0/traffic_replay_bd_rst_ddr_1_0.xdc] for cell 'traffic_replay_bd_i/rst_ddr_1/U0'
Finished Parsing XDC File [/home/user/tr_4ddr_timingfix_runs/bd_4ddr_dual_20260708_001610/build/vivado_hw/traffic_replay_hw.gen/sources_1/bd/traffic_replay_bd/ip/traffic_replay_bd_rst_ddr_1_0/traffic_replay_bd_rst_ddr_1_0.xdc] for cell 'traffic_replay_bd_i/rst_ddr_1/U0'
Parsing XDC File [/home/user/tr_4ddr_timingfix_runs/bd_4ddr_dual_20260708_001610/build/vivado_hw/traffic_replay_hw.gen/sources_1/bd/traffic_replay_bd/ip/traffic_replay_bd_rst_ddr_1_0/traffic_replay_bd_rst_ddr_1_0_board.xdc] for cell 'traffic_replay_bd_i/rst_ddr_1/U0'
Finished Parsing XDC File [/home/user/tr_4ddr_timingfix_runs/bd_4ddr_dual_20260708_001610/build/vivado_hw/traffic_replay_hw.gen/sources_1/bd/traffic_replay_bd/ip/traffic_replay_bd_rst_ddr_1_0/traffic_replay_bd_rst_ddr_1_0_board.xdc] for cell 'traffic_replay_bd_i/rst_ddr_1/U0'
Parsing XDC File [/home/user/tr_4ddr_timingfix_runs/bd_4ddr_dual_20260708_001610/build/vivado_hw/traffic_replay_hw.gen/sources_1/bd/traffic_replay_bd/ip/traffic_replay_bd_rst_ddr_0/traffic_replay_bd_rst_ddr_0.xdc] for cell 'traffic_replay_bd_i/rst_ddr/U0'
Finished Parsing XDC File [/home/user/tr_4ddr_timingfix_runs/bd_4ddr_dual_20260708_001610/build/vivado_hw/traffic_replay_hw.gen/sources_1/bd/traffic_replay_bd/ip/traffic_replay_bd_rst_ddr_0/traffic_replay_bd_rst_ddr_0.xdc] for cell 'traffic_replay_bd_i/rst_ddr/U0'
Parsing XDC File [/home/user/tr_4ddr_timingfix_runs/bd_4ddr_dual_20260708_001610/build/vivado_hw/traffic_replay_hw.gen/sources_1/bd/traffic_replay_bd/ip/traffic_replay_bd_rst_ddr_0/traffic_replay_bd_rst_ddr_0_board.xdc] for cell 'traffic_replay_bd_i/rst_ddr/U0'
Finished Parsing XDC File [/home/user/tr_4ddr_timingfix_runs/bd_4ddr_dual_20260708_001610/build/vivado_hw/traffic_replay_hw.gen/sources_1/bd/traffic_replay_bd/ip/traffic_replay_bd_rst_ddr_0/traffic_replay_bd_rst_ddr_0_board.xdc] for cell 'traffic_replay_bd_i/rst_ddr/U0'
Parsing XDC File [/home/user/tr_4ddr_timingfix_runs/bd_4ddr_dual_20260708_001610/build/vivado_hw/traffic_replay_hw.gen/sources_1/bd/traffic_replay_bd/ip/traffic_replay_bd_ddr4_0_0/bd_0/ip/ip_1/bd_8c5a_rst_0_0.xdc] for cell 'traffic_replay_bd_i/ddr4_0/inst/u_ddr4_mem_intfc/u_ddr_cal_riu/mcs0/inst/rst_0/U0'
Finished Parsing XDC File [/home/user/tr_4ddr_timingfix_runs/bd_4ddr_dual_20260708_001610/build/vivado_hw/traffic_replay_hw.gen/sources_1/bd/traffic_replay_bd/ip/traffic_replay_bd_ddr4_0_0/bd_0/ip/ip_1/bd_8c5a_rst_0_0.xdc] for cell 'traffic_replay_bd_i/ddr4_0/inst/u_ddr4_mem_intfc/u_ddr_cal_riu/mcs0/inst/rst_0/U0'
Parsing XDC File [/home/user/tr_4ddr_timingfix_runs/bd_4ddr_dual_20260708_001610/build/vivado_hw/traffic_replay_hw.gen/sources_1/bd/traffic_replay_bd/ip/traffic_replay_bd_ddr4_1_0/bd_0/ip/ip_1/bd_209a_rst_0_0.xdc] for cell 'traffic_replay_bd_i/ddr4_1/inst/u_ddr4_mem_intfc/u_ddr_cal_riu/mcs0/inst/rst_0/U0'
Finished Parsing XDC File [/home/user/tr_4ddr_timingfix_runs/bd_4ddr_dual_20260708_001610/build/vivado_hw/traffic_replay_hw.gen/sources_1/bd/traffic_replay_bd/ip/traffic_replay_bd_ddr4_1_0/bd_0/ip/ip_1/bd_209a_rst_0_0.xdc] for cell 'traffic_replay_bd_i/ddr4_1/inst/u_ddr4_mem_intfc/u_ddr_cal_riu/mcs0/inst/rst_0/U0'
Parsing XDC File [/home/user/tr_4ddr_timingfix_runs/bd_4ddr_dual_20260708_001610/build/vivado_hw/traffic_replay_hw.gen/sources_1/bd/traffic_replay_bd/ip/traffic_replay_bd_ddr4_1_0/bd_0/ip/ip_1/bd_209a_rst_0_0_board.xdc] for cell 'traffic_replay_bd_i/ddr4_1/inst/u_ddr4_mem_intfc/u_ddr_cal_riu/mcs0/inst/rst_0/U0'
Finished Parsing XDC File [/home/user/tr_4ddr_timingfix_runs/bd_4ddr_dual_20260708_001610/build/vivado_hw/traffic_replay_hw.gen/sources_1/bd/traffic_replay_bd/ip/traffic_replay_bd_ddr4_1_0/bd_0/ip/ip_1/bd_209a_rst_0_0_board.xdc] for cell 'traffic_replay_bd_i/ddr4_1/inst/u_ddr4_mem_intfc/u_ddr_cal_riu/mcs0/inst/rst_0/U0'
Parsing XDC File [/home/user/tr_4ddr_timingfix_runs/bd_4ddr_dual_20260708_001610/build/vivado_hw/traffic_replay_hw.gen/sources_1/bd/traffic_replay_bd/ip/traffic_replay_bd_ddr4_1_0/bd_0/ip/ip_0/bd_209a_microblaze_I_0.xdc] for cell 'traffic_replay_bd_i/ddr4_1/inst/u_ddr4_mem_intfc/u_ddr_cal_riu/mcs0/inst/microblaze_I/U0'
Finished Parsing XDC File [/home/user/tr_4ddr_timingfix_runs/bd_4ddr_dual_20260708_001610/build/vivado_hw/traffic_replay_hw.gen/sources_1/bd/traffic_replay_bd/ip/traffic_replay_bd_ddr4_1_0/bd_0/ip/ip_0/bd_209a_microblaze_I_0.xdc] for cell 'traffic_replay_bd_i/ddr4_1/inst/u_ddr4_mem_intfc/u_ddr_cal_riu/mcs0/inst/microblaze_I/U0'
Parsing XDC File [/home/user/tr_4ddr_timingfix_runs/bd_4ddr_dual_20260708_001610/build/vivado_hw/traffic_replay_hw.gen/sources_1/bd/traffic_replay_bd/ip/traffic_replay_bd_ddr4_0_0/par/traffic_replay_bd_ddr4_0_0.xdc] for cell 'traffic_replay_bd_i/ddr4_0/inst'
Finished Parsing XDC File [/home/user/tr_4ddr_timingfix_runs/bd_4ddr_dual_20260708_001610/build/vivado_hw/traffic_replay_hw.gen/sources_1/bd/traffic_replay_bd/ip/traffic_replay_bd_ddr4_0_0/par/traffic_replay_bd_ddr4_0_0.xdc] for cell 'traffic_replay_bd_i/ddr4_0/inst'
Parsing XDC File [/home/user/tr_4ddr_timingfix_runs/bd_4ddr_dual_20260708_001610/build/vivado_hw/traffic_replay_hw.gen/sources_1/bd/traffic_replay_bd/ip/traffic_replay_bd_ddr4_0_0/ip_0/traffic_replay_bd_ddr4_0_0_microblaze_mcs_board.xdc] for cell 'traffic_replay_bd_i/ddr4_0/inst/u_ddr4_mem_intfc/u_ddr_cal_riu/mcs0/inst'
Finished Parsing XDC File [/home/user/tr_4ddr_timingfix_runs/bd_4ddr_dual_20260708_001610/build/vivado_hw/traffic_replay_hw.gen/sources_1/bd/traffic_replay_bd/ip/traffic_replay_bd_ddr4_0_0/ip_0/traffic_replay_bd_ddr4_0_0_microblaze_mcs_board.xdc] for cell 'traffic_replay_bd_i/ddr4_0/inst/u_ddr4_mem_intfc/u_ddr_cal_riu/mcs0/inst'
Parsing XDC File [/home/user/tr_4ddr_timingfix_runs/bd_4ddr_dual_20260708_001610/build/vivado_hw/traffic_replay_hw.gen/sources_1/bd/traffic_replay_bd/ip/traffic_replay_bd_ddr4_0_0/bd_0/ip/ip_10/bd_8c5a_iomodule_0_0_board.xdc] for cell 'traffic_replay_bd_i/ddr4_0/inst/u_ddr4_mem_intfc/u_ddr_cal_riu/mcs0/inst/iomodule_0/U0'
Finished Parsing XDC File [/home/user/tr_4ddr_timingfix_runs/bd_4ddr_dual_20260708_001610/build/vivado_hw/traffic_replay_hw.gen/sources_1/bd/traffic_replay_bd/ip/traffic_replay_bd_ddr4_0_0/bd_0/ip/ip_10/bd_8c5a_iomodule_0_0_board.xdc] for cell 'traffic_replay_bd_i/ddr4_0/inst/u_ddr4_mem_intfc/u_ddr_cal_riu/mcs0/inst/iomodule_0/U0'
Parsing XDC File [/home/user/tr_4ddr_timingfix_runs/bd_4ddr_dual_20260708_001610/build/vivado_hw/traffic_replay_hw.gen/sources_1/bd/traffic_replay_bd/ip/traffic_replay_bd_ddr4_0_0/bd_0/ip/ip_3/bd_8c5a_dlmb_0.xdc] for cell 'traffic_replay_bd_i/ddr4_0/inst/u_ddr4_mem_intfc/u_ddr_cal_riu/mcs0/inst/dlmb/U0'
Finished Parsing XDC File [/home/user/tr_4ddr_timingfix_runs/bd_4ddr_dual_20260708_001610/build/vivado_hw/traffic_replay_hw.gen/sources_1/bd/traffic_replay_bd/ip/traffic_replay_bd_ddr4_0_0/bd_0/ip/ip_3/bd_8c5a_dlmb_0.xdc] for cell 'traffic_replay_bd_i/ddr4_0/inst/u_ddr4_mem_intfc/u_ddr_cal_riu/mcs0/inst/dlmb/U0'
Parsing XDC File [/home/user/tr_4ddr_timingfix_runs/bd_4ddr_dual_20260708_001610/build/vivado_hw/traffic_replay_hw.gen/sources_1/bd/traffic_replay_bd/ip/traffic_replay_bd_ddr4_0_0/bd_0/ip/ip_2/bd_8c5a_ilmb_0.xdc] for cell 'traffic_replay_bd_i/ddr4_0/inst/u_ddr4_mem_intfc/u_ddr_cal_riu/mcs0/inst/ilmb/U0'
Finished Parsing XDC File [/home/user/tr_4ddr_timingfix_runs/bd_4ddr_dual_20260708_001610/build/vivado_hw/traffic_replay_hw.gen/sources_1/bd/traffic_replay_bd/ip/traffic_replay_bd_ddr4_0_0/bd_0/ip/ip_2/bd_8c5a_ilmb_0.xdc] for cell 'traffic_replay_bd_i/ddr4_0/inst/u_ddr4_mem_intfc/u_ddr_cal_riu/mcs0/inst/ilmb/U0'
Parsing XDC File [/home/user/tr_4ddr_timingfix_runs/bd_4ddr_dual_20260708_001610/build/vivado_hw/traffic_replay_hw.gen/sources_1/bd/traffic_replay_bd/ip/traffic_replay_bd_ddr4_1_0/bd_0/ip/ip_2/bd_209a_ilmb_0.xdc] for cell 'traffic_replay_bd_i/ddr4_1/inst/u_ddr4_mem_intfc/u_ddr_cal_riu/mcs0/inst/ilmb/U0'
Finished Parsing XDC File [/home/user/tr_4ddr_timingfix_runs/bd_4ddr_dual_20260708_001610/build/vivado_hw/traffic_replay_hw.gen/sources_1/bd/traffic_replay_bd/ip/traffic_replay_bd_ddr4_1_0/bd_0/ip/ip_2/bd_209a_ilmb_0.xdc] for cell 'traffic_replay_bd_i/ddr4_1/inst/u_ddr4_mem_intfc/u_ddr_cal_riu/mcs0/inst/ilmb/U0'
Parsing XDC File [/home/user/tr_4ddr_timingfix_runs/bd_4ddr_dual_20260708_001610/build/vivado_hw/traffic_replay_hw.gen/sources_1/bd/traffic_replay_bd/ip/traffic_replay_bd_ddr4_0_0/bd_0/ip/ip_1/bd_8c5a_rst_0_0_board.xdc] for cell 'traffic_replay_bd_i/ddr4_0/inst/u_ddr4_mem_intfc/u_ddr_cal_riu/mcs0/inst/rst_0/U0'
Finished Parsing XDC File [/home/user/tr_4ddr_timingfix_runs/bd_4ddr_dual_20260708_001610/build/vivado_hw/traffic_replay_hw.gen/sources_1/bd/traffic_replay_bd/ip/traffic_replay_bd_ddr4_0_0/bd_0/ip/ip_1/bd_8c5a_rst_0_0_board.xdc] for cell 'traffic_replay_bd_i/ddr4_0/inst/u_ddr4_mem_intfc/u_ddr_cal_riu/mcs0/inst/rst_0/U0'
Parsing XDC File [/home/user/tr_4ddr_timingfix_runs/bd_4ddr_dual_20260708_001610/build/vivado_hw/traffic_replay_hw.gen/sources_1/bd/traffic_replay_bd/ip/traffic_replay_bd_ddr4_0_0/bd_0/ip/ip_0/bd_8c5a_microblaze_I_0.xdc] for cell 'traffic_replay_bd_i/ddr4_0/inst/u_ddr4_mem_intfc/u_ddr_cal_riu/mcs0/inst/microblaze_I/U0'
Finished Parsing XDC File [/home/user/tr_4ddr_timingfix_runs/bd_4ddr_dual_20260708_001610/build/vivado_hw/traffic_replay_hw.gen/sources_1/bd/traffic_replay_bd/ip/traffic_replay_bd_ddr4_0_0/bd_0/ip/ip_0/bd_8c5a_microblaze_I_0.xdc] for cell 'traffic_replay_bd_i/ddr4_0/inst/u_ddr4_mem_intfc/u_ddr_cal_riu/mcs0/inst/microblaze_I/U0'
Parsing XDC File [/home/user/tr_4ddr_timingfix_runs/bd_4ddr_dual_20260708_001610/build/vivado_hw/traffic_replay_hw.gen/sources_1/bd/traffic_replay_bd/ip/traffic_replay_bd_pcie_refclk_buf_0/traffic_replay_bd_pcie_refclk_buf_0.xdc] for cell 'traffic_replay_bd_i/pcie_refclk_buf/U0'
Finished Parsing XDC File [/home/user/tr_4ddr_timingfix_runs/bd_4ddr_dual_20260708_001610/build/vivado_hw/traffic_replay_hw.gen/sources_1/bd/traffic_replay_bd/ip/traffic_replay_bd_pcie_refclk_buf_0/traffic_replay_bd_pcie_refclk_buf_0.xdc] for cell 'traffic_replay_bd_i/pcie_refclk_buf/U0'
Parsing XDC File [/home/user/tr_4ddr_timingfix_runs/bd_4ddr_dual_20260708_001610/build/vivado_hw/traffic_replay_hw.gen/sources_1/bd/traffic_replay_bd/ip/traffic_replay_bd_pcie_refclk_buf_0/traffic_replay_bd_pcie_refclk_buf_0_board.xdc] for cell 'traffic_replay_bd_i/pcie_refclk_buf/U0'
Finished Parsing XDC File [/home/user/tr_4ddr_timingfix_runs/bd_4ddr_dual_20260708_001610/build/vivado_hw/traffic_replay_hw.gen/sources_1/bd/traffic_replay_bd/ip/traffic_replay_bd_pcie_refclk_buf_0/traffic_replay_bd_pcie_refclk_buf_0_board.xdc] for cell 'traffic_replay_bd_i/pcie_refclk_buf/U0'
Parsing XDC File [/home/user/tr_4ddr_timingfix_runs/bd_4ddr_dual_20260708_001610/build/vivado_hw/traffic_replay_hw.gen/sources_1/bd/traffic_replay_bd/ip/traffic_replay_bd_xdma_0_0/source/traffic_replay_bd_xdma_0_0_pcie4_uscaleplus_ip.xdc] for cell 'traffic_replay_bd_i/xdma_0/inst'
Finished Parsing XDC File [/home/user/tr_4ddr_timingfix_runs/bd_4ddr_dual_20260708_001610/build/vivado_hw/traffic_replay_hw.gen/sources_1/bd/traffic_replay_bd/ip/traffic_replay_bd_xdma_0_0/source/traffic_replay_bd_xdma_0_0_pcie4_uscaleplus_ip.xdc] for cell 'traffic_replay_bd_i/xdma_0/inst'
Parsing XDC File [/home/user/tr_4ddr_timingfix_runs/bd_4ddr_dual_20260708_001610/build/vivado_hw/traffic_replay_hw.gen/sources_1/bd/traffic_replay_bd/ip/traffic_replay_bd_xdma_0_0/traffic_replay_bd_xdma_0_0_board.xdc] for cell 'traffic_replay_bd_i/xdma_0/inst'
Finished Parsing XDC File [/home/user/tr_4ddr_timingfix_runs/bd_4ddr_dual_20260708_001610/build/vivado_hw/traffic_replay_hw.gen/sources_1/bd/traffic_replay_bd/ip/traffic_replay_bd_xdma_0_0/traffic_replay_bd_xdma_0_0_board.xdc] for cell 'traffic_replay_bd_i/xdma_0/inst'
Parsing XDC File [/home/user/tr_4ddr_timingfix_runs/bd_4ddr_dual_20260708_001610/build/vivado_hw/traffic_replay_hw.gen/sources_1/bd/traffic_replay_bd/ip/traffic_replay_bd_xdma_0_0/ip_0/source/ip_pcie4_uscale_plus_x1y2.xdc] for cell 'traffic_replay_bd_i/xdma_0/inst/pcie4_ip_i/inst'
INFO: [Power 33-23] Power model is not available for xiphy_riu_or [/home/user/tr_4ddr_timingfix_runs/bd_4ddr_dual_20260708_001610/build/vivado_hw/traffic_replay_hw.gen/sources_1/bd/traffic_replay_bd/ip/traffic_replay_bd_xdma_0_0/ip_0/source/ip_pcie4_uscale_plus_x1y2.xdc:267]
INFO: [Power 33-23] Power model is not available for genVref.u_hpio_vref [/home/user/tr_4ddr_timingfix_runs/bd_4ddr_dual_20260708_001610/build/vivado_hw/traffic_replay_hw.gen/sources_1/bd/traffic_replay_bd/ip/traffic_replay_bd_xdma_0_0/ip_0/source/ip_pcie4_uscale_plus_x1y2.xdc:267]
WARNING: [Timing 38-3] User defined clock exists on pin traffic_replay_bd_i/xdma_0/inst/pcie4_ip_i/inst/traffic_replay_bd_xdma_0_0_pcie4_ip_gt_top_i/diablo_gt.diablo_gt_phy_wrapper/gt_wizard.gtwizard_top_i/traffic_replay_bd_xdma_0_0_pcie4_ip_gt_i/inst/gen_gtwizard_gtye4_top.traffic_replay_bd_xdma_0_0_pcie4_ip_gt_gtwizard_gtye4_inst/gen_gtwizard_gtye4.gen_channel_container[32].gen_enabled_channel.gtye4_channel_wrapper_inst/channel_inst/gtye4_channel_gen.gen_gtye4_channel_inst[3].GTYE4_CHANNEL_PRIM_INST/TXOUTCLK [See /home/user/tr_4ddr_timingfix_runs/bd_4ddr_dual_20260708_001610/build/vivado_hw/traffic_replay_hw.gen/sources_1/bd/traffic_replay_bd/ip/traffic_replay_bd_xdma_0_0/ip_0/source/ip_pcie4_uscale_plus_x1y2.xdc:127] and will prevent any subsequent automatic derivation of generated clocks on that pin. If the user defined clock specifies '-add', any existing auto-derived clocks on that pin are retained. [/home/user/tr_4ddr_timingfix_runs/bd_4ddr_dual_20260708_001610/build/vivado_hw/traffic_replay_hw.gen/sources_1/bd/traffic_replay_bd/ip/traffic_replay_bd_xdma_0_0/ip_0/source/ip_pcie4_uscale_plus_x1y2.xdc:267]
INFO: [Timing 38-2] Deriving generated clocks [/home/user/tr_4ddr_timingfix_runs/bd_4ddr_dual_20260708_001610/build/vivado_hw/traffic_replay_hw.gen/sources_1/bd/traffic_replay_bd/ip/traffic_replay_bd_xdma_0_0/ip_0/source/ip_pcie4_uscale_plus_x1y2.xdc:267]
set_switching_activity: Time (s): cpu = 00:01:42 ; elapsed = 00:01:42 . Memory (MB): peak = 8051.113 ; gain = 1545.414 ; free physical = 75163 ; free virtual = 98009
Finished Parsing XDC File [/home/user/tr_4ddr_timingfix_runs/bd_4ddr_dual_20260708_001610/build/vivado_hw/traffic_replay_hw.gen/sources_1/bd/traffic_replay_bd/ip/traffic_replay_bd_xdma_0_0/ip_0/source/ip_pcie4_uscale_plus_x1y2.xdc] for cell 'traffic_replay_bd_i/xdma_0/inst/pcie4_ip_i/inst'
Parsing XDC File [/home/user/tr_4ddr_timingfix_runs/bd_4ddr_dual_20260708_001610/build/vivado_hw/traffic_replay_hw.gen/sources_1/bd/traffic_replay_bd/ip/traffic_replay_bd_ddr4_2_0/bd_0/ip/ip_2/bd_95d9_ilmb_0.xdc] for cell 'traffic_replay_bd_i/ddr4_2/inst/u_ddr4_mem_intfc/u_ddr_cal_riu/mcs0/inst/ilmb/U0'
Finished Parsing XDC File [/home/user/tr_4ddr_timingfix_runs/bd_4ddr_dual_20260708_001610/build/vivado_hw/traffic_replay_hw.gen/sources_1/bd/traffic_replay_bd/ip/traffic_replay_bd_ddr4_2_0/bd_0/ip/ip_2/bd_95d9_ilmb_0.xdc] for cell 'traffic_replay_bd_i/ddr4_2/inst/u_ddr4_mem_intfc/u_ddr_cal_riu/mcs0/inst/ilmb/U0'
Parsing XDC File [/home/user/tr_4ddr_timingfix_runs/bd_4ddr_dual_20260708_001610/build/vivado_hw/traffic_replay_hw.gen/sources_1/bd/traffic_replay_bd/ip/traffic_replay_bd_ddr4_3_0/bd_0/ip/ip_2/bd_3919_ilmb_0.xdc] for cell 'traffic_replay_bd_i/ddr4_3/inst/u_ddr4_mem_intfc/u_ddr_cal_riu/mcs0/inst/ilmb/U0'
Finished Parsing XDC File [/home/user/tr_4ddr_timingfix_runs/bd_4ddr_dual_20260708_001610/build/vivado_hw/traffic_replay_hw.gen/sources_1/bd/traffic_replay_bd/ip/traffic_replay_bd_ddr4_3_0/bd_0/ip/ip_2/bd_3919_ilmb_0.xdc] for cell 'traffic_replay_bd_i/ddr4_3/inst/u_ddr4_mem_intfc/u_ddr_cal_riu/mcs0/inst/ilmb/U0'
Parsing XDC File [/home/user/tr_4ddr_timingfix_runs/bd_4ddr_dual_20260708_001610/build/vivado_hw/traffic_replay_hw.gen/sources_1/bd/traffic_replay_bd/ip/traffic_replay_bd_ddr4_3_0/bd_0/ip/ip_1/bd_3919_rst_0_0.xdc] for cell 'traffic_replay_bd_i/ddr4_3/inst/u_ddr4_mem_intfc/u_ddr_cal_riu/mcs0/inst/rst_0/U0'
Finished Parsing XDC File [/home/user/tr_4ddr_timingfix_runs/bd_4ddr_dual_20260708_001610/build/vivado_hw/traffic_replay_hw.gen/sources_1/bd/traffic_replay_bd/ip/traffic_replay_bd_ddr4_3_0/bd_0/ip/ip_1/bd_3919_rst_0_0.xdc] for cell 'traffic_replay_bd_i/ddr4_3/inst/u_ddr4_mem_intfc/u_ddr_cal_riu/mcs0/inst/rst_0/U0'
Parsing XDC File [/home/user/tr_4ddr_timingfix_runs/bd_4ddr_dual_20260708_001610/build/vivado_hw/traffic_replay_hw.gen/sources_1/bd/traffic_replay_bd/ip/traffic_replay_bd_ddr4_3_0/bd_0/ip/ip_1/bd_3919_rst_0_0_board.xdc] for cell 'traffic_replay_bd_i/ddr4_3/inst/u_ddr4_mem_intfc/u_ddr_cal_riu/mcs0/inst/rst_0/U0'
Finished Parsing XDC File [/home/user/tr_4ddr_timingfix_runs/bd_4ddr_dual_20260708_001610/build/vivado_hw/traffic_replay_hw.gen/sources_1/bd/traffic_replay_bd/ip/traffic_replay_bd_ddr4_3_0/bd_0/ip/ip_1/bd_3919_rst_0_0_board.xdc] for cell 'traffic_replay_bd_i/ddr4_3/inst/u_ddr4_mem_intfc/u_ddr_cal_riu/mcs0/inst/rst_0/U0'
Parsing XDC File [/home/user/tr_4ddr_timingfix_runs/bd_4ddr_dual_20260708_001610/build/vivado_hw/traffic_replay_hw.gen/sources_1/bd/traffic_replay_bd/ip/traffic_replay_bd_ddr4_3_0/bd_0/ip/ip_0/bd_3919_microblaze_I_0.xdc] for cell 'traffic_replay_bd_i/ddr4_3/inst/u_ddr4_mem_intfc/u_ddr_cal_riu/mcs0/inst/microblaze_I/U0'
Finished Parsing XDC File [/home/user/tr_4ddr_timingfix_runs/bd_4ddr_dual_20260708_001610/build/vivado_hw/traffic_replay_hw.gen/sources_1/bd/traffic_replay_bd/ip/traffic_replay_bd_ddr4_3_0/bd_0/ip/ip_0/bd_3919_microblaze_I_0.xdc] for cell 'traffic_replay_bd_i/ddr4_3/inst/u_ddr4_mem_intfc/u_ddr_cal_riu/mcs0/inst/microblaze_I/U0'
Parsing XDC File [/home/user/tr_4ddr_timingfix_runs/bd_4ddr_dual_20260708_001610/build/vivado_hw/traffic_replay_hw.gen/sources_1/bd/traffic_replay_bd/ip/traffic_replay_bd_ddr4_2_0/par/traffic_replay_bd_ddr4_2_0.xdc] for cell 'traffic_replay_bd_i/ddr4_2/inst'
Finished Parsing XDC File [/home/user/tr_4ddr_timingfix_runs/bd_4ddr_dual_20260708_001610/build/vivado_hw/traffic_replay_hw.gen/sources_1/bd/traffic_replay_bd/ip/traffic_replay_bd_ddr4_2_0/par/traffic_replay_bd_ddr4_2_0.xdc] for cell 'traffic_replay_bd_i/ddr4_2/inst'
Parsing XDC File [/home/user/tr_4ddr_timingfix_runs/bd_4ddr_dual_20260708_001610/build/vivado_hw/traffic_replay_hw.gen/sources_1/bd/traffic_replay_bd/ip/traffic_replay_bd_ddr4_2_0/ip_0/traffic_replay_bd_ddr4_2_0_microblaze_mcs_board.xdc] for cell 'traffic_replay_bd_i/ddr4_2/inst/u_ddr4_mem_intfc/u_ddr_cal_riu/mcs0/inst'
Finished Parsing XDC File [/home/user/tr_4ddr_timingfix_runs/bd_4ddr_dual_20260708_001610/build/vivado_hw/traffic_replay_hw.gen/sources_1/bd/traffic_replay_bd/ip/traffic_replay_bd_ddr4_2_0/ip_0/traffic_replay_bd_ddr4_2_0_microblaze_mcs_board.xdc] for cell 'traffic_replay_bd_i/ddr4_2/inst/u_ddr4_mem_intfc/u_ddr_cal_riu/mcs0/inst'
Parsing XDC File [/home/user/tr_4ddr_timingfix_runs/bd_4ddr_dual_20260708_001610/build/vivado_hw/traffic_replay_hw.gen/sources_1/bd/traffic_replay_bd/ip/traffic_replay_bd_ddr4_2_0/bd_0/ip/ip_10/bd_95d9_iomodule_0_0_board.xdc] for cell 'traffic_replay_bd_i/ddr4_2/inst/u_ddr4_mem_intfc/u_ddr_cal_riu/mcs0/inst/iomodule_0/U0'
Finished Parsing XDC File [/home/user/tr_4ddr_timingfix_runs/bd_4ddr_dual_20260708_001610/build/vivado_hw/traffic_replay_hw.gen/sources_1/bd/traffic_replay_bd/ip/traffic_replay_bd_ddr4_2_0/bd_0/ip/ip_10/bd_95d9_iomodule_0_0_board.xdc] for cell 'traffic_replay_bd_i/ddr4_2/inst/u_ddr4_mem_intfc/u_ddr_cal_riu/mcs0/inst/iomodule_0/U0'
Parsing XDC File [/home/user/tr_4ddr_timingfix_runs/bd_4ddr_dual_20260708_001610/build/vivado_hw/traffic_replay_hw.gen/sources_1/bd/traffic_replay_bd/ip/traffic_replay_bd_ddr4_2_0/bd_0/ip/ip_3/bd_95d9_dlmb_0.xdc] for cell 'traffic_replay_bd_i/ddr4_2/inst/u_ddr4_mem_intfc/u_ddr_cal_riu/mcs0/inst/dlmb/U0'
Finished Parsing XDC File [/home/user/tr_4ddr_timingfix_runs/bd_4ddr_dual_20260708_001610/build/vivado_hw/traffic_replay_hw.gen/sources_1/bd/traffic_replay_bd/ip/traffic_replay_bd_ddr4_2_0/bd_0/ip/ip_3/bd_95d9_dlmb_0.xdc] for cell 'traffic_replay_bd_i/ddr4_2/inst/u_ddr4_mem_intfc/u_ddr_cal_riu/mcs0/inst/dlmb/U0'
Parsing XDC File [/home/user/tr_4ddr_timingfix_runs/bd_4ddr_dual_20260708_001610/build/vivado_hw/traffic_replay_hw.gen/sources_1/bd/traffic_replay_bd/ip/traffic_replay_bd_xdma_0_0/ip_0/ip_0/synth/traffic_replay_bd_xdma_0_0_pcie4_ip_gt.xdc] for cell 'traffic_replay_bd_i/xdma_0/inst/pcie4_ip_i/inst/traffic_replay_bd_xdma_0_0_pcie4_ip_gt_top_i/diablo_gt.diablo_gt_phy_wrapper/gt_wizard.gtwizard_top_i/traffic_replay_bd_xdma_0_0_pcie4_ip_gt_i/inst'
Finished Parsing XDC File [/home/user/tr_4ddr_timingfix_runs/bd_4ddr_dual_20260708_001610/build/vivado_hw/traffic_replay_hw.gen/sources_1/bd/traffic_replay_bd/ip/traffic_replay_bd_xdma_0_0/ip_0/ip_0/synth/traffic_replay_bd_xdma_0_0_pcie4_ip_gt.xdc] for cell 'traffic_replay_bd_i/xdma_0/inst/pcie4_ip_i/inst/traffic_replay_bd_xdma_0_0_pcie4_ip_gt_top_i/diablo_gt.diablo_gt_phy_wrapper/gt_wizard.gtwizard_top_i/traffic_replay_bd_xdma_0_0_pcie4_ip_gt_i/inst'
Parsing XDC File [/home/user/tr_4ddr_timingfix_runs/bd_4ddr_dual_20260708_001610/build/vivado_hw/traffic_replay_hw.gen/sources_1/bd/traffic_replay_bd/ip/traffic_replay_bd_ddr4_2_0/bd_0/ip/ip_1/bd_95d9_rst_0_0.xdc] for cell 'traffic_replay_bd_i/ddr4_2/inst/u_ddr4_mem_intfc/u_ddr_cal_riu/mcs0/inst/rst_0/U0'
Finished Parsing XDC File [/home/user/tr_4ddr_timingfix_runs/bd_4ddr_dual_20260708_001610/build/vivado_hw/traffic_replay_hw.gen/sources_1/bd/traffic_replay_bd/ip/traffic_replay_bd_ddr4_2_0/bd_0/ip/ip_1/bd_95d9_rst_0_0.xdc] for cell 'traffic_replay_bd_i/ddr4_2/inst/u_ddr4_mem_intfc/u_ddr_cal_riu/mcs0/inst/rst_0/U0'
Parsing XDC File [/home/user/tr_4ddr_timingfix_runs/bd_4ddr_dual_20260708_001610/build/vivado_hw/traffic_replay_hw.gen/sources_1/bd/traffic_replay_bd/ip/traffic_replay_bd_ddr4_2_0/bd_0/ip/ip_1/bd_95d9_rst_0_0_board.xdc] for cell 'traffic_replay_bd_i/ddr4_2/inst/u_ddr4_mem_intfc/u_ddr_cal_riu/mcs0/inst/rst_0/U0'
Finished Parsing XDC File [/home/user/tr_4ddr_timingfix_runs/bd_4ddr_dual_20260708_001610/build/vivado_hw/traffic_replay_hw.gen/sources_1/bd/traffic_replay_bd/ip/traffic_replay_bd_ddr4_2_0/bd_0/ip/ip_1/bd_95d9_rst_0_0_board.xdc] for cell 'traffic_replay_bd_i/ddr4_2/inst/u_ddr4_mem_intfc/u_ddr_cal_riu/mcs0/inst/rst_0/U0'
Parsing XDC File [/home/user/tr_4ddr_timingfix_runs/bd_4ddr_dual_20260708_001610/build/vivado_hw/traffic_replay_hw.gen/sources_1/bd/traffic_replay_bd/ip/traffic_replay_bd_ddr4_2_0/bd_0/ip/ip_0/bd_95d9_microblaze_I_0.xdc] for cell 'traffic_replay_bd_i/ddr4_2/inst/u_ddr4_mem_intfc/u_ddr_cal_riu/mcs0/inst/microblaze_I/U0'
Finished Parsing XDC File [/home/user/tr_4ddr_timingfix_runs/bd_4ddr_dual_20260708_001610/build/vivado_hw/traffic_replay_hw.gen/sources_1/bd/traffic_replay_bd/ip/traffic_replay_bd_ddr4_2_0/bd_0/ip/ip_0/bd_95d9_microblaze_I_0.xdc] for cell 'traffic_replay_bd_i/ddr4_2/inst/u_ddr4_mem_intfc/u_ddr_cal_riu/mcs0/inst/microblaze_I/U0'
Parsing XDC File [/home/user/tr_4ddr_timingfix_runs/bd_4ddr_dual_20260708_001610/build/vivado_hw/traffic_replay_hw.gen/sources_1/bd/traffic_replay_bd/ip/traffic_replay_bd_ddr4_1_0/par/traffic_replay_bd_ddr4_1_0.xdc] for cell 'traffic_replay_bd_i/ddr4_1/inst'
Finished Parsing XDC File [/home/user/tr_4ddr_timingfix_runs/bd_4ddr_dual_20260708_001610/build/vivado_hw/traffic_replay_hw.gen/sources_1/bd/traffic_replay_bd/ip/traffic_replay_bd_ddr4_1_0/par/traffic_replay_bd_ddr4_1_0.xdc] for cell 'traffic_replay_bd_i/ddr4_1/inst'
Parsing XDC File [/home/user/tr_4ddr_timingfix_runs/bd_4ddr_dual_20260708_001610/build/vivado_hw/traffic_replay_hw.gen/sources_1/bd/traffic_replay_bd/ip/traffic_replay_bd_ddr4_1_0/ip_0/traffic_replay_bd_ddr4_1_0_microblaze_mcs_board.xdc] for cell 'traffic_replay_bd_i/ddr4_1/inst/u_ddr4_mem_intfc/u_ddr_cal_riu/mcs0/inst'
Finished Parsing XDC File [/home/user/tr_4ddr_timingfix_runs/bd_4ddr_dual_20260708_001610/build/vivado_hw/traffic_replay_hw.gen/sources_1/bd/traffic_replay_bd/ip/traffic_replay_bd_ddr4_1_0/ip_0/traffic_replay_bd_ddr4_1_0_microblaze_mcs_board.xdc] for cell 'traffic_replay_bd_i/ddr4_1/inst/u_ddr4_mem_intfc/u_ddr_cal_riu/mcs0/inst'
Parsing XDC File [/home/user/tr_4ddr_timingfix_runs/bd_4ddr_dual_20260708_001610/build/vivado_hw/traffic_replay_hw.gen/sources_1/bd/traffic_replay_bd/ip/traffic_replay_bd_ddr4_1_0/bd_0/ip/ip_10/bd_209a_iomodule_0_0_board.xdc] for cell 'traffic_replay_bd_i/ddr4_1/inst/u_ddr4_mem_intfc/u_ddr_cal_riu/mcs0/inst/iomodule_0/U0'
Finished Parsing XDC File [/home/user/tr_4ddr_timingfix_runs/bd_4ddr_dual_20260708_001610/build/vivado_hw/traffic_replay_hw.gen/sources_1/bd/traffic_replay_bd/ip/traffic_replay_bd_ddr4_1_0/bd_0/ip/ip_10/bd_209a_iomodule_0_0_board.xdc] for cell 'traffic_replay_bd_i/ddr4_1/inst/u_ddr4_mem_intfc/u_ddr_cal_riu/mcs0/inst/iomodule_0/U0'
Parsing XDC File [/home/user/tr_4ddr_timingfix_runs/bd_4ddr_dual_20260708_001610/build/vivado_hw/traffic_replay_hw.gen/sources_1/bd/traffic_replay_bd/ip/traffic_replay_bd_ddr4_1_0/bd_0/ip/ip_3/bd_209a_dlmb_0.xdc] for cell 'traffic_replay_bd_i/ddr4_1/inst/u_ddr4_mem_intfc/u_ddr_cal_riu/mcs0/inst/dlmb/U0'
Finished Parsing XDC File [/home/user/tr_4ddr_timingfix_runs/bd_4ddr_dual_20260708_001610/build/vivado_hw/traffic_replay_hw.gen/sources_1/bd/traffic_replay_bd/ip/traffic_replay_bd_ddr4_1_0/bd_0/ip/ip_3/bd_209a_dlmb_0.xdc] for cell 'traffic_replay_bd_i/ddr4_1/inst/u_ddr4_mem_intfc/u_ddr_cal_riu/mcs0/inst/dlmb/U0'
Parsing XDC File [/home/user/tr_4ddr_timingfix_src/constraints/traffic_replay_u200.xdc]
Finished Parsing XDC File [/home/user/tr_4ddr_timingfix_src/constraints/traffic_replay_u200.xdc]
Parsing XDC File [/home/user/tr_4ddr_timingfix_src/constraints/traffic_replay_u200_qsfp1.xdc]
Finished Parsing XDC File [/home/user/tr_4ddr_timingfix_src/constraints/traffic_replay_u200_qsfp1.xdc]
Parsing XDC File [/home/user/tr_4ddr_timingfix_src/constraints/traffic_replay_u200_floorplan.xdc]
Finished Parsing XDC File [/home/user/tr_4ddr_timingfix_src/constraints/traffic_replay_u200_floorplan.xdc]
Parsing XDC File [/home/user/tr_4ddr_timingfix_runs/bd_4ddr_dual_20260708_001610/build/vivado_hw/traffic_replay_hw.gen/sources_1/bd/traffic_replay_bd/ip/traffic_replay_bd_xdma_0_0/ip_0/traffic_replay_bd_xdma_0_0_pcie4_ip_board.xdc] for cell 'traffic_replay_bd_i/xdma_0/inst/pcie4_ip_i/inst'
Finished Parsing XDC File [/home/user/tr_4ddr_timingfix_runs/bd_4ddr_dual_20260708_001610/build/vivado_hw/traffic_replay_hw.gen/sources_1/bd/traffic_replay_bd/ip/traffic_replay_bd_xdma_0_0/ip_0/traffic_replay_bd_xdma_0_0_pcie4_ip_board.xdc] for cell 'traffic_replay_bd_i/xdma_0/inst/pcie4_ip_i/inst'
Parsing XDC File [/home/user/tr_4ddr_timingfix_runs/bd_4ddr_dual_20260708_001610/build/vivado_hw/traffic_replay_hw.gen/sources_1/bd/traffic_replay_bd/ip/traffic_replay_bd_xdma_0_0/ip_0/synth/traffic_replay_bd_xdma_0_0_pcie4_ip_late.xdc] for cell 'traffic_replay_bd_i/xdma_0/inst/pcie4_ip_i/inst'
Finished Parsing XDC File [/home/user/tr_4ddr_timingfix_runs/bd_4ddr_dual_20260708_001610/build/vivado_hw/traffic_replay_hw.gen/sources_1/bd/traffic_replay_bd/ip/traffic_replay_bd_xdma_0_0/ip_0/synth/traffic_replay_bd_xdma_0_0_pcie4_ip_late.xdc] for cell 'traffic_replay_bd_i/xdma_0/inst/pcie4_ip_i/inst'
Parsing XDC File [/home/user/tr_4ddr_timingfix_runs/bd_4ddr_dual_20260708_001610/build/vivado_hw/traffic_replay_hw.gen/sources_1/bd/traffic_replay_bd/ip/traffic_replay_bd_ddr4_0_0/traffic_replay_bd_ddr4_0_0_board.xdc] for cell 'traffic_replay_bd_i/ddr4_0/inst'
Finished Parsing XDC File [/home/user/tr_4ddr_timingfix_runs/bd_4ddr_dual_20260708_001610/build/vivado_hw/traffic_replay_hw.gen/sources_1/bd/traffic_replay_bd/ip/traffic_replay_bd_ddr4_0_0/traffic_replay_bd_ddr4_0_0_board.xdc] for cell 'traffic_replay_bd_i/ddr4_0/inst'
Parsing XDC File [/home/user/tr_4ddr_timingfix_runs/bd_4ddr_dual_20260708_001610/build/vivado_hw/traffic_replay_hw.gen/sources_1/bd/traffic_replay_bd/ip/traffic_replay_bd_ddr4_1_0/traffic_replay_bd_ddr4_1_0_board.xdc] for cell 'traffic_replay_bd_i/ddr4_1/inst'
Finished Parsing XDC File [/home/user/tr_4ddr_timingfix_runs/bd_4ddr_dual_20260708_001610/build/vivado_hw/traffic_replay_hw.gen/sources_1/bd/traffic_replay_bd/ip/traffic_replay_bd_ddr4_1_0/traffic_replay_bd_ddr4_1_0_board.xdc] for cell 'traffic_replay_bd_i/ddr4_1/inst'
Parsing XDC File [/home/user/tr_4ddr_timingfix_runs/bd_4ddr_dual_20260708_001610/build/vivado_hw/traffic_replay_hw.gen/sources_1/bd/traffic_replay_bd/ip/traffic_replay_bd_ddr4_2_0/traffic_replay_bd_ddr4_2_0_board.xdc] for cell 'traffic_replay_bd_i/ddr4_2/inst'
Finished Parsing XDC File [/home/user/tr_4ddr_timingfix_runs/bd_4ddr_dual_20260708_001610/build/vivado_hw/traffic_replay_hw.gen/sources_1/bd/traffic_replay_bd/ip/traffic_replay_bd_ddr4_2_0/traffic_replay_bd_ddr4_2_0_board.xdc] for cell 'traffic_replay_bd_i/ddr4_2/inst'
Parsing XDC File [/home/user/tr_4ddr_timingfix_runs/bd_4ddr_dual_20260708_001610/build/vivado_hw/traffic_replay_hw.gen/sources_1/bd/traffic_replay_bd/ip/traffic_replay_bd_ddr4_3_0/traffic_replay_bd_ddr4_3_0_board.xdc] for cell 'traffic_replay_bd_i/ddr4_3/inst'
Finished Parsing XDC File [/home/user/tr_4ddr_timingfix_runs/bd_4ddr_dual_20260708_001610/build/vivado_hw/traffic_replay_hw.gen/sources_1/bd/traffic_replay_bd/ip/traffic_replay_bd_ddr4_3_0/traffic_replay_bd_ddr4_3_0_board.xdc] for cell 'traffic_replay_bd_i/ddr4_3/inst'
Parsing XDC File [/home/user/tr_4ddr_timingfix_runs/bd_4ddr_dual_20260708_001610/build/vivado_hw/traffic_replay_hw.gen/sources_1/bd/traffic_replay_bd/ip/traffic_replay_bd_ddr_axi_regslice_0/traffic_replay_bd_ddr_axi_regslice_0_clocks.xdc] for cell 'traffic_replay_bd_i/ddr_axi_regslice/inst'
WARNING: [Vivado_Tcl 4-921] Waiver ID 'CDC-7' -to list should not be empty. [/home/user/tr_4ddr_timingfix_runs/bd_4ddr_dual_20260708_001610/build/vivado_hw/traffic_replay_hw.gen/sources_1/bd/traffic_replay_bd/ip/traffic_replay_bd_ddr_axi_regslice_0/traffic_replay_bd_ddr_axi_regslice_0_clocks.xdc:10]
Finished Parsing XDC File [/home/user/tr_4ddr_timingfix_runs/bd_4ddr_dual_20260708_001610/build/vivado_hw/traffic_replay_hw.gen/sources_1/bd/traffic_replay_bd/ip/traffic_replay_bd_ddr_axi_regslice_0/traffic_replay_bd_ddr_axi_regslice_0_clocks.xdc] for cell 'traffic_replay_bd_i/ddr_axi_regslice/inst'
Parsing XDC File [/home/user/tr_4ddr_timingfix_runs/bd_4ddr_dual_20260708_001610/build/vivado_hw/traffic_replay_hw.gen/sources_1/bd/traffic_replay_bd/ip/traffic_replay_bd_ddr_bank1_cc_0/traffic_replay_bd_ddr_bank1_cc_0_clocks.xdc] for cell 'traffic_replay_bd_i/ddr_bank1_cc/inst'
Finished Parsing XDC File [/home/user/tr_4ddr_timingfix_runs/bd_4ddr_dual_20260708_001610/build/vivado_hw/traffic_replay_hw.gen/sources_1/bd/traffic_replay_bd/ip/traffic_replay_bd_ddr_bank1_cc_0/traffic_replay_bd_ddr_bank1_cc_0_clocks.xdc] for cell 'traffic_replay_bd_i/ddr_bank1_cc/inst'
Parsing XDC File [/home/user/tr_4ddr_timingfix_runs/bd_4ddr_dual_20260708_001610/build/vivado_hw/traffic_replay_hw.gen/sources_1/bd/traffic_replay_bd/ip/traffic_replay_bd_ddr_bank1_regslice_0/traffic_replay_bd_ddr_bank1_regslice_0_clocks.xdc] for cell 'traffic_replay_bd_i/ddr_bank1_regslice/inst'
WARNING: [Vivado_Tcl 4-921] Waiver ID 'CDC-7' -to list should not be empty. [/home/user/tr_4ddr_timingfix_runs/bd_4ddr_dual_20260708_001610/build/vivado_hw/traffic_replay_hw.gen/sources_1/bd/traffic_replay_bd/ip/traffic_replay_bd_ddr_bank1_regslice_0/traffic_replay_bd_ddr_bank1_regslice_0_clocks.xdc:10]
Finished Parsing XDC File [/home/user/tr_4ddr_timingfix_runs/bd_4ddr_dual_20260708_001610/build/vivado_hw/traffic_replay_hw.gen/sources_1/bd/traffic_replay_bd/ip/traffic_replay_bd_ddr_bank1_regslice_0/traffic_replay_bd_ddr_bank1_regslice_0_clocks.xdc] for cell 'traffic_replay_bd_i/ddr_bank1_regslice/inst'
Parsing XDC File [/home/user/tr_4ddr_timingfix_runs/bd_4ddr_dual_20260708_001610/build/vivado_hw/traffic_replay_hw.gen/sources_1/bd/traffic_replay_bd/ip/traffic_replay_bd_ddr_bank2_cc_0/traffic_replay_bd_ddr_bank2_cc_0_clocks.xdc] for cell 'traffic_replay_bd_i/ddr_bank2_cc/inst'
Finished Parsing XDC File [/home/user/tr_4ddr_timingfix_runs/bd_4ddr_dual_20260708_001610/build/vivado_hw/traffic_replay_hw.gen/sources_1/bd/traffic_replay_bd/ip/traffic_replay_bd_ddr_bank2_cc_0/traffic_replay_bd_ddr_bank2_cc_0_clocks.xdc] for cell 'traffic_replay_bd_i/ddr_bank2_cc/inst'
Parsing XDC File [/home/user/tr_4ddr_timingfix_runs/bd_4ddr_dual_20260708_001610/build/vivado_hw/traffic_replay_hw.gen/sources_1/bd/traffic_replay_bd/ip/traffic_replay_bd_ddr_bank2_regslice_0/traffic_replay_bd_ddr_bank2_regslice_0_clocks.xdc] for cell 'traffic_replay_bd_i/ddr_bank2_regslice/inst'
WARNING: [Vivado_Tcl 4-921] Waiver ID 'CDC-7' -to list should not be empty. [/home/user/tr_4ddr_timingfix_runs/bd_4ddr_dual_20260708_001610/build/vivado_hw/traffic_replay_hw.gen/sources_1/bd/traffic_replay_bd/ip/traffic_replay_bd_ddr_bank2_regslice_0/traffic_replay_bd_ddr_bank2_regslice_0_clocks.xdc:10]
Finished Parsing XDC File [/home/user/tr_4ddr_timingfix_runs/bd_4ddr_dual_20260708_001610/build/vivado_hw/traffic_replay_hw.gen/sources_1/bd/traffic_replay_bd/ip/traffic_replay_bd_ddr_bank2_regslice_0/traffic_replay_bd_ddr_bank2_regslice_0_clocks.xdc] for cell 'traffic_replay_bd_i/ddr_bank2_regslice/inst'
Parsing XDC File [/home/user/tr_4ddr_timingfix_runs/bd_4ddr_dual_20260708_001610/build/vivado_hw/traffic_replay_hw.gen/sources_1/bd/traffic_replay_bd/ip/traffic_replay_bd_ddr_bank3_cc_0/traffic_replay_bd_ddr_bank3_cc_0_clocks.xdc] for cell 'traffic_replay_bd_i/ddr_bank3_cc/inst'
Finished Parsing XDC File [/home/user/tr_4ddr_timingfix_runs/bd_4ddr_dual_20260708_001610/build/vivado_hw/traffic_replay_hw.gen/sources_1/bd/traffic_replay_bd/ip/traffic_replay_bd_ddr_bank3_cc_0/traffic_replay_bd_ddr_bank3_cc_0_clocks.xdc] for cell 'traffic_replay_bd_i/ddr_bank3_cc/inst'
Parsing XDC File [/home/user/tr_4ddr_timingfix_runs/bd_4ddr_dual_20260708_001610/build/vivado_hw/traffic_replay_hw.gen/sources_1/bd/traffic_replay_bd/ip/traffic_replay_bd_ddr_bank3_regslice_0/traffic_replay_bd_ddr_bank3_regslice_0_clocks.xdc] for cell 'traffic_replay_bd_i/ddr_bank3_regslice/inst'
WARNING: [Vivado_Tcl 4-921] Waiver ID 'CDC-7' -to list should not be empty. [/home/user/tr_4ddr_timingfix_runs/bd_4ddr_dual_20260708_001610/build/vivado_hw/traffic_replay_hw.gen/sources_1/bd/traffic_replay_bd/ip/traffic_replay_bd_ddr_bank3_regslice_0/traffic_replay_bd_ddr_bank3_regslice_0_clocks.xdc:10]
Finished Parsing XDC File [/home/user/tr_4ddr_timingfix_runs/bd_4ddr_dual_20260708_001610/build/vivado_hw/traffic_replay_hw.gen/sources_1/bd/traffic_replay_bd/ip/traffic_replay_bd_ddr_bank3_regslice_0/traffic_replay_bd_ddr_bank3_regslice_0_clocks.xdc] for cell 'traffic_replay_bd_i/ddr_bank3_regslice/inst'
Parsing XDC File [/home/user/tr_4ddr_timingfix_runs/bd_4ddr_dual_20260708_001610/build/vivado_hw/traffic_replay_hw.gen/sources_1/bd/traffic_replay_bd/ip/traffic_replay_bd_xdma_to_ddr_cc_0/traffic_replay_bd_xdma_to_ddr_cc_0_clocks.xdc] for cell 'traffic_replay_bd_i/xdma_to_ddr_cc/inst'
Finished Parsing XDC File [/home/user/tr_4ddr_timingfix_runs/bd_4ddr_dual_20260708_001610/build/vivado_hw/traffic_replay_hw.gen/sources_1/bd/traffic_replay_bd/ip/traffic_replay_bd_xdma_to_ddr_cc_0/traffic_replay_bd_xdma_to_ddr_cc_0_clocks.xdc] for cell 'traffic_replay_bd_i/xdma_to_ddr_cc/inst'
Parsing XDC File [/home/user/tr_4ddr_timingfix_runs/bd_4ddr_dual_20260708_001610/build/vivado_hw/traffic_replay_hw.gen/sources_1/bd/traffic_replay_bd/ip/traffic_replay_bd_axil_ctrl_cc_0/traffic_replay_bd_axil_ctrl_cc_0_clocks.xdc] for cell 'traffic_replay_bd_i/axil_ctrl_cc/inst'
WARNING: [Vivado_Tcl 4-921] Waiver ID 'CDC-10' -to list should not be empty. [/home/user/tr_4ddr_timingfix_runs/bd_4ddr_dual_20260708_001610/build/vivado_hw/traffic_replay_hw.gen/sources_1/bd/traffic_replay_bd/ip/traffic_replay_bd_axil_ctrl_cc_0/traffic_replay_bd_axil_ctrl_cc_0_clocks.xdc:7]
WARNING: [Vivado_Tcl 4-921] Waiver ID 'CDC-11' -to list should not be empty. [/home/user/tr_4ddr_timingfix_runs/bd_4ddr_dual_20260708_001610/build/vivado_hw/traffic_replay_hw.gen/sources_1/bd/traffic_replay_bd/ip/traffic_replay_bd_axil_ctrl_cc_0/traffic_replay_bd_axil_ctrl_cc_0_clocks.xdc:10]
WARNING: [Vivado_Tcl 4-921] Waiver ID 'CDC-15' -to list should not be empty. [/home/user/tr_4ddr_timingfix_runs/bd_4ddr_dual_20260708_001610/build/vivado_hw/traffic_replay_hw.gen/sources_1/bd/traffic_replay_bd/ip/traffic_replay_bd_axil_ctrl_cc_0/traffic_replay_bd_axil_ctrl_cc_0_clocks.xdc:13]
WARNING: [Vivado_Tcl 4-939] Waiver ID 'LUTAR-1' object list should not be empty (perhaps an invalid wildcard was used or only unsupported objects). [/home/user/tr_4ddr_timingfix_runs/bd_4ddr_dual_20260708_001610/build/vivado_hw/traffic_replay_hw.gen/sources_1/bd/traffic_replay_bd/ip/traffic_replay_bd_axil_ctrl_cc_0/traffic_replay_bd_axil_ctrl_cc_0_clocks.xdc:17]
Finished Parsing XDC File [/home/user/tr_4ddr_timingfix_runs/bd_4ddr_dual_20260708_001610/build/vivado_hw/traffic_replay_hw.gen/sources_1/bd/traffic_replay_bd/ip/traffic_replay_bd_axil_ctrl_cc_0/traffic_replay_bd_axil_ctrl_cc_0_clocks.xdc] for cell 'traffic_replay_bd_i/axil_ctrl_cc/inst'
Parsing XDC File [/home/user/tr_4ddr_timingfix_runs/bd_4ddr_dual_20260708_001610/build/vivado_hw/traffic_replay_hw.gen/sources_1/bd/traffic_replay_bd/ip/traffic_replay_bd_ctrl_ddr_regslice_0/traffic_replay_bd_ctrl_ddr_regslice_0_clocks.xdc] for cell 'traffic_replay_bd_i/ctrl_ddr_regslice/inst'
WARNING: [Vivado_Tcl 4-921] Waiver ID 'CDC-7' -to list should not be empty. [/home/user/tr_4ddr_timingfix_runs/bd_4ddr_dual_20260708_001610/build/vivado_hw/traffic_replay_hw.gen/sources_1/bd/traffic_replay_bd/ip/traffic_replay_bd_ctrl_ddr_regslice_0/traffic_replay_bd_ctrl_ddr_regslice_0_clocks.xdc:10]
Finished Parsing XDC File [/home/user/tr_4ddr_timingfix_runs/bd_4ddr_dual_20260708_001610/build/vivado_hw/traffic_replay_hw.gen/sources_1/bd/traffic_replay_bd/ip/traffic_replay_bd_ctrl_ddr_regslice_0/traffic_replay_bd_ctrl_ddr_regslice_0_clocks.xdc] for cell 'traffic_replay_bd_i/ctrl_ddr_regslice/inst'
Parsing XDC File [/home/user/tr_4ddr_timingfix_runs/bd_4ddr_dual_20260708_001610/build/vivado_hw/traffic_replay_hw.gen/sources_1/bd/traffic_replay_bd/ip/traffic_replay_bd_ctrl_ddr1_cc_0/traffic_replay_bd_ctrl_ddr1_cc_0_clocks.xdc] for cell 'traffic_replay_bd_i/ctrl_ddr1_cc/inst'
WARNING: [Vivado_Tcl 4-921] Waiver ID 'CDC-10' -to list should not be empty. [/home/user/tr_4ddr_timingfix_runs/bd_4ddr_dual_20260708_001610/build/vivado_hw/traffic_replay_hw.gen/sources_1/bd/traffic_replay_bd/ip/traffic_replay_bd_ctrl_ddr1_cc_0/traffic_replay_bd_ctrl_ddr1_cc_0_clocks.xdc:7]
WARNING: [Vivado_Tcl 4-921] Waiver ID 'CDC-11' -to list should not be empty. [/home/user/tr_4ddr_timingfix_runs/bd_4ddr_dual_20260708_001610/build/vivado_hw/traffic_replay_hw.gen/sources_1/bd/traffic_replay_bd/ip/traffic_replay_bd_ctrl_ddr1_cc_0/traffic_replay_bd_ctrl_ddr1_cc_0_clocks.xdc:10]
WARNING: [Vivado_Tcl 4-921] Waiver ID 'CDC-15' -to list should not be empty. [/home/user/tr_4ddr_timingfix_runs/bd_4ddr_dual_20260708_001610/build/vivado_hw/traffic_replay_hw.gen/sources_1/bd/traffic_replay_bd/ip/traffic_replay_bd_ctrl_ddr1_cc_0/traffic_replay_bd_ctrl_ddr1_cc_0_clocks.xdc:13]
WARNING: [Vivado_Tcl 4-939] Waiver ID 'LUTAR-1' object list should not be empty (perhaps an invalid wildcard was used or only unsupported objects). [/home/user/tr_4ddr_timingfix_runs/bd_4ddr_dual_20260708_001610/build/vivado_hw/traffic_replay_hw.gen/sources_1/bd/traffic_replay_bd/ip/traffic_replay_bd_ctrl_ddr1_cc_0/traffic_replay_bd_ctrl_ddr1_cc_0_clocks.xdc:17]
Finished Parsing XDC File [/home/user/tr_4ddr_timingfix_runs/bd_4ddr_dual_20260708_001610/build/vivado_hw/traffic_replay_hw.gen/sources_1/bd/traffic_replay_bd/ip/traffic_replay_bd_ctrl_ddr1_cc_0/traffic_replay_bd_ctrl_ddr1_cc_0_clocks.xdc] for cell 'traffic_replay_bd_i/ctrl_ddr1_cc/inst'
Parsing XDC File [/home/user/tr_4ddr_timingfix_runs/bd_4ddr_dual_20260708_001610/build/vivado_hw/traffic_replay_hw.gen/sources_1/bd/traffic_replay_bd/ip/traffic_replay_bd_ctrl_ddr2_cc_0/traffic_replay_bd_ctrl_ddr2_cc_0_clocks.xdc] for cell 'traffic_replay_bd_i/ctrl_ddr2_cc/inst'
WARNING: [Vivado_Tcl 4-921] Waiver ID 'CDC-10' -to list should not be empty. [/home/user/tr_4ddr_timingfix_runs/bd_4ddr_dual_20260708_001610/build/vivado_hw/traffic_replay_hw.gen/sources_1/bd/traffic_replay_bd/ip/traffic_replay_bd_ctrl_ddr2_cc_0/traffic_replay_bd_ctrl_ddr2_cc_0_clocks.xdc:7]
WARNING: [Vivado_Tcl 4-921] Waiver ID 'CDC-11' -to list should not be empty. [/home/user/tr_4ddr_timingfix_runs/bd_4ddr_dual_20260708_001610/build/vivado_hw/traffic_replay_hw.gen/sources_1/bd/traffic_replay_bd/ip/traffic_replay_bd_ctrl_ddr2_cc_0/traffic_replay_bd_ctrl_ddr2_cc_0_clocks.xdc:10]
WARNING: [Vivado_Tcl 4-921] Waiver ID 'CDC-15' -to list should not be empty. [/home/user/tr_4ddr_timingfix_runs/bd_4ddr_dual_20260708_001610/build/vivado_hw/traffic_replay_hw.gen/sources_1/bd/traffic_replay_bd/ip/traffic_replay_bd_ctrl_ddr2_cc_0/traffic_replay_bd_ctrl_ddr2_cc_0_clocks.xdc:13]
WARNING: [Vivado_Tcl 4-939] Waiver ID 'LUTAR-1' object list should not be empty (perhaps an invalid wildcard was used or only unsupported objects). [/home/user/tr_4ddr_timingfix_runs/bd_4ddr_dual_20260708_001610/build/vivado_hw/traffic_replay_hw.gen/sources_1/bd/traffic_replay_bd/ip/traffic_replay_bd_ctrl_ddr2_cc_0/traffic_replay_bd_ctrl_ddr2_cc_0_clocks.xdc:17]
Finished Parsing XDC File [/home/user/tr_4ddr_timingfix_runs/bd_4ddr_dual_20260708_001610/build/vivado_hw/traffic_replay_hw.gen/sources_1/bd/traffic_replay_bd/ip/traffic_replay_bd_ctrl_ddr2_cc_0/traffic_replay_bd_ctrl_ddr2_cc_0_clocks.xdc] for cell 'traffic_replay_bd_i/ctrl_ddr2_cc/inst'
Parsing XDC File [/home/user/tr_4ddr_timingfix_runs/bd_4ddr_dual_20260708_001610/build/vivado_hw/traffic_replay_hw.gen/sources_1/bd/traffic_replay_bd/ip/traffic_replay_bd_ctrl_ddr3_cc_0/traffic_replay_bd_ctrl_ddr3_cc_0_clocks.xdc] for cell 'traffic_replay_bd_i/ctrl_ddr3_cc/inst'
WARNING: [Vivado_Tcl 4-921] Waiver ID 'CDC-10' -to list should not be empty. [/home/user/tr_4ddr_timingfix_runs/bd_4ddr_dual_20260708_001610/build/vivado_hw/traffic_replay_hw.gen/sources_1/bd/traffic_replay_bd/ip/traffic_replay_bd_ctrl_ddr3_cc_0/traffic_replay_bd_ctrl_ddr3_cc_0_clocks.xdc:7]
WARNING: [Vivado_Tcl 4-921] Waiver ID 'CDC-11' -to list should not be empty. [/home/user/tr_4ddr_timingfix_runs/bd_4ddr_dual_20260708_001610/build/vivado_hw/traffic_replay_hw.gen/sources_1/bd/traffic_replay_bd/ip/traffic_replay_bd_ctrl_ddr3_cc_0/traffic_replay_bd_ctrl_ddr3_cc_0_clocks.xdc:10]
WARNING: [Vivado_Tcl 4-921] Waiver ID 'CDC-15' -to list should not be empty. [/home/user/tr_4ddr_timingfix_runs/bd_4ddr_dual_20260708_001610/build/vivado_hw/traffic_replay_hw.gen/sources_1/bd/traffic_replay_bd/ip/traffic_replay_bd_ctrl_ddr3_cc_0/traffic_replay_bd_ctrl_ddr3_cc_0_clocks.xdc:13]
WARNING: [Vivado_Tcl 4-939] Waiver ID 'LUTAR-1' object list should not be empty (perhaps an invalid wildcard was used or only unsupported objects). [/home/user/tr_4ddr_timingfix_runs/bd_4ddr_dual_20260708_001610/build/vivado_hw/traffic_replay_hw.gen/sources_1/bd/traffic_replay_bd/ip/traffic_replay_bd_ctrl_ddr3_cc_0/traffic_replay_bd_ctrl_ddr3_cc_0_clocks.xdc:17]
Finished Parsing XDC File [/home/user/tr_4ddr_timingfix_runs/bd_4ddr_dual_20260708_001610/build/vivado_hw/traffic_replay_hw.gen/sources_1/bd/traffic_replay_bd/ip/traffic_replay_bd_ctrl_ddr3_cc_0/traffic_replay_bd_ctrl_ddr3_cc_0_clocks.xdc] for cell 'traffic_replay_bd_i/ctrl_ddr3_cc/inst'
Parsing XDC File [/home/user/tr_4ddr_timingfix_runs/bd_4ddr_dual_20260708_001610/build/vivado_hw/traffic_replay_hw.gen/sources_1/bd/traffic_replay_bd/ip/traffic_replay_bd_ctrl_replay1_cc_0/traffic_replay_bd_ctrl_replay1_cc_0_clocks.xdc] for cell 'traffic_replay_bd_i/ctrl_replay1_cc/inst'
WARNING: [Vivado_Tcl 4-921] Waiver ID 'CDC-10' -to list should not be empty. [/home/user/tr_4ddr_timingfix_runs/bd_4ddr_dual_20260708_001610/build/vivado_hw/traffic_replay_hw.gen/sources_1/bd/traffic_replay_bd/ip/traffic_replay_bd_ctrl_replay1_cc_0/traffic_replay_bd_ctrl_replay1_cc_0_clocks.xdc:7]
WARNING: [Vivado_Tcl 4-921] Waiver ID 'CDC-11' -to list should not be empty. [/home/user/tr_4ddr_timingfix_runs/bd_4ddr_dual_20260708_001610/build/vivado_hw/traffic_replay_hw.gen/sources_1/bd/traffic_replay_bd/ip/traffic_replay_bd_ctrl_replay1_cc_0/traffic_replay_bd_ctrl_replay1_cc_0_clocks.xdc:10]
WARNING: [Vivado_Tcl 4-921] Waiver ID 'CDC-15' -to list should not be empty. [/home/user/tr_4ddr_timingfix_runs/bd_4ddr_dual_20260708_001610/build/vivado_hw/traffic_replay_hw.gen/sources_1/bd/traffic_replay_bd/ip/traffic_replay_bd_ctrl_replay1_cc_0/traffic_replay_bd_ctrl_replay1_cc_0_clocks.xdc:13]
WARNING: [Vivado_Tcl 4-939] Waiver ID 'LUTAR-1' object list should not be empty (perhaps an invalid wildcard was used or only unsupported objects). [/home/user/tr_4ddr_timingfix_runs/bd_4ddr_dual_20260708_001610/build/vivado_hw/traffic_replay_hw.gen/sources_1/bd/traffic_replay_bd/ip/traffic_replay_bd_ctrl_replay1_cc_0/traffic_replay_bd_ctrl_replay1_cc_0_clocks.xdc:17]
Finished Parsing XDC File [/home/user/tr_4ddr_timingfix_runs/bd_4ddr_dual_20260708_001610/build/vivado_hw/traffic_replay_hw.gen/sources_1/bd/traffic_replay_bd/ip/traffic_replay_bd_ctrl_replay1_cc_0/traffic_replay_bd_ctrl_replay1_cc_0_clocks.xdc] for cell 'traffic_replay_bd_i/ctrl_replay1_cc/inst'
Parsing XDC File [/home/user/tr_4ddr_timingfix_runs/bd_4ddr_dual_20260708_001610/build/vivado_hw/traffic_replay_hw.gen/sources_1/bd/traffic_replay_bd/ip/traffic_replay_bd_ctrl_rx1_cc_0/traffic_replay_bd_ctrl_rx1_cc_0_clocks.xdc] for cell 'traffic_replay_bd_i/ctrl_rx1_cc/inst'
WARNING: [Vivado_Tcl 4-921] Waiver ID 'CDC-10' -to list should not be empty. [/home/user/tr_4ddr_timingfix_runs/bd_4ddr_dual_20260708_001610/build/vivado_hw/traffic_replay_hw.gen/sources_1/bd/traffic_replay_bd/ip/traffic_replay_bd_ctrl_rx1_cc_0/traffic_replay_bd_ctrl_rx1_cc_0_clocks.xdc:7]
WARNING: [Vivado_Tcl 4-921] Waiver ID 'CDC-11' -to list should not be empty. [/home/user/tr_4ddr_timingfix_runs/bd_4ddr_dual_20260708_001610/build/vivado_hw/traffic_replay_hw.gen/sources_1/bd/traffic_replay_bd/ip/traffic_replay_bd_ctrl_rx1_cc_0/traffic_replay_bd_ctrl_rx1_cc_0_clocks.xdc:10]
WARNING: [Vivado_Tcl 4-921] Waiver ID 'CDC-15' -to list should not be empty. [/home/user/tr_4ddr_timingfix_runs/bd_4ddr_dual_20260708_001610/build/vivado_hw/traffic_replay_hw.gen/sources_1/bd/traffic_replay_bd/ip/traffic_replay_bd_ctrl_rx1_cc_0/traffic_replay_bd_ctrl_rx1_cc_0_clocks.xdc:13]
WARNING: [Vivado_Tcl 4-939] Waiver ID 'LUTAR-1' object list should not be empty (perhaps an invalid wildcard was used or only unsupported objects). [/home/user/tr_4ddr_timingfix_runs/bd_4ddr_dual_20260708_001610/build/vivado_hw/traffic_replay_hw.gen/sources_1/bd/traffic_replay_bd/ip/traffic_replay_bd_ctrl_rx1_cc_0/traffic_replay_bd_ctrl_rx1_cc_0_clocks.xdc:17]
Finished Parsing XDC File [/home/user/tr_4ddr_timingfix_runs/bd_4ddr_dual_20260708_001610/build/vivado_hw/traffic_replay_hw.gen/sources_1/bd/traffic_replay_bd/ip/traffic_replay_bd_ctrl_rx1_cc_0/traffic_replay_bd_ctrl_rx1_cc_0_clocks.xdc] for cell 'traffic_replay_bd_i/ctrl_rx1_cc/inst'
Parsing XDC File [/home/user/tr_4ddr_timingfix_runs/bd_4ddr_dual_20260708_001610/build/vivado_hw/traffic_replay_hw.gen/sources_1/bd/traffic_replay_bd/ip/traffic_replay_bd_ctrl_rx0_cc_0/traffic_replay_bd_ctrl_rx0_cc_0_clocks.xdc] for cell 'traffic_replay_bd_i/ctrl_rx0_cc/inst'
WARNING: [Vivado_Tcl 4-921] Waiver ID 'CDC-10' -to list should not be empty. [/home/user/tr_4ddr_timingfix_runs/bd_4ddr_dual_20260708_001610/build/vivado_hw/traffic_replay_hw.gen/sources_1/bd/traffic_replay_bd/ip/traffic_replay_bd_ctrl_rx0_cc_0/traffic_replay_bd_ctrl_rx0_cc_0_clocks.xdc:7]
WARNING: [Vivado_Tcl 4-921] Waiver ID 'CDC-11' -to list should not be empty. [/home/user/tr_4ddr_timingfix_runs/bd_4ddr_dual_20260708_001610/build/vivado_hw/traffic_replay_hw.gen/sources_1/bd/traffic_replay_bd/ip/traffic_replay_bd_ctrl_rx0_cc_0/traffic_replay_bd_ctrl_rx0_cc_0_clocks.xdc:10]
WARNING: [Vivado_Tcl 4-921] Waiver ID 'CDC-15' -to list should not be empty. [/home/user/tr_4ddr_timingfix_runs/bd_4ddr_dual_20260708_001610/build/vivado_hw/traffic_replay_hw.gen/sources_1/bd/traffic_replay_bd/ip/traffic_replay_bd_ctrl_rx0_cc_0/traffic_replay_bd_ctrl_rx0_cc_0_clocks.xdc:13]
WARNING: [Vivado_Tcl 4-939] Waiver ID 'LUTAR-1' object list should not be empty (perhaps an invalid wildcard was used or only unsupported objects). [/home/user/tr_4ddr_timingfix_runs/bd_4ddr_dual_20260708_001610/build/vivado_hw/traffic_replay_hw.gen/sources_1/bd/traffic_replay_bd/ip/traffic_replay_bd_ctrl_rx0_cc_0/traffic_replay_bd_ctrl_rx0_cc_0_clocks.xdc:17]
Finished Parsing XDC File [/home/user/tr_4ddr_timingfix_runs/bd_4ddr_dual_20260708_001610/build/vivado_hw/traffic_replay_hw.gen/sources_1/bd/traffic_replay_bd/ip/traffic_replay_bd_ctrl_rx0_cc_0/traffic_replay_bd_ctrl_rx0_cc_0_clocks.xdc] for cell 'traffic_replay_bd_i/ctrl_rx0_cc/inst'
WARNING: [Vivado_Tcl 4-919] Waiver ID 'CDC-15' -from list should not be empty. [/tools/Xilinx/Vivado/2020.2/data/ip/xpm/xpm_cdc/tcl/xpm_cdc_handshake.tcl:30]
WARNING: [Vivado_Tcl 4-919] Waiver ID 'CDC-15' -from list should not be empty. [/tools/Xilinx/Vivado/2020.2/data/ip/xpm/xpm_cdc/tcl/xpm_cdc_handshake.tcl:30]
WARNING: [Vivado_Tcl 4-919] Waiver ID 'CDC-15' -from list should not be empty. [/tools/Xilinx/Vivado/2020.2/data/ip/xpm/xpm_cdc/tcl/xpm_cdc_handshake.tcl:30]
INFO: [Project 1-1715] 5 XPM XDC files have been applied to the design.
INFO: [Opt 31-138] Pushed 0 inverter(s) to 0 load pin(s).
Generating merged BMM file for the design top 'traffic_replay_bd_wrapper'...
INFO: [Memdata 28-144] Successfully populated the BRAM INIT strings from the following elf files: /home/user/tr_4ddr_timingfix_runs/bd_4ddr_dual_20260708_001610/build/vivado_hw/traffic_replay_hw.gen/sources_1/bd/traffic_replay_bd/ip/traffic_replay_bd_ddr4_0_0/sw/calibration_0/Debug/calibration_ddr.elf /home/user/tr_4ddr_timingfix_runs/bd_4ddr_dual_20260708_001610/build/vivado_hw/traffic_replay_hw.gen/sources_1/bd/traffic_replay_bd/ip/traffic_replay_bd_ddr4_1_0/sw/calibration_0/Debug/calibration_ddr.elf /home/user/tr_4ddr_timingfix_runs/bd_4ddr_dual_20260708_001610/build/vivado_hw/traffic_replay_hw.gen/sources_1/bd/traffic_replay_bd/ip/traffic_replay_bd_ddr4_2_0/sw/calibration_0/Debug/calibration_ddr.elf /home/user/tr_4ddr_timingfix_runs/bd_4ddr_dual_20260708_001610/build/vivado_hw/traffic_replay_hw.gen/sources_1/bd/traffic_replay_bd/ip/traffic_replay_bd_ddr4_3_0/sw/calibration_0/Debug/calibration_ddr.elf 
INFO: [Project 1-1687] 34 scoped IP constraints or related sub-commands were skipped due to synthesis logic optimizations usually triggered by constant connectivity or unconnected output pins. To review the skipped constraints and messages, run the command 'set_param netlist.IPMsgFiltering false' before opening the design.
Netlist sorting complete. Time (s): cpu = 00:00:00.09 ; elapsed = 00:00:00.09 . Memory (MB): peak = 8939.547 ; gain = 0.000 ; free physical = 76210 ; free virtual = 99056
INFO: [Project 1-111] Unisim Transformation Summary:
  A total of 8150 instances were transformed.
  DSP48E1 => DSP48E2 (DSP_ALU, DSP_A_B_DATA, DSP_C_DATA, DSP_MULTIPLIER, DSP_M_DATA, DSP_OUTPUT, DSP_PREADD, DSP_PREADD_DATA): 12 instances
  IBUF => IBUF (IBUFCTRL, INBUF): 1 instance 
  IBUFDS => IBUFDS (DIFFINBUF, IBUFCTRL): 4 instances
  IOBUFDS => IOBUFDS (DIFFINBUF, IBUFCTRL, INV, OBUFT(x2)): 72 instances
  IOBUFE3 => IOBUFE3 (IBUFCTRL, INBUF, OBUFT_DCIEN): 288 instances
  LUT6_2 => LUT6_2 (LUT5, LUT6): 124 instances
  OBUFDS => OBUFDS_DUAL_BUF (INV, OBUF(x2)): 4 instances
  RAM16X1D => RAM32X1D (RAMD32(x2)): 25 instances
  RAM256X1S => RAM256X1S (MUXF7(x2), MUXF8, RAMS64E(x4)): 9 instances
  RAM32M => RAM32M (RAMD32(x6), RAMS32(x2)): 1164 instances
  RAM32M16 => RAM32M16 (RAMD32(x14), RAMS32(x2)): 2696 instances
  RAM32X1D => RAM32X1D (RAMD32(x2)): 13 instances
  RAM64M8 => RAM64M8 (RAMD64E(x8)): 3274 instances
  RAM64X1D => RAM64X1D (RAMD64E(x2)): 464 instances

18 Infos, 38 Warnings, 0 Critical Warnings and 0 Errors encountered.
link_design completed successfully
link_design: Time (s): cpu = 00:04:56 ; elapsed = 00:05:53 . Memory (MB): peak = 8939.547 ; gain = 5646.367 ; free physical = 76210 ; free virtual = 99056
INFO: [Common 17-600] The following parameters have non-default value.
general.maxThreads
Command: opt_design -directive Explore
INFO: [Vivado_Tcl 4-136] Directive used for opt_design is: Explore
Attempting to get a license for feature 'Implementation' and/or device 'xcu200'
INFO: [Common 17-349] Got license for feature 'Implementation' and/or device 'xcu200'
Running DRC as a precondition to command opt_design

Starting DRC Task
INFO: [Project 1-461] DRC finished with 0 Errors
INFO: [Project 1-462] Please refer to the DRC report (report_drc) for more information.

Time (s): cpu = 00:00:03 ; elapsed = 00:00:03 . Memory (MB): peak = 8939.547 ; gain = 0.000 ; free physical = 76207 ; free virtual = 99053

Starting Logic Optimization Task

Phase 1 Generate And Synthesize MIG Cores
INFO: [Timing 38-35] Done setting XDC timing constraints.
WARNING: [Timing 38-3] User defined clock exists on pin traffic_replay_bd_i/xdma_0/inst/pcie4_ip_i/inst/traffic_replay_bd_xdma_0_0_pcie4_ip_gt_top_i/diablo_gt.diablo_gt_phy_wrapper/gt_wizard.gtwizard_top_i/traffic_replay_bd_xdma_0_0_pcie4_ip_gt_i/inst/gen_gtwizard_gtye4_top.traffic_replay_bd_xdma_0_0_pcie4_ip_gt_gtwizard_gtye4_inst/gen_gtwizard_gtye4.gen_channel_container[32].gen_enabled_channel.gtye4_channel_wrapper_inst/channel_inst/gtye4_channel_gen.gen_gtye4_channel_inst[3].GTYE4_CHANNEL_PRIM_INST/TXOUTCLK [See /home/user/tr_4ddr_timingfix_runs/bd_4ddr_dual_20260708_001610/build/vivado_hw/traffic_replay_hw.gen/sources_1/bd/traffic_replay_bd/ip/traffic_replay_bd_xdma_0_0/ip_0/source/ip_pcie4_uscale_plus_x1y2.xdc:127] and will prevent any subsequent automatic derivation of generated clocks on that pin. If the user defined clock specifies '-add', any existing auto-derived clocks on that pin are retained.
write_xdc: Time (s): cpu = 00:00:40 ; elapsed = 00:00:41 . Memory (MB): peak = 8939.547 ; gain = 0.000 ; free physical = 75305 ; free virtual = 98152
INFO: [IP_Flow 19-5647] Added synthesis output to IP cache for IP traffic_replay_bd_ddr4_3_0_phy, cache-ID = a1ea6c42ba41caf5
INFO: [IP_Flow 19-5647] Added synthesis output to IP cache for IP traffic_replay_bd_ddr4_2_0_phy, cache-ID = 0a2e27a0dfb4c1e3
INFO: [IP_Flow 19-5647] Added synthesis output to IP cache for IP traffic_replay_bd_ddr4_1_0_phy, cache-ID = 46c2f4a340f6ee6d
INFO: [IP_Flow 19-5647] Added synthesis output to IP cache for IP traffic_replay_bd_ddr4_0_0_phy, cache-ID = 0a5bf6022c9965de
get_clocks: Time (s): cpu = 00:00:32 ; elapsed = 00:00:33 . Memory (MB): peak = 8939.547 ; gain = 0.000 ; free physical = 75115 ; free virtual = 98105
set_switching_activity: Time (s): cpu = 00:01:34 ; elapsed = 00:01:31 . Memory (MB): peak = 8939.547 ; gain = 0.000 ; free physical = 74650 ; free virtual = 97641
read_xdc: Time (s): cpu = 00:02:40 ; elapsed = 00:02:39 . Memory (MB): peak = 8939.547 ; gain = 0.000 ; free physical = 74930 ; free virtual = 97921
Netlist sorting complete. Time (s): cpu = 00:00:00.08 ; elapsed = 00:00:00.07 . Memory (MB): peak = 8939.547 ; gain = 0.000 ; free physical = 75064 ; free virtual = 97925
Phase 1 Generate And Synthesize MIG Cores | Checksum: 959dc775

Time (s): cpu = 00:09:05 ; elapsed = 00:09:43 . Memory (MB): peak = 8939.547 ; gain = 0.000 ; free physical = 75062 ; free virtual = 97922

Phase 2 Generate And Synthesize Debug Cores
INFO: [Chipscope 16-329] Generating Script for core instance : dbg_hub 
INFO: [IP_Flow 19-3806] Processing IP xilinx.com:ip:xsdbm:3.0 for cell dbg_hub_CV.
get_clocks: Time (s): cpu = 00:00:37 ; elapsed = 00:00:37 . Memory (MB): peak = 8939.547 ; gain = 0.000 ; free physical = 75005 ; free virtual = 97869
Netlist sorting complete. Time (s): cpu = 00:00:00.24 ; elapsed = 00:00:00.26 . Memory (MB): peak = 8939.547 ; gain = 0.000 ; free physical = 75004 ; free virtual = 97868
Phase 2 Generate And Synthesize Debug Cores | Checksum: 9c551486

Time (s): cpu = 00:10:53 ; elapsed = 00:12:44 . Memory (MB): peak = 8939.547 ; gain = 0.000 ; free physical = 75002 ; free virtual = 97866

Phase 3 Retarget
INFO: [Opt 31-138] Pushed 612 inverter(s) to 37758 load pin(s).
INFO: [Opt 31-49] Retargeted 0 cell(s).
Phase 3 Retarget | Checksum: d99d1115

Time (s): cpu = 00:11:27 ; elapsed = 00:13:18 . Memory (MB): peak = 8939.547 ; gain = 0.000 ; free physical = 75693 ; free virtual = 98557
INFO: [Opt 31-389] Phase Retarget created 509 cells and removed 3996 cells
INFO: [Opt 31-1021] In phase Retarget, 693 netlist objects are constrained preventing optimization. Please run opt_design with -debug_log to get more detail. 

Phase 4 Constant propagation
INFO: [Opt 31-138] Pushed 34 inverter(s) to 161 load pin(s).
Phase 4 Constant propagation | Checksum: 100c2c783

Time (s): cpu = 00:11:33 ; elapsed = 00:13:24 . Memory (MB): peak = 8939.547 ; gain = 0.000 ; free physical = 75691 ; free virtual = 98555
INFO: [Opt 31-389] Phase Constant propagation created 4658 cells and removed 11552 cells
INFO: [Opt 31-1021] In phase Constant propagation, 820 netlist objects are constrained preventing optimization. Please run opt_design with -debug_log to get more detail. 

Phase 5 Sweep
Phase 5 Sweep | Checksum: 15c1cc677

Time (s): cpu = 00:11:51 ; elapsed = 00:13:42 . Memory (MB): peak = 8939.547 ; gain = 0.000 ; free physical = 75708 ; free virtual = 98572
INFO: [Opt 31-389] Phase Sweep created 0 cells and removed 14699 cells
INFO: [Opt 31-1021] In phase Sweep, 7757 netlist objects are constrained preventing optimization. Please run opt_design with -debug_log to get more detail. 

Phase 6 BUFG optimization
INFO: [Opt 31-1077] Phase BUFG optimization inserted 0 global clock buffer(s) for CLOCK_LOW_FANOUT.
Phase 6 BUFG optimization | Checksum: 13fb59164

Time (s): cpu = 00:12:02 ; elapsed = 00:13:53 . Memory (MB): peak = 8939.547 ; gain = 0.000 ; free physical = 75708 ; free virtual = 98572
INFO: [Opt 31-662] Phase BUFG optimization created 3 cells of which 3 are BUFGs and removed 6 cells.
INFO: [Opt 31-1021] In phase BUFG optimization, 1 netlist objects are constrained preventing optimization. Please run opt_design with -debug_log to get more detail. 

Phase 7 Shift Register Optimization
INFO: [Opt 31-1064] SRL Remap converted 0 SRLs to 0 registers and converted 0 registers of register chains to 0 SRLs
Phase 7 Shift Register Optimization | Checksum: 13fb59164

Time (s): cpu = 00:12:03 ; elapsed = 00:13:54 . Memory (MB): peak = 8939.547 ; gain = 0.000 ; free physical = 75708 ; free virtual = 98572
INFO: [Opt 31-389] Phase Shift Register Optimization created 0 cells and removed 0 cells

Phase 8 Post Processing Netlist
Phase 8 Post Processing Netlist | Checksum: 1a8c5d438

Time (s): cpu = 00:12:04 ; elapsed = 00:13:56 . Memory (MB): peak = 8939.547 ; gain = 0.000 ; free physical = 75707 ; free virtual = 98571
INFO: [Opt 31-389] Phase Post Processing Netlist created 0 cells and removed 0 cells
INFO: [Opt 31-1021] In phase Post Processing Netlist, 1128 netlist objects are constrained preventing optimization. Please run opt_design with -debug_log to get more detail. 
Opt_design Change Summary
=========================


-------------------------------------------------------------------------------------------------------------------------
|  Phase                        |  #Cells created  |  #Cells Removed  |  #Constrained objects preventing optimizations  |
-------------------------------------------------------------------------------------------------------------------------
|  Retarget                     |             509  |            3996  |                                            693  |
|  Constant propagation         |            4658  |           11552  |                                            820  |
|  Sweep                        |               0  |           14699  |                                           7757  |
|  BUFG optimization            |               3  |               6  |                                              1  |
|  Shift Register Optimization  |               0  |               0  |                                              0  |
|  Post Processing Netlist      |               0  |               0  |                                           1128  |
-------------------------------------------------------------------------------------------------------------------------



Starting Connectivity Check Task

Time (s): cpu = 00:00:00.79 ; elapsed = 00:00:00.79 . Memory (MB): peak = 8939.547 ; gain = 0.000 ; free physical = 75708 ; free virtual = 98573
Ending Logic Optimization Task | Checksum: 16450fdab

Time (s): cpu = 00:12:10 ; elapsed = 00:14:01 . Memory (MB): peak = 8939.547 ; gain = 0.000 ; free physical = 75708 ; free virtual = 98572

Starting Final Cleanup Task
Ending Final Cleanup Task | Checksum: 16450fdab

Time (s): cpu = 00:00:00 ; elapsed = 00:00:00 . Memory (MB): peak = 8939.547 ; gain = 0.000 ; free physical = 75708 ; free virtual = 98572

Starting Netlist Obfuscation Task
Netlist sorting complete. Time (s): cpu = 00:00:00.07 ; elapsed = 00:00:00.08 . Memory (MB): peak = 8939.547 ; gain = 0.000 ; free physical = 75708 ; free virtual = 98572
Ending Netlist Obfuscation Task | Checksum: 11166b4b0

Time (s): cpu = 00:00:00.15 ; elapsed = 00:00:00.15 . Memory (MB): peak = 8939.547 ; gain = 0.000 ; free physical = 75708 ; free virtual = 98572
INFO: [Common 17-83] Releasing license: Implementation
62 Infos, 153 Warnings, 0 Critical Warnings and 0 Errors encountered.
opt_design completed successfully
opt_design: Time (s): cpu = 00:12:17 ; elapsed = 00:14:09 . Memory (MB): peak = 8939.547 ; gain = 0.000 ; free physical = 75708 ; free virtual = 98572
INFO: [Common 17-600] The following parameters have non-default value.
general.maxThreads
INFO: [Timing 38-35] Done setting XDC timing constraints.
WARNING: [Timing 38-3] User defined clock exists on pin traffic_replay_bd_i/xdma_0/inst/pcie4_ip_i/inst/traffic_replay_bd_xdma_0_0_pcie4_ip_gt_top_i/diablo_gt.diablo_gt_phy_wrapper/gt_wizard.gtwizard_top_i/traffic_replay_bd_xdma_0_0_pcie4_ip_gt_i/inst/gen_gtwizard_gtye4_top.traffic_replay_bd_xdma_0_0_pcie4_ip_gt_gtwizard_gtye4_inst/gen_gtwizard_gtye4.gen_channel_container[32].gen_enabled_channel.gtye4_channel_wrapper_inst/channel_inst/gtye4_channel_gen.gen_gtye4_channel_inst[3].GTYE4_CHANNEL_PRIM_INST/TXOUTCLK [See /home/user/tr_4ddr_timingfix_runs/bd_4ddr_dual_20260708_001610/build/vivado_hw/traffic_replay_hw.gen/sources_1/bd/traffic_replay_bd/ip/traffic_replay_bd_xdma_0_0/ip_0/source/ip_pcie4_uscale_plus_x1y2.xdc:127] and will prevent any subsequent automatic derivation of generated clocks on that pin. If the user defined clock specifies '-add', any existing auto-derived clocks on that pin are retained.
INFO: [Timing 38-480] Writing timing data to binary archive.
Writing placer database...
Writing XDEF routing.
Writing XDEF routing logical nets.
Writing XDEF routing special nets.
Write XDEF Complete: Time (s): cpu = 00:00:00.34 ; elapsed = 00:00:00.38 . Memory (MB): peak = 8939.547 ; gain = 0.000 ; free physical = 74610 ; free virtual = 97795
INFO: [Common 17-1381] The checkpoint '/home/user/tr_4ddr_timingfix_runs/bd_4ddr_dual_20260708_001610/build/vivado_hw/traffic_replay_hw.runs/impl_1/traffic_replay_bd_wrapper_opt.dcp' has been generated.
write_checkpoint: Time (s): cpu = 00:02:33 ; elapsed = 00:02:46 . Memory (MB): peak = 8939.547 ; gain = 0.000 ; free physical = 74789 ; free virtual = 97809
INFO: [runtcl-4] Executing : report_drc -file traffic_replay_bd_wrapper_drc_opted.rpt -pb traffic_replay_bd_wrapper_drc_opted.pb -rpx traffic_replay_bd_wrapper_drc_opted.rpx
Command: report_drc -file traffic_replay_bd_wrapper_drc_opted.rpt -pb traffic_replay_bd_wrapper_drc_opted.pb -rpx traffic_replay_bd_wrapper_drc_opted.rpx
INFO: [IP_Flow 19-1839] IP Catalog is up to date.
INFO: [Coretcl 2-168] The results of DRC are in file /home/user/tr_4ddr_timingfix_runs/bd_4ddr_dual_20260708_001610/build/vivado_hw/traffic_replay_hw.runs/impl_1/traffic_replay_bd_wrapper_drc_opted.rpt.
report_drc completed successfully
report_drc: Time (s): cpu = 00:01:25 ; elapsed = 00:01:27 . Memory (MB): peak = 8939.547 ; gain = 0.000 ; free physical = 74358 ; free virtual = 97377
INFO: [Chipscope 16-240] Debug cores have already been implemented
Command: place_design -directive Explore
Attempting to get a license for feature 'Implementation' and/or device 'xcu200'
INFO: [Common 17-349] Got license for feature 'Implementation' and/or device 'xcu200'
INFO: [Vivado_Tcl 4-198] DRC finished with 0 Errors
INFO: [Vivado_Tcl 4-199] Please refer to the DRC report (report_drc) for more information.
Running DRC as a precondition to command place_design
INFO: [Vivado_Tcl 4-198] DRC finished with 0 Errors
INFO: [Vivado_Tcl 4-199] Please refer to the DRC report (report_drc) for more information.

Starting Placer Task
INFO: [Place 46-5] The placer was invoked with the 'Explore' directive.

Phase 1 Placer Initialization

Phase 1.1 Placer Initialization Netlist Sorting
Netlist sorting complete. Time (s): cpu = 00:00:00.08 ; elapsed = 00:00:00.08 . Memory (MB): peak = 8939.547 ; gain = 0.000 ; free physical = 74349 ; free virtual = 97369
Phase 1.1 Placer Initialization Netlist Sorting | Checksum: 96f23cf6

Time (s): cpu = 00:00:00.28 ; elapsed = 00:00:00.31 . Memory (MB): peak = 8939.547 ; gain = 0.000 ; free physical = 74347 ; free virtual = 97367
Netlist sorting complete. Time (s): cpu = 00:00:00.08 ; elapsed = 00:00:00.08 . Memory (MB): peak = 8939.547 ; gain = 0.000 ; free physical = 74347 ; free virtual = 97367

Phase 1.2 IO Placement/ Clock Placement/ Build Placer Device
Phase 1.2 IO Placement/ Clock Placement/ Build Placer Device | Checksum: 10165f5f7

Time (s): cpu = 00:01:14 ; elapsed = 00:01:15 . Memory (MB): peak = 8939.547 ; gain = 0.000 ; free physical = 74491 ; free virtual = 97511

Phase 1.3 Build Placer Netlist Model
Phase 1.3 Build Placer Netlist Model | Checksum: 11b1c9660

Time (s): cpu = 00:03:14 ; elapsed = 00:03:18 . Memory (MB): peak = 11045.434 ; gain = 2105.887 ; free physical = 73264 ; free virtual = 96284

Phase 1.4 Constrain Clocks/Macros
Phase 1.4 Constrain Clocks/Macros | Checksum: 11b1c9660

Time (s): cpu = 00:03:16 ; elapsed = 00:03:20 . Memory (MB): peak = 11045.434 ; gain = 2105.887 ; free physical = 73233 ; free virtual = 96253
Phase 1 Placer Initialization | Checksum: 11b1c9660

Time (s): cpu = 00:03:18 ; elapsed = 00:03:22 . Memory (MB): peak = 11045.434 ; gain = 2105.887 ; free physical = 73186 ; free virtual = 96207

Phase 2 Global Placement

Phase 2.1 Floorplanning

Phase 2.1.1 Partition Driven Placement

Phase 2.1.1.1 PBP: Partition Driven Placement
Phase 2.1.1.1 PBP: Partition Driven Placement | Checksum: 1259a153f

Time (s): cpu = 00:10:11 ; elapsed = 00:10:36 . Memory (MB): peak = 11045.434 ; gain = 2105.887 ; free physical = 72789 ; free virtual = 95811

Phase 2.1.1.2 PBP: Clock Region Placement
Phase 2.1.1.2 PBP: Clock Region Placement | Checksum: bab988aa

Time (s): cpu = 00:10:29 ; elapsed = 00:10:53 . Memory (MB): peak = 11045.434 ; gain = 2105.887 ; free physical = 72772 ; free virtual = 95794

Phase 2.1.1.3 PBP: Discrete Incremental
Phase 2.1.1.3 PBP: Discrete Incremental | Checksum: 1201b6862

Time (s): cpu = 00:10:29 ; elapsed = 00:10:53 . Memory (MB): peak = 11045.434 ; gain = 2105.887 ; free physical = 72772 ; free virtual = 95793

Phase 2.1.1.4 PBP: Compute Congestion
Phase 2.1.1.4 PBP: Compute Congestion | Checksum: 1201b6862

Time (s): cpu = 00:10:34 ; elapsed = 00:10:58 . Memory (MB): peak = 11045.434 ; gain = 2105.887 ; free physical = 72687 ; free virtual = 95708

Phase 2.1.1.5 PBP: Macro Placement
Phase 2.1.1.5 PBP: Macro Placement | Checksum: 13f27ee05

Time (s): cpu = 00:10:37 ; elapsed = 00:11:01 . Memory (MB): peak = 11045.434 ; gain = 2105.887 ; free physical = 72673 ; free virtual = 95695

Phase 2.1.1.6 PBP: UpdateTiming
Phase 2.1.1.6 PBP: UpdateTiming | Checksum: 9a621331

Time (s): cpu = 00:11:03 ; elapsed = 00:11:27 . Memory (MB): peak = 11045.434 ; gain = 2105.887 ; free physical = 72634 ; free virtual = 95656

Phase 2.1.1.7 PBP: Add part constraints
Phase 2.1.1.7 PBP: Add part constraints | Checksum: 9a621331

Time (s): cpu = 00:11:03 ; elapsed = 00:11:28 . Memory (MB): peak = 11045.434 ; gain = 2105.887 ; free physical = 72638 ; free virtual = 95659
Phase 2.1.1 Partition Driven Placement | Checksum: 9a621331

Time (s): cpu = 00:11:04 ; elapsed = 00:11:28 . Memory (MB): peak = 11045.434 ; gain = 2105.887 ; free physical = 72832 ; free virtual = 95854
Phase 2.1 Floorplanning | Checksum: 9a621331

Time (s): cpu = 00:11:04 ; elapsed = 00:11:29 . Memory (MB): peak = 11045.434 ; gain = 2105.887 ; free physical = 72832 ; free virtual = 95854

Phase 2.2 Update Timing before SLR Path Opt
Phase 2.2 Update Timing before SLR Path Opt | Checksum: 9a621331

Time (s): cpu = 00:11:04 ; elapsed = 00:11:29 . Memory (MB): peak = 11045.434 ; gain = 2105.887 ; free physical = 72832 ; free virtual = 95854

Phase 2.3 Global Placement Core
SLR(matching) [0-1]       0     0    28   590   600    24    93     3     0     0     0     0  Total:  1338
SLR(matching) [1-2]       0   664   300   919  1082   788   889   701    85     0     0     0  Total:  5428
SLR(matching) [0-1]       0     0     0   618   603    54    63     0     0     0     0     0  Total:  1338
SLR(matching) [1-2]       0   256   442  1186   901   816   999   772    55     1     0     0  Total:  5428
SLR(matching) [0-1]       0     0     0   618   635    22    63     0     0     0     0     0  Total:  1338
SLR(matching) [1-2]       0    87   542  1221   937   683  1216   688    54     0     0     0  Total:  5428
SLR(matching) [0-1]       0     0     0   618   635    22    63     0     0     0     0     0  Total:  1338
SLR(matching) [1-2]       0    87   515  1242   943   641  1194   752    54     0     0     0  Total:  5428
SLR(matching) [0-1]       0     0     0   618   635    22    63     0     0     0     0     0  Total:  1338
SLR(matching) [1-2]       0    87   504  1253   943   643  1199   745    54     0     0     0  Total:  5428
SLR(matching) [0-1]       0     0     0   618   635    22    63     0     0     0     0     0  Total:  1338
SLR(matching) [1-2]       0    87   504  1253   942   643  1197   748    54     0     0     0  Total:  5428
SLR(matching) [0-1]       0     0     0   618   635    22    63     0     0     0     0     0  Total:  1338
SLR(matching) [1-2]       0    87   500  1257   943   642  1203   742    54     0     0     0  Total:  5428
SLR(matching) [0-1]       0     0     0   618   635    22    63     0     0     0     0     0  Total:  1338
SLR(matching) [1-2]       0    87   500  1257   942   639  1129   820    54     0     0     0  Total:  5428
SLR(matching) [0-1]       0     0     0   618   635    22    63     0     0     0     0     0  Total:  1338
SLR(matching) [1-2]       0    87   500  1257   942   639  1130   808    65     0     0     0  Total:  5428
SLR(matching) [0-1]       0     0     0   618   635    22    63     0     0     0     0     0  Total:  1338
SLR(matching) [1-2]       0    87   500  1257   941   634  1134   813    62     0     0     0  Total:  5428
SLR(matching) [0-1]       0     0     0   618   635    22    63     0     0     0     0     0  Total:  1338
SLR(matching) [1-2]       0    87   500  1257   941   633  1139   805    66     0     0     0  Total:  5428
SLR(matching) [0-1]       0     0     0   618   635    22    63     0     0     0     0     0  Total:  1338
SLR(matching) [1-2]       0    87   497  1260   948   647  1137   798    54     0     0     0  Total:  5428
SLR(matching) [0-1]       0     0     0   618   635    22    63     0     0     0     0     0  Total:  1338
SLR(matching) [1-2]       0    87   481  1276   946   647  1130   788    73     0     0     0  Total:  5428
SLR(matching) [0-1]       0     0     0   618   635    22    63     0     0     0     0     0  Total:  1338
SLR(matching) [1-2]       0    87   410  1136  1145   641  1148   796    65     0     0     0  Total:  5428
SLR(matching) [0-1]       0     0     0   615   638    22    63     0     0     0     0     0  Total:  1338
SLR(matching) [1-2]       0    87   384  1134  1143   664  1152   789    75     0     0     0  Total:  5428
SLR(matching) [0-1]       0     0     0   615   638    22    63     0     0     0     0     0  Total:  1338
SLR(matching) [1-2]       0    86   353  1147  1130   672  1171   794    75     0     0     0  Total:  5428
SLR(matching) [0-1]       0     0     0   615   632    28    63     0     0     0     0     0  Total:  1338
SLR(matching) [1-2]       0    86   358  1175  1094   661  1149   830    75     0     0     0  Total:  5428
SLR(matching) [0-1]       0     0     0   615   630    30    63     0     0     0     0     0  Total:  1338
SLR(matching) [1-2]       0    86   330  1191  1106   633  1118   889    75     0     0     0  Total:  5428
SLR(matching) [0-1]       0     0     0   615   630    30    63     0     0     0     0     0  Total:  1338
SLR(matching) [1-2]       0    86   306  1193  1131   637  1103   897    75     0     0     0  Total:  5428
SLR(matching) [0-1]       0     0     0   615   622    38    63     0     0     0     0     0  Total:  1338
SLR(matching) [1-2]       0    86   308  1241  1081   622  1108   901    81     0     0     0  Total:  5428
SLR(matching) [0-1]       0     0     0   615   607    53    63     0     0     0     0     0  Total:  1338
SLR(matching) [1-2]       0    86   251  1295  1082   630  1093   913    78     0     0     0  Total:  5428
SLR(matching) [0-1]       0     0     0   615   604    56    63     0     0     0     0     0  Total:  1338
SLR(matching) [1-2]       0    86   250  1282  1095   624  1079   934    78     0     0     0  Total:  5428
SLR(matching) [0-1]       0     0     0   616   603    56    63     0     0     0     0     0  Total:  1338
SLR(matching) [1-2]       0    86   253  1281  1093   622  1060   953    80     0     0     0  Total:  5428
SLR(matching) [0-1]       0     0     0   616   603    56    63     0     0     0     0     0  Total:  1338
SLR(matching) [1-2]       0    86   257  1287  1083   621  1032   979    83     0     0     0  Total:  5428
SLR(matching) [0-1]       0     0     0   616   603    56    63     0     0     0     0     0  Total:  1338
SLR(matching) [1-2]       0    86   265  1270  1092   610  1030   965   110     0     0     0  Total:  5428
SLR(matching) [0-1]       0     0     0   617   602    56    63     0     0     0     0     0  Total:  1338
SLR(matching) [1-2]       0    86   265  1270  1092   599  1018   991   107     0     0     0  Total:  5428
SLR(matching) [0-1]       0     0     0   618   601    56    63     0     0     0     0     0  Total:  1338
SLR(matching) [1-2]       0    86   240  1298  1089   590  1004  1015   106     0     0     0  Total:  5428
SLR(matching) [0-1]       0     0     0   618   601    56    63     0     0     0     0     0  Total:  1338
SLR(matching) [1-2]       0    86   251  1297  1080   582  1013  1011   108     0     0     0  Total:  5428
SLR(matching) [0-1]       0     0     0   618   601    56    63     0     0     0     0     0  Total:  1338
SLR(matching) [1-2]       0    86   258  1295  1075   586  1004  1015   108     0     0     1  Total:  5428
SLR(matching) [0-1]       0     0     0   618   601    56    63     0     0     0     0     0  Total:  1338
SLR(matching) [1-2]       0    86   259  1304  1065   587   998  1028   100     1     0     0  Total:  5428
SLR(matching) [0-1]       0     0     0   618   601    56    63     0     0     0     0     0  Total:  1338
SLR(matching) [1-2]       0    86   261  1303  1064   596  1059   965    93     1     0     0  Total:  5428
SLR(matching) [0-1]       0     0     0   618   601    56    63     0     0     0     0     0  Total:  1338
SLR(matching) [1-2]       0    86   263  1317  1048   593  1047   983    90     1     0     0  Total:  5428
SLR(matching) [0-1]       0     0     0   618   601    56    63     0     0     0     0     0  Total:  1338
SLR(matching) [1-2]       0    86   283  1305  1040   585  1027  1006    95     1     0     0  Total:  5428
SLR(matching) [0-1]       0     0     0   618   601    56    63     0     0     0     0     0  Total:  1338
SLR(matching) [1-2]       0    87   290  1299  1038   581  1011  1026    95     1     0     0  Total:  5428
SLR(matching) [0-1]       0     0     0   618   601    56    63     0     0     0     0     0  Total:  1338
SLR(matching) [1-2]       0    86   309  1292  1027   582  1010  1026    95     1     0     0  Total:  5428
SLR(matching) [0-1]       0     0     0   618   601    56    63     0     0     0     0     0  Total:  1338
SLR(matching) [1-2]       0    86   331  1275  1022   602   991  1025    95     1     0     0  Total:  5428
SLR(matching) [0-1]       0     0     0   618   601    56    63     0     0     0     0     0  Total:  1338
SLR(matching) [1-2]       0    91   336  1262  1025   593   974  1049    97     1     0     0  Total:  5428
SLR(matching) [0-1]       0     0     0   618   601    56    63     0     0     0     0     0  Total:  1338
SLR(matching) [1-2]       0    91   345  1256  1022   599   970  1049    95     1     0     0  Total:  5428
SLR(matching) [0-1]       0     0     0   618   601    56    63     0     0     0     0     0  Total:  1338
SLR(matching) [1-2]       0    92   352  1244  1026   601   959  1055    98     1     0     0  Total:  5428
SLR(matching) [0-1]       0     0     0   618   601    56    63     0     0     0     0     0  Total:  1338
SLR(matching) [1-2]       0    96   348  1243  1027   599   962  1053    99     1     0     0  Total:  5428
SLR(matching) [0-1]       0     0     0   618   601    56    63     0     0     0     0     0  Total:  1338
SLR(matching) [1-2]       0    96   335  1257  1026   597   951  1067    98     1     0     0  Total:  5428
SLR(matching) [0-1]       0     0     0   618   601    56    63     0     0     0     0     0  Total:  1338
SLR(matching) [1-2]       0    96   348  1242  1028   596   950  1067   100     1     0     0  Total:  5428
SLR(matching) [0-1]       0     0     0   618   601    56    63     0     0     0     0     0  Total:  1338
SLR(matching) [1-2]       0    79   352  1213  1033   592   884  1155   119     1     0     0  Total:  5428
SLR(matching) [0-1]       0     0     0   618   601    56    63     0     0     0     0     0  Total:  1338
SLR(matching) [1-2]       0    79   364  1227  1028   577   862  1168   122     1     0     0  Total:  5428
SLR(matching) [0-1]       0     0     0   618   601    56    63     0     0     0     0     0  Total:  1338
SLR(matching) [1-2]       0    79   364  1229  1023   578   862  1174   118     1     0     0  Total:  5428
SLR(matching) [0-1]       0     0     0   618   601    56    63     0     0     0     0     0  Total:  1338
SLR(matching) [1-2]       0    79   358  1241  1019   573   871  1171   115     1     0     0  Total:  5428
SLR(matching) [0-1]       0     0     0   618   601    56    63     0     0     0     0     0  Total:  1338
SLR(matching) [1-2]       0    79   364  1254  1006   567   860  1187   110     1     0     0  Total:  5428
SLR(matching) [0-1]       0     0     0   618   601    56    63     0     0     0     0     0  Total:  1338
SLR(matching) [1-2]       0    79   365  1247  1006   573   861  1182   114     1     0     0  Total:  5428
SLR(matching) [0-1]       0     0     0   618   601    56    63     0     0     0     0     0  Total:  1338
SLR(matching) [1-2]       0    80   361  1251  1005   572   860  1182   116     1     0     0  Total:  5428
SLR(matching) [0-1]       0     0     0   618   601    56    63     0     0     0     0     0  Total:  1338
SLR(matching) [1-2]       0    80   354  1263  1000   573   863  1177   117     1     0     0  Total:  5428
SLR(matching) [0-1]       0     0     0   618   601    56    63     0     0     0     0     0  Total:  1338
SLR(matching) [1-2]       0    80   357  1256  1004   572   854  1182   122     1     0     0  Total:  5428
SLR(matching) [0-1]       0     0     0   618   601    56    63     0     0     0     0     0  Total:  1338
SLR(matching) [1-2]       0    80   352  1260  1005   572   859  1169   130     1     0     0  Total:  5428
SLR(matching) [0-1]       0     0     0   618   601    56    63     0     0     0     0     0  Total:  1338
SLR(matching) [1-2]       0    83   373  1239  1002   573   863  1167   127     1     0     0  Total:  5428
SLR(matching) [0-1]       0     0     0   618   601    56    63     0     0     0     0     0  Total:  1338
SLR(matching) [1-2]       0    84   368  1268   983   567   866  1168   123     1     0     0  Total:  5428
SLR(matching) [0-1]       0     0     0   618   601    56    63     0     0     0     0     0  Total:  1338
SLR(matching) [1-2]       0    84   366  1246  1004   567   866  1166   128     1     0     0  Total:  5428
SLR(matching) [0-1]       0     0     0   618   600    57    63     0     0     0     0     0  Total:  1338
SLR(matching) [1-2]       0    84   362  1233  1020   569   855  1176   128     1     0     0  Total:  5428
SLR(matching) [0-1]       0     0     0   618   600    57    63     0     0     0     0     0  Total:  1338
SLR(matching) [1-2]       0    84   362  1226  1027   567   824  1209   128     1     0     0  Total:  5428
SLR(matching) [0-1]       0     0     0   618   601    56    63     0     0     0     0     0  Total:  1338
SLR(matching) [1-2]       0    84   362  1220  1034   569   793  1235   130     1     0     0  Total:  5428
SLR(matching) [0-1]       0     0     0   618   601    56    63     0     0     0     0     0  Total:  1338
SLR(matching) [1-2]       0    84   364  1221  1032   565   774  1257   130     1     0     0  Total:  5428
SLR(matching) [0-1]       0     0     0   618   598    59    63     0     0     0     0     0  Total:  1338
SLR(matching) [1-2]       0    84   348  1235  1034   568   760  1269   129     1     0     0  Total:  5428
SLR(matching) [0-1]       0     0     0   618   598    59    63     0     0     0     0     0  Total:  1338
SLR(matching) [1-2]       0    84   335  1248  1034   564   765  1277   120     1     0     0  Total:  5428
SLR(matching) [0-1]       0     0     0   618   598    59    63     0     0     0     0     0  Total:  1338
SLR(matching) [1-2]       0    84   344  1249  1023   565   773  1270   119     1     0     0  Total:  5428
SLR(matching) [0-1]       0     0     0   618   596    63    61     0     0     0     0     0  Total:  1338
SLR(matching) [1-2]       0    84   346  1259  1015   555   771  1284   113     1     0     0  Total:  5428
SLR(matching) [0-1]       0     0     0   618   596    63    61     0     0     0     0     0  Total:  1338
SLR(matching) [1-2]       0    90   414  1199  1009   548   777  1272   118     1     0     0  Total:  5428

Phase 2.3.1 Physical Synthesis In Placer
INFO: [Physopt 32-1035] Found 289 LUTNM shape to break, 11831 LUT instances to create LUTNM shape
INFO: [Physopt 32-1044] Break lutnm for timing: one critical 177, two critical 112, total 289, new lutff created 19
INFO: [Physopt 32-775] End 1 Pass. Optimized 5064 nets or cells. Created 289 new cells, deleted 4775 existing cells and moved 0 existing cell
INFO: [Physopt 32-1030] Pass 1. Identified 497 candidate driver sets for equivalent driver rewiring.
INFO: [Physopt 32-661] Optimized 153 nets.  Re-placed 1369 instances.
INFO: [Physopt 32-775] End 1 Pass. Optimized 153 nets or cells. Created 250 new cells, deleted 267 existing cells and moved 1369 existing cells
Netlist sorting complete. Time (s): cpu = 00:00:03 ; elapsed = 00:00:03 . Memory (MB): peak = 11452.926 ; gain = 0.000 ; free physical = 72708 ; free virtual = 95730
INFO: [Physopt 32-1132] Very high fanout net 'traffic_replay_bd_i/replay_core_0/inst/core_i/ddr_reader_i/desc_wr_ptr_reg[0]' is not considered as a candidate in VHFN optimzation. Its physical fanout number is changed from 1307 to 188. To force replication, set the FORCE_MAX_FANOUT property on the net to a number less than 188.
INFO: [Physopt 32-1132] Very high fanout net 'traffic_replay_bd_i/replay_core_0/inst/core_i/ddr_reader_i/desc_wr_ptr_reg[0]_rep_n_0' is not considered as a candidate in VHFN optimzation. Its physical fanout number is changed from 1156 to 133. To force replication, set the FORCE_MAX_FANOUT property on the net to a number less than 133.
INFO: [Physopt 32-1132] Very high fanout net 'traffic_replay_bd_i/replay_core_0/inst/core_i/ddr_reader_i/desc_wr_ptr_reg[1]' is not considered as a candidate in VHFN optimzation. Its physical fanout number is changed from 1353 to 170. To force replication, set the FORCE_MAX_FANOUT property on the net to a number less than 170.
INFO: [Physopt 32-1132] Very high fanout net 'traffic_replay_bd_i/replay_core_0/inst/core_i/ddr_reader_i/desc_wr_ptr_reg[1]_rep_n_0' is not considered as a candidate in VHFN optimzation. Its physical fanout number is changed from 1108 to 149. To force replication, set the FORCE_MAX_FANOUT property on the net to a number less than 149.
INFO: [Physopt 32-1132] Very high fanout net 'traffic_replay_bd_i/replay_core_0/inst/core_i/ddr_reader_i/desc_wr_ptr_reg[2]' is not considered as a candidate in VHFN optimzation. Its physical fanout number is changed from 1353 to 170. To force replication, set the FORCE_MAX_FANOUT property on the net to a number less than 170.
INFO: [Physopt 32-1132] Very high fanout net 'traffic_replay_bd_i/replay_core_0/inst/core_i/ddr_reader_i/desc_wr_ptr_reg[2]_rep_n_0' is not considered as a candidate in VHFN optimzation. Its physical fanout number is changed from 1106 to 147. To force replication, set the FORCE_MAX_FANOUT property on the net to a number less than 147.
INFO: [Physopt 32-1132] Very high fanout net 'traffic_replay_bd_i/replay_core_0/inst/core_i/ddr_reader_i/desc_wr_ptr_reg[3]' is not considered as a candidate in VHFN optimzation. Its physical fanout number is changed from 1302 to 183. To force replication, set the FORCE_MAX_FANOUT property on the net to a number less than 183.
INFO: [Physopt 32-1132] Very high fanout net 'traffic_replay_bd_i/replay_core_0/inst/core_i/ddr_reader_i/desc_wr_ptr_reg[3]_rep_n_0' is not considered as a candidate in VHFN optimzation. Its physical fanout number is changed from 1155 to 132. To force replication, set the FORCE_MAX_FANOUT property on the net to a number less than 132.
INFO: [Physopt 32-1132] Very high fanout net 'traffic_replay_bd_i/replay_core_0/inst/core_i/ddr_reader_i/desc_wr_ptr_reg[4]' is not considered as a candidate in VHFN optimzation. Its physical fanout number is changed from 1104 to 145. To force replication, set the FORCE_MAX_FANOUT property on the net to a number less than 145.
INFO: [Physopt 32-1132] Very high fanout net 'traffic_replay_bd_i/replay_core_0/inst/core_i/ddr_reader_i/desc_wr_ptr_reg[4]_rep_n_0' is not considered as a candidate in VHFN optimzation. Its physical fanout number is changed from 1156 to 133. To force replication, set the FORCE_MAX_FANOUT property on the net to a number less than 133.
INFO: [Physopt 32-1132] Very high fanout net 'traffic_replay_bd_i/replay_core_0/inst/core_i/ddr_reader_i/desc_wr_ptr_reg[5]' is not considered as a candidate in VHFN optimzation. Its physical fanout number is changed from 1104 to 145. To force replication, set the FORCE_MAX_FANOUT property on the net to a number less than 145.
INFO: [Physopt 32-1132] Very high fanout net 'traffic_replay_bd_i/replay_core_0/inst/core_i/ddr_reader_i/desc_wr_ptr_reg[5]_rep_n_0' is not considered as a candidate in VHFN optimzation. Its physical fanout number is changed from 1153 to 130. To force replication, set the FORCE_MAX_FANOUT property on the net to a number less than 130.
INFO: [Physopt 32-1132] Very high fanout net 'traffic_replay_bd_i/replay_core_0/inst/core_i/ddr_reader_i/plan_wr_ptr_reg[0]_rep__0_n_0' is not considered as a candidate in VHFN optimzation. Its physical fanout number is changed from 1344 to 161. To force replication, set the FORCE_MAX_FANOUT property on the net to a number less than 161.
INFO: [Physopt 32-1132] Very high fanout net 'traffic_replay_bd_i/replay_core_0/inst/core_i/ddr_reader_i/plan_wr_ptr_reg[1]_rep__0_n_0' is not considered as a candidate in VHFN optimzation. Its physical fanout number is changed from 1344 to 161. To force replication, set the FORCE_MAX_FANOUT property on the net to a number less than 161.
INFO: [Physopt 32-1132] Very high fanout net 'traffic_replay_bd_i/replay_core_0/inst/core_i/ddr_reader_i/plan_wr_ptr_reg[2]_rep__0_n_0' is not considered as a candidate in VHFN optimzation. Its physical fanout number is changed from 1344 to 161. To force replication, set the FORCE_MAX_FANOUT property on the net to a number less than 161.
INFO: [Physopt 32-1132] Very high fanout net 'traffic_replay_bd_i/replay_core_0/inst/core_i/ddr_reader_i/plan_wr_ptr_reg[3]_rep__0_n_0' is not considered as a candidate in VHFN optimzation. Its physical fanout number is changed from 1344 to 161. To force replication, set the FORCE_MAX_FANOUT property on the net to a number less than 161.
INFO: [Physopt 32-1132] Very high fanout net 'traffic_replay_bd_i/replay_core_0/inst/core_i/ddr_reader_i/plan_wr_ptr_reg[4]_rep__0_n_0' is not considered as a candidate in VHFN optimzation. Its physical fanout number is changed from 1344 to 161. To force replication, set the FORCE_MAX_FANOUT property on the net to a number less than 161.
INFO: [Physopt 32-1132] Very high fanout net 'traffic_replay_bd_i/replay_core_0/inst/core_i/ddr_reader_i/plan_wr_ptr_reg[5]_rep__0_n_0' is not considered as a candidate in VHFN optimzation. Its physical fanout number is changed from 1344 to 161. To force replication, set the FORCE_MAX_FANOUT property on the net to a number less than 161.
INFO: [Physopt 32-1132] Very high fanout net 'traffic_replay_bd_i/replay_core_0/inst/core_i/scheduler_i/wr_ptr_reg[0]' is not considered as a candidate in VHFN optimzation. Its physical fanout number is changed from 1158 to 135. To force replication, set the FORCE_MAX_FANOUT property on the net to a number less than 135.
INFO: [Physopt 32-1132] Very high fanout net 'traffic_replay_bd_i/replay_core_0/inst/core_i/scheduler_i/wr_ptr_reg[1]' is not considered as a candidate in VHFN optimzation. Its physical fanout number is changed from 1152 to 129. To force replication, set the FORCE_MAX_FANOUT property on the net to a number less than 129.
INFO: [Physopt 32-1132] Very high fanout net 'traffic_replay_bd_i/replay_core_0/inst/core_i/scheduler_i/wr_ptr_reg[2]' is not considered as a candidate in VHFN optimzation. Its physical fanout number is changed from 1152 to 129. To force replication, set the FORCE_MAX_FANOUT property on the net to a number less than 129.
INFO: [Physopt 32-1132] Very high fanout net 'traffic_replay_bd_i/replay_core_0/inst/core_i/scheduler_i/wr_ptr_reg[3]' is not considered as a candidate in VHFN optimzation. Its physical fanout number is changed from 1152 to 129. To force replication, set the FORCE_MAX_FANOUT property on the net to a number less than 129.
INFO: [Physopt 32-1132] Very high fanout net 'traffic_replay_bd_i/replay_core_0/inst/core_i/scheduler_i/wr_ptr_reg[4]' is not considered as a candidate in VHFN optimzation. Its physical fanout number is changed from 1152 to 129. To force replication, set the FORCE_MAX_FANOUT property on the net to a number less than 129.
INFO: [Physopt 32-1132] Very high fanout net 'traffic_replay_bd_i/replay_core_0/inst/core_i/scheduler_i/wr_ptr_reg[5]' is not considered as a candidate in VHFN optimzation. Its physical fanout number is changed from 1161 to 130. To force replication, set the FORCE_MAX_FANOUT property on the net to a number less than 130.
INFO: [Physopt 32-1132] Very high fanout net 'traffic_replay_bd_i/replay_core_0/inst/core_i/scheduler_i/wr_ptr_reg[5]_rep__1_n_0' is not considered as a candidate in VHFN optimzation. Its physical fanout number is changed from 1011 to 124. To force replication, set the FORCE_MAX_FANOUT property on the net to a number less than 124.
INFO: [Physopt 32-1132] Very high fanout net 'traffic_replay_bd_i/replay_core_0/inst/core_i/scheduler_i/wr_ptr_reg[5]_rep__2_n_0' is not considered as a candidate in VHFN optimzation. Its physical fanout number is changed from 1011 to 124. To force replication, set the FORCE_MAX_FANOUT property on the net to a number less than 124.
INFO: [Physopt 32-1132] Very high fanout net 'traffic_replay_bd_i/replay_core_0/inst/core_i/scheduler_i/wr_ptr_reg[5]_rep__3_n_0' is not considered as a candidate in VHFN optimzation. Its physical fanout number is changed from 1107 to 124. To force replication, set the FORCE_MAX_FANOUT property on the net to a number less than 124.
INFO: [Physopt 32-1132] Very high fanout net 'traffic_replay_bd_i/replay_core_1/inst/core_i/ddr_reader_i/desc_wr_ptr_reg[0]' is not considered as a candidate in VHFN optimzation. Its physical fanout number is changed from 1307 to 188. To force replication, set the FORCE_MAX_FANOUT property on the net to a number less than 188.
INFO: [Physopt 32-1132] Very high fanout net 'traffic_replay_bd_i/replay_core_1/inst/core_i/ddr_reader_i/desc_wr_ptr_reg[0]_rep_n_0' is not considered as a candidate in VHFN optimzation. Its physical fanout number is changed from 1156 to 133. To force replication, set the FORCE_MAX_FANOUT property on the net to a number less than 133.
INFO: [Physopt 32-1132] Very high fanout net 'traffic_replay_bd_i/replay_core_1/inst/core_i/ddr_reader_i/desc_wr_ptr_reg[1]' is not considered as a candidate in VHFN optimzation. Its physical fanout number is changed from 1353 to 170. To force replication, set the FORCE_MAX_FANOUT property on the net to a number less than 170.
INFO: [Physopt 32-1132] Very high fanout net 'traffic_replay_bd_i/replay_core_1/inst/core_i/ddr_reader_i/desc_wr_ptr_reg[1]_rep_n_0' is not considered as a candidate in VHFN optimzation. Its physical fanout number is changed from 1108 to 149. To force replication, set the FORCE_MAX_FANOUT property on the net to a number less than 149.
INFO: [Physopt 32-1132] Very high fanout net 'traffic_replay_bd_i/replay_core_1/inst/core_i/ddr_reader_i/desc_wr_ptr_reg[2]' is not considered as a candidate in VHFN optimzation. Its physical fanout number is changed from 1353 to 170. To force replication, set the FORCE_MAX_FANOUT property on the net to a number less than 170.
INFO: [Physopt 32-1132] Very high fanout net 'traffic_replay_bd_i/replay_core_1/inst/core_i/ddr_reader_i/desc_wr_ptr_reg[2]_rep_n_0' is not considered as a candidate in VHFN optimzation. Its physical fanout number is changed from 1106 to 147. To force replication, set the FORCE_MAX_FANOUT property on the net to a number less than 147.
INFO: [Physopt 32-1132] Very high fanout net 'traffic_replay_bd_i/replay_core_1/inst/core_i/ddr_reader_i/desc_wr_ptr_reg[3]' is not considered as a candidate in VHFN optimzation. Its physical fanout number is changed from 1302 to 183. To force replication, set the FORCE_MAX_FANOUT property on the net to a number less than 183.
INFO: [Physopt 32-1132] Very high fanout net 'traffic_replay_bd_i/replay_core_1/inst/core_i/ddr_reader_i/desc_wr_ptr_reg[3]_rep_n_0' is not considered as a candidate in VHFN optimzation. Its physical fanout number is changed from 1155 to 132. To force replication, set the FORCE_MAX_FANOUT property on the net to a number less than 132.
INFO: [Physopt 32-1132] Very high fanout net 'traffic_replay_bd_i/replay_core_1/inst/core_i/ddr_reader_i/desc_wr_ptr_reg[4]' is not considered as a candidate in VHFN optimzation. Its physical fanout number is changed from 1104 to 145. To force replication, set the FORCE_MAX_FANOUT property on the net to a number less than 145.
INFO: [Physopt 32-1132] Very high fanout net 'traffic_replay_bd_i/replay_core_1/inst/core_i/ddr_reader_i/desc_wr_ptr_reg[4]_rep_n_0' is not considered as a candidate in VHFN optimzation. Its physical fanout number is changed from 1156 to 133. To force replication, set the FORCE_MAX_FANOUT property on the net to a number less than 133.
INFO: [Physopt 32-1132] Very high fanout net 'traffic_replay_bd_i/replay_core_1/inst/core_i/ddr_reader_i/desc_wr_ptr_reg[5]' is not considered as a candidate in VHFN optimzation. Its physical fanout number is changed from 1104 to 145. To force replication, set the FORCE_MAX_FANOUT property on the net to a number less than 145.
INFO: [Physopt 32-1132] Very high fanout net 'traffic_replay_bd_i/replay_core_1/inst/core_i/ddr_reader_i/desc_wr_ptr_reg[5]_rep_n_0' is not considered as a candidate in VHFN optimzation. Its physical fanout number is changed from 1153 to 130. To force replication, set the FORCE_MAX_FANOUT property on the net to a number less than 130.
INFO: [Physopt 32-1132] Very high fanout net 'traffic_replay_bd_i/replay_core_1/inst/core_i/ddr_reader_i/plan_wr_ptr_reg[0]_rep__0_n_0' is not considered as a candidate in VHFN optimzation. Its physical fanout number is changed from 1344 to 161. To force replication, set the FORCE_MAX_FANOUT property on the net to a number less than 161.
INFO: [Physopt 32-1132] Very high fanout net 'traffic_replay_bd_i/replay_core_1/inst/core_i/ddr_reader_i/plan_wr_ptr_reg[1]_rep__0_n_0' is not considered as a candidate in VHFN optimzation. Its physical fanout number is changed from 1344 to 161. To force replication, set the FORCE_MAX_FANOUT property on the net to a number less than 161.
INFO: [Physopt 32-1132] Very high fanout net 'traffic_replay_bd_i/replay_core_1/inst/core_i/ddr_reader_i/plan_wr_ptr_reg[2]_rep__0_n_0' is not considered as a candidate in VHFN optimzation. Its physical fanout number is changed from 1344 to 161. To force replication, set the FORCE_MAX_FANOUT property on the net to a number less than 161.
INFO: [Physopt 32-1132] Very high fanout net 'traffic_replay_bd_i/replay_core_1/inst/core_i/ddr_reader_i/plan_wr_ptr_reg[3]_rep__0_n_0' is not considered as a candidate in VHFN optimzation. Its physical fanout number is changed from 1344 to 161. To force replication, set the FORCE_MAX_FANOUT property on the net to a number less than 161.
INFO: [Physopt 32-1132] Very high fanout net 'traffic_replay_bd_i/replay_core_1/inst/core_i/ddr_reader_i/plan_wr_ptr_reg[4]_rep__0_n_0' is not considered as a candidate in VHFN optimzation. Its physical fanout number is changed from 1344 to 161. To force replication, set the FORCE_MAX_FANOUT property on the net to a number less than 161.
INFO: [Physopt 32-1132] Very high fanout net 'traffic_replay_bd_i/replay_core_1/inst/core_i/ddr_reader_i/plan_wr_ptr_reg[5]_rep__0_n_0' is not considered as a candidate in VHFN optimzation. Its physical fanout number is changed from 1344 to 161. To force replication, set the FORCE_MAX_FANOUT property on the net to a number less than 161.
INFO: [Physopt 32-1132] Very high fanout net 'traffic_replay_bd_i/replay_core_1/inst/core_i/scheduler_i/wr_ptr_reg[0]' is not considered as a candidate in VHFN optimzation. Its physical fanout number is changed from 1158 to 135. To force replication, set the FORCE_MAX_FANOUT property on the net to a number less than 135.
INFO: [Physopt 32-1132] Very high fanout net 'traffic_replay_bd_i/replay_core_1/inst/core_i/scheduler_i/wr_ptr_reg[1]' is not considered as a candidate in VHFN optimzation. Its physical fanout number is changed from 1152 to 129. To force replication, set the FORCE_MAX_FANOUT property on the net to a number less than 129.
INFO: [Physopt 32-1132] Very high fanout net 'traffic_replay_bd_i/replay_core_1/inst/core_i/scheduler_i/wr_ptr_reg[2]' is not considered as a candidate in VHFN optimzation. Its physical fanout number is changed from 1152 to 129. To force replication, set the FORCE_MAX_FANOUT property on the net to a number less than 129.
INFO: [Physopt 32-1132] Very high fanout net 'traffic_replay_bd_i/replay_core_1/inst/core_i/scheduler_i/wr_ptr_reg[3]' is not considered as a candidate in VHFN optimzation. Its physical fanout number is changed from 1152 to 129. To force replication, set the FORCE_MAX_FANOUT property on the net to a number less than 129.
INFO: [Physopt 32-1132] Very high fanout net 'traffic_replay_bd_i/replay_core_1/inst/core_i/scheduler_i/wr_ptr_reg[4]' is not considered as a candidate in VHFN optimzation. Its physical fanout number is changed from 1152 to 129. To force replication, set the FORCE_MAX_FANOUT property on the net to a number less than 129.
INFO: [Physopt 32-1132] Very high fanout net 'traffic_replay_bd_i/replay_core_1/inst/core_i/scheduler_i/wr_ptr_reg[5]' is not considered as a candidate in VHFN optimzation. Its physical fanout number is changed from 1161 to 130. To force replication, set the FORCE_MAX_FANOUT property on the net to a number less than 130.
INFO: [Physopt 32-1132] Very high fanout net 'traffic_replay_bd_i/replay_core_1/inst/core_i/scheduler_i/wr_ptr_reg[5]_rep__1_n_0' is not considered as a candidate in VHFN optimzation. Its physical fanout number is changed from 1011 to 124. To force replication, set the FORCE_MAX_FANOUT property on the net to a number less than 124.
INFO: [Physopt 32-1132] Very high fanout net 'traffic_replay_bd_i/replay_core_1/inst/core_i/scheduler_i/wr_ptr_reg[5]_rep__2_n_0' is not considered as a candidate in VHFN optimzation. Its physical fanout number is changed from 1011 to 124. To force replication, set the FORCE_MAX_FANOUT property on the net to a number less than 124.
INFO: [Physopt 32-1132] Very high fanout net 'traffic_replay_bd_i/replay_core_1/inst/core_i/scheduler_i/wr_ptr_reg[5]_rep__3_n_0' is not considered as a candidate in VHFN optimzation. Its physical fanout number is changed from 1107 to 124. To force replication, set the FORCE_MAX_FANOUT property on the net to a number less than 124.
INFO: [Physopt 32-76] Pass 1. Identified 29 candidate nets for fanout optimization.
INFO: [Physopt 32-81] Processed net traffic_replay_bd_i/ddr4_2/inst/u_ddr4_mem_intfc/u_ddr_cal_top/u_ddr_cal/u_ddr_cal_addr_decode/u_ddr_cal_cplx/cplx_cal. Replicated 7 times.
INFO: [Physopt 32-81] Processed net traffic_replay_bd_i/rst_ddr_1/U0/peripheral_aresetn[0]. Replicated 8 times.
INFO: [Physopt 32-81] Processed net traffic_replay_bd_i/ddr_axi_regslice/inst/w.w_pipe/S_READY. Replicated 7 times.
INFO: [Physopt 32-81] Processed net traffic_replay_bd_i/ddr4_0/inst/u_ddr4_mem_intfc/u_ddr_cal_top/u_ddr_cal/u_ddr_cal_addr_decode/u_ddr_cal_cplx/cplx_cal. Replicated 7 times.
INFO: [Physopt 32-81] Processed net traffic_replay_bd_i/ddr_bank1_regslice/inst/w.w_pipe/S_READY. Replicated 11 times.
INFO: [Physopt 32-81] Processed net traffic_replay_bd_i/rst_ddr/U0/peripheral_aresetn[0]. Replicated 2 times.
INFO: [Physopt 32-81] Processed net traffic_replay_bd_i/rst_ddr_3/U0/peripheral_aresetn[0]. Replicated 11 times.
INFO: [Physopt 32-81] Processed net traffic_replay_bd_i/ddr4_3/inst/u_ddr4_mem_intfc/u_ddr_cal_top/u_ddr_cal/u_ddr_cal_addr_decode/u_ddr_cal_cplx/cplx_cal. Replicated 8 times.
INFO: [Physopt 32-81] Processed net traffic_replay_bd_i/rst_ddr_2/U0/peripheral_aresetn[0]. Replicated 11 times.
INFO: [Physopt 32-81] Processed net traffic_replay_bd_i/ddr4_1/inst/u_ddr4_mem_intfc/u_ddr_cal_top/u_ddr_cal/u_ddr_cal_addr_decode/u_ddr_cal_cplx/cplx_cal. Replicated 7 times.
INFO: [Physopt 32-81] Processed net traffic_replay_bd_i/xdma_0/inst/pcie4_ip_i/inst/traffic_replay_bd_xdma_0_0_pcie4_ip_pcie_4_0_pipe_inst/pcie_4_0_init_ctrl_inst/core_reset_n. Replicated 13 times.
INFO: [Physopt 32-81] Processed net traffic_replay_bd_i/ddr_bank2_regslice/inst/w.w_pipe/S_READY. Replicated 9 times.
INFO: [Physopt 32-81] Processed net traffic_replay_bd_i/ddr_bank3_regslice/inst/w.w_pipe/S_READY. Replicated 8 times.
INFO: [Physopt 32-81] Processed net traffic_replay_bd_i/ddr_smc_2/inst/s01_entry_pipeline/s01_si_converter/inst/converter.wrap_narrow_inst/w_shelve_d. Replicated 8 times.
INFO: [Physopt 32-81] Processed net traffic_replay_bd_i/ddr_smc_2/inst/s01_entry_pipeline/s01_si_converter/inst/converter.wrap_narrow_inst/w_shelve_saved_d. Replicated 6 times.
INFO: [Physopt 32-81] Processed net traffic_replay_bd_i/ddr_smc_3/inst/s01_entry_pipeline/s01_si_converter/inst/converter.wrap_narrow_inst/w_shelve_d. Replicated 7 times.
INFO: [Physopt 32-81] Processed net traffic_replay_bd_i/ddr_smc_3/inst/s01_entry_pipeline/s01_si_converter/inst/converter.wrap_narrow_inst/w_shelve_saved_d. Replicated 7 times.
INFO: [Physopt 32-81] Processed net traffic_replay_bd_i/ddr_smc_1/inst/s00_entry_pipeline/s00_si_converter/inst/converter.wrap_narrow_inst/w_shelve_d. Replicated 5 times.
INFO: [Physopt 32-81] Processed net traffic_replay_bd_i/ddr_smc_2/inst/s00_entry_pipeline/s00_si_converter/inst/converter.wrap_narrow_inst/w_shelve_d. Replicated 8 times.
INFO: [Physopt 32-81] Processed net traffic_replay_bd_i/ddr_smc_3/inst/s00_entry_pipeline/s00_si_converter/inst/converter.wrap_narrow_inst/w_shelve_d. Replicated 6 times.
INFO: [Physopt 32-81] Processed net traffic_replay_bd_i/ddr4_1/inst/u_ddr4_mem_intfc/u_ddr_ui/u_ddr_ui_wr_data/app_wdf_rdy_r. Replicated 7 times.
INFO: [Physopt 32-81] Processed net traffic_replay_bd_i/ddr4_3/inst/u_ddr4_mem_intfc/u_ddr_ui/u_ddr_ui_wr_data/app_wdf_rdy_r. Replicated 6 times.
INFO: [Physopt 32-81] Processed net traffic_replay_bd_i/ddr_axi_regslice/inst/r.r_pipe/S_READY. Replicated 7 times.
INFO: [Physopt 32-81] Processed net traffic_replay_bd_i/ddr_bank1_regslice/inst/r.r_pipe/S_READY. Replicated 7 times.
INFO: [Physopt 32-81] Processed net traffic_replay_bd_i/ddr_bank3_regslice/inst/r.r_pipe/S_READY. Replicated 9 times.
INFO: [Physopt 32-81] Processed net traffic_replay_bd_i/ddr4_1/inst/u_ddr4_mem_intfc/u_ddr_ui/u_ddr_ui_wr_data/app_wdf_rdy_r_copy2. Replicated 6 times.
INFO: [Physopt 32-81] Processed net traffic_replay_bd_i/ddr4_3/inst/u_ddr4_mem_intfc/u_ddr_ui/u_ddr_ui_wr_data/app_wdf_rdy_r_copy2. Replicated 5 times.
INFO: [Physopt 32-81] Processed net traffic_replay_bd_i/xdma_0/inst/udma_wrapper/dma_top/dma_enable.aximm.dma_aximm/axi4mm_axi_mm_master_wr/wtlp_shft_right_503_reg_n_0. Replicated 5 times.
INFO: [Physopt 32-232] Optimized 28 nets. Created 208 new instances.
INFO: [Physopt 32-775] End 1 Pass. Optimized 28 nets or cells. Created 208 new cells, deleted 0 existing cell and moved 0 existing cell
Netlist sorting complete. Time (s): cpu = 00:00:00.97 ; elapsed = 00:00:00.97 . Memory (MB): peak = 11452.926 ; gain = 0.000 ; free physical = 72702 ; free virtual = 95725
INFO: [Physopt 32-76] Pass 1. Identified 6 candidate nets for fanout optimization.
INFO: [Physopt 32-81] Processed net traffic_replay_bd_i/xdma_0/inst/udma_wrapper/dma_top/dma_enable.vul_dma/dsc_eng.DSC/dsc_fifo_rp_nn2_reg[1]_0. Replicated 8 times.
INFO: [Physopt 32-81] Processed net traffic_replay_bd_i/xdma_0/inst/udma_wrapper/dma_top/dma_enable.vul_dma/dsc_eng.DSC/dsc_fifo_rp_nn2_reg[2]_0. Replicated 7 times.
INFO: [Physopt 32-81] Processed net traffic_replay_bd_i/xdma_0/inst/udma_wrapper/dma_top/dma_enable.vul_dma/dsc_eng.DSC/dsc_fifo_rp_nn2_reg[0]_0. Replicated 8 times.
INFO: [Physopt 32-81] Processed net traffic_replay_bd_i/xdma_0/inst/udma_wrapper/dma_top/dma_enable.vul_dma/dsc_eng.DSC/dsc_fifo_rp_nn2_reg[3]_0. Replicated 7 times.
INFO: [Physopt 32-81] Processed net traffic_replay_bd_i/replay_core_0/inst/core_i/ddr_reader_i/payload_fifo_i/rd_ptr_reg_n_0_[9]. Replicated 10 times.
INFO: [Physopt 32-81] Processed net traffic_replay_bd_i/replay_core_1/inst/core_i/ddr_reader_i/payload_fifo_i/ptr[0]. Replicated 10 times.
INFO: [Physopt 32-232] Optimized 6 nets. Created 50 new instances.
INFO: [Physopt 32-775] End 1 Pass. Optimized 6 nets or cells. Created 50 new cells, deleted 0 existing cell and moved 0 existing cell
Netlist sorting complete. Time (s): cpu = 00:00:00.35 ; elapsed = 00:00:00.35 . Memory (MB): peak = 11452.926 ; gain = 0.000 ; free physical = 72704 ; free virtual = 95727
INFO: [Physopt 32-117] Net traffic_replay_bd_i/replay_core_0/inst/core_i/regs_i/ACTIVE_LOW_PR_OUT_DFF[0].FDRE_PER_N_4 could not be optimized because driver traffic_replay_bd_i/replay_core_0/inst/core_i/regs_i/meta_gap_mem_reg_i_1 could not be replicated
INFO: [Physopt 32-117] Net traffic_replay_bd_i/tx_lbus_0/inst/core_i/data0_mem_reg_1_i_1_n_0 could not be optimized because driver traffic_replay_bd_i/tx_lbus_0/inst/core_i/data0_mem_reg_1_i_1 could not be replicated
INFO: [Physopt 32-117] Net traffic_replay_bd_i/tx_lbus_1/inst/core_i/data0_mem_reg_1_i_1_n_0 could not be optimized because driver traffic_replay_bd_i/tx_lbus_1/inst/core_i/data0_mem_reg_1_i_1 could not be replicated
INFO: [Physopt 32-117] Net traffic_replay_bd_i/replay_core_0/inst/core_i/regs_i/meta_stage_flags could not be optimized because driver traffic_replay_bd_i/replay_core_0/inst/core_i/regs_i/meta_gap_mem_reg_i_3 could not be replicated
INFO: [Physopt 32-117] Net traffic_replay_bd_i/replay_core_0/inst/core_i/ddr_reader_i/payload_fifo_i/payload_ram/xpm_memory_base_inst/gen_wr_a.gen_word_narrow.mem_reg_bram_0_i_2_n_0 could not be optimized because driver traffic_replay_bd_i/replay_core_0/inst/core_i/ddr_reader_i/payload_fifo_i/payload_ram/xpm_memory_base_inst/gen_wr_a.gen_word_narrow.mem_reg_bram_0_i_2 could not be replicated
INFO: [Physopt 32-117] Net traffic_replay_bd_i/replay_core_0/inst/core_i/ddr_reader_i/payload_fifo_i/payload_ram/xpm_memory_base_inst/gen_wr_a.gen_word_narrow.mem_reg_bram_1_i_3_n_0 could not be optimized because driver traffic_replay_bd_i/replay_core_0/inst/core_i/ddr_reader_i/payload_fifo_i/payload_ram/xpm_memory_base_inst/gen_wr_a.gen_word_narrow.mem_reg_bram_1_i_3 could not be replicated
INFO: [Physopt 32-117] Net traffic_replay_bd_i/replay_core_0/inst/core_i/ddr_reader_i/payload_fifo_i/payload_ram/xpm_memory_base_inst/gen_wr_a.gen_word_narrow.mem_reg_bram_5_i_3_n_0 could not be optimized because driver traffic_replay_bd_i/replay_core_0/inst/core_i/ddr_reader_i/payload_fifo_i/payload_ram/xpm_memory_base_inst/gen_wr_a.gen_word_narrow.mem_reg_bram_5_i_3 could not be replicated
INFO: [Physopt 32-117] Net traffic_replay_bd_i/replay_core_0/inst/core_i/ddr_reader_i/payload_fifo_i/payload_ram/xpm_memory_base_inst/gen_wr_a.gen_word_narrow.mem_reg_bram_2_i_3_n_0 could not be optimized because driver traffic_replay_bd_i/replay_core_0/inst/core_i/ddr_reader_i/payload_fifo_i/payload_ram/xpm_memory_base_inst/gen_wr_a.gen_word_narrow.mem_reg_bram_2_i_3 could not be replicated
INFO: [Physopt 32-117] Net traffic_replay_bd_i/replay_core_0/inst/core_i/ddr_reader_i/payload_fifo_i/payload_ram/xpm_memory_base_inst/gen_wr_a.gen_word_narrow.mem_reg_bram_6_i_3_n_0 could not be optimized because driver traffic_replay_bd_i/replay_core_0/inst/core_i/ddr_reader_i/payload_fifo_i/payload_ram/xpm_memory_base_inst/gen_wr_a.gen_word_narrow.mem_reg_bram_6_i_3 could not be replicated
INFO: [Physopt 32-117] Net traffic_replay_bd_i/replay_core_0/inst/core_i/ddr_reader_i/payload_fifo_i/payload_ram/xpm_memory_base_inst/gen_wr_a.gen_word_narrow.mem_reg_bram_7_i_3_n_0 could not be optimized because driver traffic_replay_bd_i/replay_core_0/inst/core_i/ddr_reader_i/payload_fifo_i/payload_ram/xpm_memory_base_inst/gen_wr_a.gen_word_narrow.mem_reg_bram_7_i_3 could not be replicated
INFO: [Physopt 32-117] Net traffic_replay_bd_i/replay_core_0/inst/core_i/ddr_reader_i/payload_fifo_i/payload_ram/xpm_memory_base_inst/gen_wr_a.gen_word_narrow.mem_reg_bram_5_i_1_n_0 could not be optimized because driver traffic_replay_bd_i/replay_core_0/inst/core_i/ddr_reader_i/payload_fifo_i/payload_ram/xpm_memory_base_inst/gen_wr_a.gen_word_narrow.mem_reg_bram_5_i_1 could not be replicated
INFO: [Physopt 32-117] Net traffic_replay_bd_i/replay_core_0/inst/core_i/ddr_reader_i/payload_fifo_i/payload_ram/xpm_memory_base_inst/gen_wr_a.gen_word_narrow.mem_reg_bram_7_i_1_n_0 could not be optimized because driver traffic_replay_bd_i/replay_core_0/inst/core_i/ddr_reader_i/payload_fifo_i/payload_ram/xpm_memory_base_inst/gen_wr_a.gen_word_narrow.mem_reg_bram_7_i_1 could not be replicated
INFO: [Physopt 32-117] Net traffic_replay_bd_i/replay_core_1/inst/core_i/ddr_reader_i/payload_fifo_i/payload_ram/xpm_memory_base_inst/gen_wr_a.gen_word_narrow.mem_reg_bram_7_i_2_n_0 could not be optimized because driver traffic_replay_bd_i/replay_core_1/inst/core_i/ddr_reader_i/payload_fifo_i/payload_ram/xpm_memory_base_inst/gen_wr_a.gen_word_narrow.mem_reg_bram_7_i_2 could not be replicated
INFO: [Physopt 32-117] Net traffic_replay_bd_i/replay_core_0/inst/core_i/ddr_reader_i/payload_fifo_i/s_axis_tready_q_reg_1 could not be optimized because driver traffic_replay_bd_i/replay_core_0/inst/core_i/ddr_reader_i/payload_fifo_i/meta_gap_mem_reg_i_2 could not be replicated
INFO: [Physopt 32-117] Net traffic_replay_bd_i/replay_core_1/inst/core_i/ddr_reader_i/payload_fifo_i/payload_ram/xpm_memory_base_inst/gen_wr_a.gen_word_narrow.mem_reg_bram_6_i_2_n_0 could not be optimized because driver traffic_replay_bd_i/replay_core_1/inst/core_i/ddr_reader_i/payload_fifo_i/payload_ram/xpm_memory_base_inst/gen_wr_a.gen_word_narrow.mem_reg_bram_6_i_2 could not be replicated
INFO: [Physopt 32-117] Net traffic_replay_bd_i/replay_core_1/inst/core_i/ddr_reader_i/payload_fifo_i/payload_ram/xpm_memory_base_inst/gen_wr_a.gen_word_narrow.mem_reg_bram_5_i_2_n_0 could not be optimized because driver traffic_replay_bd_i/replay_core_1/inst/core_i/ddr_reader_i/payload_fifo_i/payload_ram/xpm_memory_base_inst/gen_wr_a.gen_word_narrow.mem_reg_bram_5_i_2 could not be replicated
INFO: [Physopt 32-117] Net traffic_replay_bd_i/replay_core_0/inst/core_i/stream_prefetch_fifo_i/payload_ram/xpm_memory_base_inst/gen_wr_a.gen_word_narrow.mem_reg_bram_5_i_2_n_0 could not be optimized because driver traffic_replay_bd_i/replay_core_0/inst/core_i/stream_prefetch_fifo_i/payload_ram/xpm_memory_base_inst/gen_wr_a.gen_word_narrow.mem_reg_bram_5_i_2 could not be replicated
INFO: [Physopt 32-117] Net traffic_replay_bd_i/replay_core_1/inst/core_i/ddr_reader_i/payload_fifo_i/payload_ram/xpm_memory_base_inst/gen_wr_a.gen_word_narrow.mem_reg_bram_1_i_3_n_0 could not be optimized because driver traffic_replay_bd_i/replay_core_1/inst/core_i/ddr_reader_i/payload_fifo_i/payload_ram/xpm_memory_base_inst/gen_wr_a.gen_word_narrow.mem_reg_bram_1_i_3 could not be replicated
INFO: [Physopt 32-117] Net traffic_replay_bd_i/replay_core_1/inst/core_i/ddr_reader_i/payload_fifo_i/payload_ram/xpm_memory_base_inst/gen_wr_a.gen_word_narrow.mem_reg_bram_1_i_2_n_0 could not be optimized because driver traffic_replay_bd_i/replay_core_1/inst/core_i/ddr_reader_i/payload_fifo_i/payload_ram/xpm_memory_base_inst/gen_wr_a.gen_word_narrow.mem_reg_bram_1_i_2 could not be replicated
INFO: [Physopt 32-117] Net traffic_replay_bd_i/replay_core_1/inst/core_i/ddr_reader_i/payload_fifo_i/payload_ram/xpm_memory_base_inst/gen_wr_a.gen_word_narrow.mem_reg_bram_0_i_2_n_0 could not be optimized because driver traffic_replay_bd_i/replay_core_1/inst/core_i/ddr_reader_i/payload_fifo_i/payload_ram/xpm_memory_base_inst/gen_wr_a.gen_word_narrow.mem_reg_bram_0_i_2 could not be replicated
INFO: [Physopt 32-117] Net traffic_replay_bd_i/replay_core_0/inst/core_i/ddr_reader_i/payload_fifo_i/payload_ram/xpm_memory_base_inst/gen_wr_a.gen_word_narrow.mem_reg_bram_4_i_3_n_0 could not be optimized because driver traffic_replay_bd_i/replay_core_0/inst/core_i/ddr_reader_i/payload_fifo_i/payload_ram/xpm_memory_base_inst/gen_wr_a.gen_word_narrow.mem_reg_bram_4_i_3 could not be replicated
INFO: [Physopt 32-117] Net traffic_replay_bd_i/replay_core_0/inst/core_i/ddr_reader_i/payload_fifo_i/payload_ram/xpm_memory_base_inst/gen_wr_a.gen_word_narrow.mem_reg_bram_6_i_1_n_0 could not be optimized because driver traffic_replay_bd_i/replay_core_0/inst/core_i/ddr_reader_i/payload_fifo_i/payload_ram/xpm_memory_base_inst/gen_wr_a.gen_word_narrow.mem_reg_bram_6_i_1 could not be replicated
INFO: [Physopt 32-117] Net traffic_replay_bd_i/replay_core_0/inst/core_i/ddr_reader_i/payload_fifo_i/payload_ram/xpm_memory_base_inst/gen_wr_a.gen_word_narrow.mem_reg_bram_2_i_1_n_0 could not be optimized because driver traffic_replay_bd_i/replay_core_0/inst/core_i/ddr_reader_i/payload_fifo_i/payload_ram/xpm_memory_base_inst/gen_wr_a.gen_word_narrow.mem_reg_bram_2_i_1 could not be replicated
INFO: [Physopt 32-117] Net traffic_replay_bd_i/replay_core_0/inst/core_i/ddr_reader_i/payload_fifo_i/payload_ram/xpm_memory_base_inst/gen_wr_a.gen_word_narrow.mem_reg_bram_1_i_1_n_0 could not be optimized because driver traffic_replay_bd_i/replay_core_0/inst/core_i/ddr_reader_i/payload_fifo_i/payload_ram/xpm_memory_base_inst/gen_wr_a.gen_word_narrow.mem_reg_bram_1_i_1 could not be replicated
INFO: [Physopt 32-117] Net traffic_replay_bd_i/replay_core_1/inst/core_i/ddr_reader_i/payload_fifo_i/payload_ram/xpm_memory_base_inst/gen_wr_a.gen_word_narrow.mem_reg_bram_0_i_1_n_0 could not be optimized because driver traffic_replay_bd_i/replay_core_1/inst/core_i/ddr_reader_i/payload_fifo_i/payload_ram/xpm_memory_base_inst/gen_wr_a.gen_word_narrow.mem_reg_bram_0_i_1 could not be replicated
INFO: [Physopt 32-117] Net traffic_replay_bd_i/replay_core_1/inst/core_i/stream_prefetch_fifo_i/payload_ram/xpm_memory_base_inst/gen_wr_a.gen_word_narrow.mem_reg_bram_5_i_2_n_0 could not be optimized because driver traffic_replay_bd_i/replay_core_1/inst/core_i/stream_prefetch_fifo_i/payload_ram/xpm_memory_base_inst/gen_wr_a.gen_word_narrow.mem_reg_bram_5_i_2 could not be replicated
INFO: [Physopt 32-117] Net traffic_replay_bd_i/replay_core_1/inst/core_i/ddr_reader_i/payload_fifo_i/payload_ram/xpm_memory_base_inst/gen_wr_a.gen_word_narrow.mem_reg_bram_2_i_2_n_0 could not be optimized because driver traffic_replay_bd_i/replay_core_1/inst/core_i/ddr_reader_i/payload_fifo_i/payload_ram/xpm_memory_base_inst/gen_wr_a.gen_word_narrow.mem_reg_bram_2_i_2 could not be replicated
INFO: [Physopt 32-117] Net traffic_replay_bd_i/replay_core_0/inst/core_i/stream_prefetch_fifo_i/payload_ram/xpm_memory_base_inst/gen_wr_a.gen_word_narrow.mem_reg_bram_7_i_3_n_0 could not be optimized because driver traffic_replay_bd_i/replay_core_0/inst/core_i/stream_prefetch_fifo_i/payload_ram/xpm_memory_base_inst/gen_wr_a.gen_word_narrow.mem_reg_bram_7_i_3 could not be replicated
INFO: [Physopt 32-117] Net traffic_replay_bd_i/replay_core_1/inst/core_i/ddr_reader_i/payload_fifo_i/payload_ram/xpm_memory_base_inst/gen_wr_a.gen_word_narrow.mem_reg_bram_6_i_3_n_0 could not be optimized because driver traffic_replay_bd_i/replay_core_1/inst/core_i/ddr_reader_i/payload_fifo_i/payload_ram/xpm_memory_base_inst/gen_wr_a.gen_word_narrow.mem_reg_bram_6_i_3 could not be replicated
INFO: [Physopt 32-117] Net traffic_replay_bd_i/replay_core_1/inst/core_i/stream_prefetch_fifo_i/payload_ram/xpm_memory_base_inst/gen_wr_a.gen_word_narrow.mem_reg_bram_0_i_1_n_0 could not be optimized because driver traffic_replay_bd_i/replay_core_1/inst/core_i/stream_prefetch_fifo_i/payload_ram/xpm_memory_base_inst/gen_wr_a.gen_word_narrow.mem_reg_bram_0_i_1 could not be replicated
INFO: [Physopt 32-117] Net traffic_replay_bd_i/replay_core_0/inst/core_i/ddr_reader_i/payload_fifo_i/payload_ram/xpm_memory_base_inst/gen_wr_a.gen_word_narrow.mem_reg_bram_3_i_3_n_0 could not be optimized because driver traffic_replay_bd_i/replay_core_0/inst/core_i/ddr_reader_i/payload_fifo_i/payload_ram/xpm_memory_base_inst/gen_wr_a.gen_word_narrow.mem_reg_bram_3_i_3 could not be replicated
INFO: [Physopt 32-117] Net traffic_replay_bd_i/replay_core_1/inst/core_i/stream_prefetch_fifo_i/payload_ram/xpm_memory_base_inst/gen_wr_a.gen_word_narrow.mem_reg_bram_1_i_2_n_0 could not be optimized because driver traffic_replay_bd_i/replay_core_1/inst/core_i/stream_prefetch_fifo_i/payload_ram/xpm_memory_base_inst/gen_wr_a.gen_word_narrow.mem_reg_bram_1_i_2 could not be replicated
INFO: [Physopt 32-117] Net traffic_replay_bd_i/replay_core_1/inst/core_i/ddr_reader_i/payload_fifo_i/payload_ram/xpm_memory_base_inst/gen_wr_a.gen_word_narrow.mem_reg_bram_4_i_2_n_0 could not be optimized because driver traffic_replay_bd_i/replay_core_1/inst/core_i/ddr_reader_i/payload_fifo_i/payload_ram/xpm_memory_base_inst/gen_wr_a.gen_word_narrow.mem_reg_bram_4_i_2 could not be replicated
INFO: [Physopt 32-117] Net traffic_replay_bd_i/replay_core_0/inst/core_i/stream_prefetch_fifo_i/payload_ram/xpm_memory_base_inst/gen_wr_a.gen_word_narrow.mem_reg_bram_4_i_2_n_0 could not be optimized because driver traffic_replay_bd_i/replay_core_0/inst/core_i/stream_prefetch_fifo_i/payload_ram/xpm_memory_base_inst/gen_wr_a.gen_word_narrow.mem_reg_bram_4_i_2 could not be replicated
INFO: [Physopt 32-117] Net traffic_replay_bd_i/replay_core_1/inst/core_i/ddr_reader_i/payload_fifo_i/payload_ram/xpm_memory_base_inst/gen_wr_a.gen_word_narrow.mem_reg_bram_3_i_2_n_0 could not be optimized because driver traffic_replay_bd_i/replay_core_1/inst/core_i/ddr_reader_i/payload_fifo_i/payload_ram/xpm_memory_base_inst/gen_wr_a.gen_word_narrow.mem_reg_bram_3_i_2 could not be replicated
INFO: [Physopt 32-117] Net traffic_replay_bd_i/replay_core_1/inst/core_i/stream_prefetch_fifo_i/payload_ram/xpm_memory_base_inst/gen_wr_a.gen_word_narrow.mem_reg_bram_7_i_2_n_0 could not be optimized because driver traffic_replay_bd_i/replay_core_1/inst/core_i/stream_prefetch_fifo_i/payload_ram/xpm_memory_base_inst/gen_wr_a.gen_word_narrow.mem_reg_bram_7_i_2 could not be replicated
INFO: [Physopt 32-117] Net traffic_replay_bd_i/replay_core_0/inst/core_i/stream_prefetch_fifo_i/payload_ram/xpm_memory_base_inst/gen_wr_a.gen_word_narrow.mem_reg_bram_1_i_2_n_0 could not be optimized because driver traffic_replay_bd_i/replay_core_0/inst/core_i/stream_prefetch_fifo_i/payload_ram/xpm_memory_base_inst/gen_wr_a.gen_word_narrow.mem_reg_bram_1_i_2 could not be replicated
INFO: [Physopt 32-117] Net traffic_replay_bd_i/tx_lbus_0/inst/core_i/data0_mem_reg_1_i_2_n_0 could not be optimized because driver traffic_replay_bd_i/tx_lbus_0/inst/core_i/data0_mem_reg_1_i_2 could not be replicated
INFO: [Physopt 32-117] Net traffic_replay_bd_i/replay_core_0/inst/core_i/stream_prefetch_fifo_i/payload_ram/xpm_memory_base_inst/gen_wr_a.gen_word_narrow.mem_reg_bram_2_i_2_n_0 could not be optimized because driver traffic_replay_bd_i/replay_core_0/inst/core_i/stream_prefetch_fifo_i/payload_ram/xpm_memory_base_inst/gen_wr_a.gen_word_narrow.mem_reg_bram_2_i_2 could not be replicated
INFO: [Physopt 32-117] Net traffic_replay_bd_i/replay_core_1/inst/core_i/stream_prefetch_fifo_i/payload_ram/xpm_memory_base_inst/gen_wr_a.gen_word_narrow.mem_reg_bram_6_i_2_n_0 could not be optimized because driver traffic_replay_bd_i/replay_core_1/inst/core_i/stream_prefetch_fifo_i/payload_ram/xpm_memory_base_inst/gen_wr_a.gen_word_narrow.mem_reg_bram_6_i_2 could not be replicated
INFO: [Physopt 32-117] Net traffic_replay_bd_i/replay_core_1/inst/core_i/ddr_reader_i/payload_fifo_i/payload_ram/xpm_memory_base_inst/gen_wr_a.gen_word_narrow.mem_reg_bram_7_i_3_n_0 could not be optimized because driver traffic_replay_bd_i/replay_core_1/inst/core_i/ddr_reader_i/payload_fifo_i/payload_ram/xpm_memory_base_inst/gen_wr_a.gen_word_narrow.mem_reg_bram_7_i_3 could not be replicated
INFO: [Physopt 32-117] Net traffic_replay_bd_i/replay_core_0/inst/core_i/stream_prefetch_fifo_i/payload_ram/xpm_memory_base_inst/gen_wr_a.gen_word_narrow.mem_reg_bram_3_i_2_n_0 could not be optimized because driver traffic_replay_bd_i/replay_core_0/inst/core_i/stream_prefetch_fifo_i/payload_ram/xpm_memory_base_inst/gen_wr_a.gen_word_narrow.mem_reg_bram_3_i_2 could not be replicated
INFO: [Physopt 32-117] Net traffic_replay_bd_i/replay_core_1/inst/core_i/stream_prefetch_fifo_i/payload_ram/xpm_memory_base_inst/gen_wr_a.gen_word_narrow.mem_reg_bram_2_i_2_n_0 could not be optimized because driver traffic_replay_bd_i/replay_core_1/inst/core_i/stream_prefetch_fifo_i/payload_ram/xpm_memory_base_inst/gen_wr_a.gen_word_narrow.mem_reg_bram_2_i_2 could not be replicated
INFO: [Physopt 32-117] Net traffic_replay_bd_i/replay_core_0/inst/core_i/ddr_reader_i/payload_fifo_i/payload_ram/xpm_memory_base_inst/gen_wr_a.gen_word_narrow.mem_reg_bram_4_i_1_n_0 could not be optimized because driver traffic_replay_bd_i/replay_core_0/inst/core_i/ddr_reader_i/payload_fifo_i/payload_ram/xpm_memory_base_inst/gen_wr_a.gen_word_narrow.mem_reg_bram_4_i_1 could not be replicated
INFO: [Physopt 32-117] Net traffic_replay_bd_i/replay_core_0/inst/core_i/stream_prefetch_fifo_i/payload_ram/xpm_memory_base_inst/gen_wr_a.gen_word_narrow.mem_reg_bram_6_i_3_n_0 could not be optimized because driver traffic_replay_bd_i/replay_core_0/inst/core_i/stream_prefetch_fifo_i/payload_ram/xpm_memory_base_inst/gen_wr_a.gen_word_narrow.mem_reg_bram_6_i_3 could not be replicated
INFO: [Physopt 32-117] Net traffic_replay_bd_i/replay_core_1/inst/core_i/stream_prefetch_fifo_i/payload_ram/xpm_memory_base_inst/gen_wr_a.gen_word_narrow.mem_reg_bram_7_i_3_n_0 could not be optimized because driver traffic_replay_bd_i/replay_core_1/inst/core_i/stream_prefetch_fifo_i/payload_ram/xpm_memory_base_inst/gen_wr_a.gen_word_narrow.mem_reg_bram_7_i_3 could not be replicated
INFO: [Physopt 32-117] Net traffic_replay_bd_i/replay_core_1/inst/core_i/stream_prefetch_fifo_i/payload_ram/xpm_memory_base_inst/gen_wr_a.gen_word_narrow.mem_reg_bram_1_i_3_n_0 could not be optimized because driver traffic_replay_bd_i/replay_core_1/inst/core_i/stream_prefetch_fifo_i/payload_ram/xpm_memory_base_inst/gen_wr_a.gen_word_narrow.mem_reg_bram_1_i_3 could not be replicated
INFO: [Physopt 32-117] Net traffic_replay_bd_i/replay_core_1/inst/core_i/stream_prefetch_fifo_i/payload_ram/xpm_memory_base_inst/gen_wr_a.gen_word_narrow.mem_reg_bram_2_i_3_n_0 could not be optimized because driver traffic_replay_bd_i/replay_core_1/inst/core_i/stream_prefetch_fifo_i/payload_ram/xpm_memory_base_inst/gen_wr_a.gen_word_narrow.mem_reg_bram_2_i_3 could not be replicated
INFO: [Physopt 32-117] Net traffic_replay_bd_i/replay_core_1/inst/core_i/stream_prefetch_fifo_i/payload_ram/xpm_memory_base_inst/gen_wr_a.gen_word_narrow.mem_reg_bram_0_i_2_n_0 could not be optimized because driver traffic_replay_bd_i/replay_core_1/inst/core_i/stream_prefetch_fifo_i/payload_ram/xpm_memory_base_inst/gen_wr_a.gen_word_narrow.mem_reg_bram_0_i_2 could not be replicated
INFO: [Physopt 32-117] Net traffic_replay_bd_i/replay_core_1/inst/core_i/ddr_reader_i/payload_fifo_i/payload_ram/xpm_memory_base_inst/gen_wr_a.gen_word_narrow.mem_reg_bram_5_i_3_n_0 could not be optimized because driver traffic_replay_bd_i/replay_core_1/inst/core_i/ddr_reader_i/payload_fifo_i/payload_ram/xpm_memory_base_inst/gen_wr_a.gen_word_narrow.mem_reg_bram_5_i_3 could not be replicated
INFO: [Physopt 32-117] Net traffic_replay_bd_i/replay_core_0/inst/core_i/stream_prefetch_fifo_i/payload_ram/xpm_memory_base_inst/gen_wr_a.gen_word_narrow.mem_reg_bram_7_i_2_n_0 could not be optimized because driver traffic_replay_bd_i/replay_core_0/inst/core_i/stream_prefetch_fifo_i/payload_ram/xpm_memory_base_inst/gen_wr_a.gen_word_narrow.mem_reg_bram_7_i_2 could not be replicated
INFO: [Physopt 32-117] Net traffic_replay_bd_i/replay_core_0/inst/core_i/stream_prefetch_fifo_i/payload_ram/xpm_memory_base_inst/gen_wr_a.gen_word_narrow.mem_reg_bram_0_i_1_n_0 could not be optimized because driver traffic_replay_bd_i/replay_core_0/inst/core_i/stream_prefetch_fifo_i/payload_ram/xpm_memory_base_inst/gen_wr_a.gen_word_narrow.mem_reg_bram_0_i_1 could not be replicated
INFO: [Physopt 32-117] Net traffic_replay_bd_i/replay_core_0/inst/core_i/stream_prefetch_fifo_i/payload_ram/xpm_memory_base_inst/gen_wr_a.gen_word_narrow.mem_reg_bram_5_i_3_n_0 could not be optimized because driver traffic_replay_bd_i/replay_core_0/inst/core_i/stream_prefetch_fifo_i/payload_ram/xpm_memory_base_inst/gen_wr_a.gen_word_narrow.mem_reg_bram_5_i_3 could not be replicated
INFO: [Physopt 32-117] Net traffic_replay_bd_i/replay_core_1/inst/core_i/stream_prefetch_fifo_i/payload_ram/xpm_memory_base_inst/gen_wr_a.gen_word_narrow.mem_reg_bram_4_i_2_n_0 could not be optimized because driver traffic_replay_bd_i/replay_core_1/inst/core_i/stream_prefetch_fifo_i/payload_ram/xpm_memory_base_inst/gen_wr_a.gen_word_narrow.mem_reg_bram_4_i_2 could not be replicated
INFO: [Physopt 32-117] Net traffic_replay_bd_i/replay_core_1/inst/core_i/ddr_reader_i/payload_fifo_i/payload_ram/xpm_memory_base_inst/gen_wr_a.gen_word_narrow.mem_reg_bram_3_i_3_n_0 could not be optimized because driver traffic_replay_bd_i/replay_core_1/inst/core_i/ddr_reader_i/payload_fifo_i/payload_ram/xpm_memory_base_inst/gen_wr_a.gen_word_narrow.mem_reg_bram_3_i_3 could not be replicated
INFO: [Physopt 32-117] Net traffic_replay_bd_i/replay_core_0/inst/core_i/stream_prefetch_fifo_i/payload_ram/xpm_memory_base_inst/gen_wr_a.gen_word_narrow.mem_reg_bram_6_i_2_n_0 could not be optimized because driver traffic_replay_bd_i/replay_core_0/inst/core_i/stream_prefetch_fifo_i/payload_ram/xpm_memory_base_inst/gen_wr_a.gen_word_narrow.mem_reg_bram_6_i_2 could not be replicated
INFO: [Physopt 32-117] Net traffic_replay_bd_i/replay_core_1/inst/core_i/stream_prefetch_fifo_i/payload_ram/xpm_memory_base_inst/gen_wr_a.gen_word_narrow.mem_reg_bram_6_i_3_n_0 could not be optimized because driver traffic_replay_bd_i/replay_core_1/inst/core_i/stream_prefetch_fifo_i/payload_ram/xpm_memory_base_inst/gen_wr_a.gen_word_narrow.mem_reg_bram_6_i_3 could not be replicated
INFO: [Physopt 32-117] Net traffic_replay_bd_i/replay_core_1/inst/core_i/stream_prefetch_fifo_i/payload_ram/xpm_memory_base_inst/gen_wr_a.gen_word_narrow.mem_reg_bram_3_i_2_n_0 could not be optimized because driver traffic_replay_bd_i/replay_core_1/inst/core_i/stream_prefetch_fifo_i/payload_ram/xpm_memory_base_inst/gen_wr_a.gen_word_narrow.mem_reg_bram_3_i_2 could not be replicated
INFO: [Physopt 32-117] Net traffic_replay_bd_i/replay_core_1/inst/core_i/ddr_reader_i/payload_fifo_i/payload_ram/xpm_memory_base_inst/gen_wr_a.gen_word_narrow.mem_reg_bram_4_i_3_n_0 could not be optimized because driver traffic_replay_bd_i/replay_core_1/inst/core_i/ddr_reader_i/payload_fifo_i/payload_ram/xpm_memory_base_inst/gen_wr_a.gen_word_narrow.mem_reg_bram_4_i_3 could not be replicated
INFO: [Physopt 32-117] Net traffic_replay_bd_i/replay_core_0/inst/core_i/stream_prefetch_fifo_i/payload_ram/xpm_memory_base_inst/gen_wr_a.gen_word_narrow.mem_reg_bram_4_i_3_n_0 could not be optimized because driver traffic_replay_bd_i/replay_core_0/inst/core_i/stream_prefetch_fifo_i/payload_ram/xpm_memory_base_inst/gen_wr_a.gen_word_narrow.mem_reg_bram_4_i_3 could not be replicated
INFO: [Physopt 32-117] Net traffic_replay_bd_i/replay_core_0/inst/core_i/ddr_reader_i/payload_fifo_i/payload_ram/xpm_memory_base_inst/gen_wr_a.gen_word_narrow.mem_reg_bram_1_i_2_n_0 could not be optimized because driver traffic_replay_bd_i/replay_core_0/inst/core_i/ddr_reader_i/payload_fifo_i/payload_ram/xpm_memory_base_inst/gen_wr_a.gen_word_narrow.mem_reg_bram_1_i_2 could not be replicated
INFO: [Physopt 32-117] Net traffic_replay_bd_i/replay_core_1/inst/core_i/stream_prefetch_fifo_i/payload_ram/xpm_memory_base_inst/gen_wr_a.gen_word_narrow.mem_reg_bram_5_i_3_n_0 could not be optimized because driver traffic_replay_bd_i/replay_core_1/inst/core_i/stream_prefetch_fifo_i/payload_ram/xpm_memory_base_inst/gen_wr_a.gen_word_narrow.mem_reg_bram_5_i_3 could not be replicated
INFO: [Physopt 32-46] Identified 4 candidate nets for critical-cell optimization.
INFO: [Physopt 32-81] Processed net traffic_replay_bd_i/xdma_0/inst/udma_wrapper/dma_top/dma_enable.vul_dma/dsc_eng.DSC/dsc_fifo_rp_nn2_reg[6]_0. Replicated 1 times.
INFO: [Physopt 32-81] Processed net traffic_replay_bd_i/xdma_0/inst/udma_wrapper/dma_top/dma_enable.vul_dma/dsc_eng.DSC/dsc_fifo_rp_nn2_reg[5]_0. Replicated 1 times.
INFO: [Physopt 32-571] Net traffic_replay_bd_i/xdma_0/inst/udma_wrapper/dma_top/dma_enable.vul_dma/dsc_eng.DSC/dsc_fifo_rp_nn2_reg[4]_0 was not replicated.
INFO: [Physopt 32-232] Optimized 2 nets. Created 2 new instances.
INFO: [Physopt 32-775] End 1 Pass. Optimized 2 nets or cells. Created 2 new cells, deleted 0 existing cell and moved 0 existing cell
Netlist sorting complete. Time (s): cpu = 00:00:00.19 ; elapsed = 00:00:00.20 . Memory (MB): peak = 11452.926 ; gain = 0.000 ; free physical = 72704 ; free virtual = 95727
INFO: [Physopt 32-456] No candidate cells for DSP register optimization found in the design.
INFO: [Physopt 32-775] End 2 Pass. Optimized 0 net or cell. Created 0 new cell, deleted 0 existing cell and moved 0 existing cell
INFO: [Physopt 32-1123] No candidate cells found for Shift Register to Pipeline optimization
INFO: [Physopt 32-775] End 1 Pass. Optimized 0 net or cell. Created 0 new cell, deleted 0 existing cell and moved 0 existing cell
INFO: [Physopt 32-677] No candidate cells for Shift Register optimization found in the design
INFO: [Physopt 32-775] End 1 Pass. Optimized 0 net or cell. Created 0 new cell, deleted 0 existing cell and moved 0 existing cell
INFO: [Physopt 32-527] Pass 1: Identified 3 candidate cells for BRAM register optimization
INFO: [Physopt 32-666] Processed cell traffic_replay_bd_i/tx_axis_fifo_0/inst/payload_ram/xpm_memory_base_inst/gen_wr_a.gen_word_narrow.mem_reg_bram_15. No change.
INFO: [Physopt 32-666] Processed cell traffic_replay_bd_i/tx_axis_fifo_0/inst/payload_ram/xpm_memory_base_inst/gen_wr_a.gen_word_narrow.mem_reg_bram_13. No change.
INFO: [Physopt 32-666] Processed cell traffic_replay_bd_i/tx_axis_fifo_0/inst/payload_ram/xpm_memory_base_inst/gen_wr_a.gen_word_narrow.mem_reg_bram_0. No change.
INFO: [Physopt 32-775] End 1 Pass. Optimized 0 net or cell. Created 0 new cell, deleted 0 existing cell and moved 0 existing cell
Netlist sorting complete. Time (s): cpu = 00:00:00.07 ; elapsed = 00:00:00.08 . Memory (MB): peak = 11452.926 ; gain = 0.000 ; free physical = 72705 ; free virtual = 95728
INFO: [Physopt 32-846] No candidate cells for URAM register optimization found in the design
INFO: [Physopt 32-775] End 2 Pass. Optimized 0 net or cell. Created 0 new cell, deleted 0 existing cell and moved 0 existing cell
INFO: [Physopt 32-949] No candidate nets found for dynamic/static region interface net replication
INFO: [Physopt 32-775] End 1 Pass. Optimized 0 net or cell. Created 0 new cell, deleted 0 existing cell and moved 0 existing cell
Netlist sorting complete. Time (s): cpu = 00:00:00.07 ; elapsed = 00:00:00.07 . Memory (MB): peak = 11452.926 ; gain = 0.000 ; free physical = 72730 ; free virtual = 95753
INFO: [Physopt 32-736] Net traffic_replay_bd_i/ddr_axi_regslice/inst/w.w_pipe/s_ready_i0 has fanout of one; hence not performing Critical-cell optimization
INFO: [Physopt 32-68] No nets found for critical-cell optimization.
INFO: [Physopt 32-232] Optimized 0 net. Created 0 new instance.
INFO: [Physopt 32-775] End 1 Pass. Optimized 0 net or cell. Created 0 new cell, deleted 0 existing cell and moved 0 existing cell
Netlist sorting complete. Time (s): cpu = 00:00:00.07 ; elapsed = 00:00:00.07 . Memory (MB): peak = 11452.926 ; gain = 0.000 ; free physical = 72730 ; free virtual = 95753

Summary of Physical Synthesis Optimizations
============================================


-----------------------------------------------------------------------------------------------------------------------------------------------------------
|  Optimization                                     |  Added Cells  |  Removed Cells  |  Optimized Cells/Nets  |  Dont Touch  |  Iterations  |  Elapsed   |
-----------------------------------------------------------------------------------------------------------------------------------------------------------
|  LUT Combining                                    |          289  |           4775  |                  5064  |           0  |           1  |  00:00:09  |
|  Equivalent Driver Rewiring                       |          250  |            267  |                   153  |           1  |           1  |  00:00:55  |
|  Very High Fanout                                 |          208  |              0  |                    28  |           0  |           1  |  00:00:09  |
|  Fanout                                           |           50  |              0  |                     6  |           0  |           1  |  00:00:02  |
|  Critical Cell                                    |            2  |              0  |                     2  |           0  |           1  |  00:00:00  |
|  DSP Register                                     |            0  |              0  |                     0  |           0  |           1  |  00:00:01  |
|  Shift Register to Pipeline                       |            0  |              0  |                     0  |           0  |           1  |  00:00:00  |
|  Shift Register                                   |            0  |              0  |                     0  |           0  |           1  |  00:00:01  |
|  BRAM Register                                    |            0  |              0  |                     0  |           0  |           1  |  00:00:01  |
|  URAM Register                                    |            0  |              0  |                     0  |           0  |           1  |  00:00:01  |
|  Dynamic/Static Region Interface Net Replication  |            0  |              0  |                     0  |           0  |           1  |  00:00:00  |
|  Critical Cell                                    |            0  |              0  |                     0  |           0  |           1  |  00:00:00  |
|  Total                                            |          799  |           5042  |                  5253  |           1  |          12  |  00:01:17  |
-----------------------------------------------------------------------------------------------------------------------------------------------------------


Phase 2.3.1 Physical Synthesis In Placer | Checksum: 1651c0315

Time (s): cpu = 00:20:20 ; elapsed = 00:21:34 . Memory (MB): peak = 11452.926 ; gain = 2513.379 ; free physical = 72735 ; free virtual = 95758
SLR(matching) [0-1]       0     0     0   618   595    66    58     0     0     0     0     0  Total:  1337
SLR(matching) [1-2]       0   272   477  1098   859   529   935  1176    72     1     0     0  Total:  5419
Phase 2.3 Global Placement Core | Checksum: 203c80b02

Time (s): cpu = 00:20:54 ; elapsed = 00:22:10 . Memory (MB): peak = 11452.926 ; gain = 2513.379 ; free physical = 72473 ; free virtual = 95496
Phase 2 Global Placement | Checksum: 203c80b02

Time (s): cpu = 00:20:54 ; elapsed = 00:22:10 . Memory (MB): peak = 11452.926 ; gain = 2513.379 ; free physical = 72836 ; free virtual = 95860

Phase 3 Detail Placement

Phase 3.1 Commit Multi Column Macros
Phase 3.1 Commit Multi Column Macros | Checksum: 179679e06

Time (s): cpu = 00:21:23 ; elapsed = 00:22:40 . Memory (MB): peak = 11452.926 ; gain = 2513.379 ; free physical = 72842 ; free virtual = 95865

Phase 3.2 Commit Most Macros & LUTRAMs
SLR(matching) [0-1]       0     0     0   618   595    64    60     0     0     0     0     0  Total:  1337
SLR(matching) [1-2]       0   272   472  1094   868   529   903  1207    73     1     0     0  Total:  5419
SLR(matching) [0-1]       0     0     0   618   600    60    59     0     0     0     0     0  Total:  1337
SLR(matching) [1-2]       0   272   507  1063   858   528   896  1222    72     1     0     0  Total:  5419
Phase 3.2 Commit Most Macros & LUTRAMs | Checksum: 1c465ed39

Time (s): cpu = 00:23:15 ; elapsed = 00:24:34 . Memory (MB): peak = 11452.926 ; gain = 2513.379 ; free physical = 72640 ; free virtual = 95663

Phase 3.3 Small Shape DP

Phase 3.3.1 Small Shape Clustering
SLR(matching) [0-1]       0     0     0   619   578    59    83     0     0     0     0     0  Total:  1339
SLR(matching) [1-2]       0   259   501  1073   864   534   897  1219    73     1     0     0  Total:  5421
Phase 3.3.1 Small Shape Clustering | Checksum: 1ceb6411e

Time (s): cpu = 00:25:01 ; elapsed = 00:26:24 . Memory (MB): peak = 11452.926 ; gain = 2513.379 ; free physical = 72242 ; free virtual = 95266

Phase 3.3.2 Flow Legalize Slice Clusters
Phase 3.3.2 Flow Legalize Slice Clusters | Checksum: 2260e5c2c

Time (s): cpu = 00:25:09 ; elapsed = 00:26:33 . Memory (MB): peak = 11452.926 ; gain = 2513.379 ; free physical = 72260 ; free virtual = 95284

Phase 3.3.3 Slice Area Swap
SLR(matching) [0-1]       0     0     0   619   578    57    85     0     0     0     0     0  Total:  1339
SLR(matching) [1-2]       0   259   505  1070   833   556   877  1240    80     1     0     0  Total:  5421
SLR(matching) [0-1]       0     0     0   619   578    57    85     0     0     0     0     0  Total:  1339
SLR(matching) [1-2]       0   259   498  1066   860   543   882  1232    80     1     0     0  Total:  5421
Phase 3.3.3 Slice Area Swap | Checksum: 1e263f911

Time (s): cpu = 00:26:02 ; elapsed = 00:27:27 . Memory (MB): peak = 11452.926 ; gain = 2513.379 ; free physical = 72058 ; free virtual = 95082
Phase 3.3 Small Shape DP | Checksum: 1a7fa941a

Time (s): cpu = 00:27:22 ; elapsed = 00:28:48 . Memory (MB): peak = 11452.926 ; gain = 2513.379 ; free physical = 72169 ; free virtual = 95193

Phase 3.4 Re-assign LUT pins
Phase 3.4 Re-assign LUT pins | Checksum: 10ba2843b

Time (s): cpu = 00:27:37 ; elapsed = 00:29:03 . Memory (MB): peak = 11452.926 ; gain = 2513.379 ; free physical = 72196 ; free virtual = 95220

Phase 3.5 Pipeline Register Optimization
Phase 3.5 Pipeline Register Optimization | Checksum: 282fbf94a

Time (s): cpu = 00:27:44 ; elapsed = 00:29:10 . Memory (MB): peak = 11452.926 ; gain = 2513.379 ; free physical = 72216 ; free virtual = 95239

Phase 3.6 Fast Optimization
Phase 3.6 Fast Optimization | Checksum: be95b444

Time (s): cpu = 00:30:14 ; elapsed = 00:31:42 . Memory (MB): peak = 11452.926 ; gain = 2513.379 ; free physical = 72113 ; free virtual = 95137
Phase 3 Detail Placement | Checksum: be95b444

Time (s): cpu = 00:30:16 ; elapsed = 00:31:44 . Memory (MB): peak = 11452.926 ; gain = 2513.379 ; free physical = 72115 ; free virtual = 95139

Phase 4 Post Placement Optimization and Clean-Up

Phase 4.1 Post Commit Optimization
INFO: [Timing 38-35] Done setting XDC timing constraints.
WARNING: [Timing 38-3] User defined clock exists on pin traffic_replay_bd_i/xdma_0/inst/pcie4_ip_i/inst/traffic_replay_bd_xdma_0_0_pcie4_ip_gt_top_i/diablo_gt.diablo_gt_phy_wrapper/gt_wizard.gtwizard_top_i/traffic_replay_bd_xdma_0_0_pcie4_ip_gt_i/inst/gen_gtwizard_gtye4_top.traffic_replay_bd_xdma_0_0_pcie4_ip_gt_gtwizard_gtye4_inst/gen_gtwizard_gtye4.gen_channel_container[32].gen_enabled_channel.gtye4_channel_wrapper_inst/channel_inst/gtye4_channel_gen.gen_gtye4_channel_inst[3].GTYE4_CHANNEL_PRIM_INST/TXOUTCLK [See /home/user/tr_4ddr_timingfix_runs/bd_4ddr_dual_20260708_001610/build/vivado_hw/traffic_replay_hw.gen/sources_1/bd/traffic_replay_bd/ip/traffic_replay_bd_xdma_0_0/ip_0/source/ip_pcie4_uscale_plus_x1y2.xdc:127] and will prevent any subsequent automatic derivation of generated clocks on that pin. If the user defined clock specifies '-add', any existing auto-derived clocks on that pin are retained.

Phase 4.1.1 Post Placement Optimization
Post Placement Optimization Initialization | Checksum: 12a36407a

Phase 4.1.1.1 BUFG Insertion

Starting Physical Synthesis Task

Phase 1 Physical Synthesis Initialization
INFO: [Physopt 32-721] Multithreading enabled for phys_opt_design using a maximum of 1 CPUs
INFO: [Physopt 32-619] Estimated Timing Summary | WNS=-0.624 | TNS=-33.256 |
Phase 1 Physical Synthesis Initialization | Checksum: 1830d3d6f

Time (s): cpu = 00:00:22 ; elapsed = 00:00:22 . Memory (MB): peak = 11615.543 ; gain = 0.000 ; free physical = 72180 ; free virtual = 95204
INFO: [Place 46-33] Processed net traffic_replay_bd_i/replay_core_1/inst/core_i/regs_i/payload_reserved, BUFG insertion was skipped due to placement/routing conflicts.
INFO: [Place 46-33] Processed net traffic_replay_bd_i/replay_core_0/inst/core_i/regs_i/payload_reserved, BUFG insertion was skipped due to placement/routing conflicts.
INFO: [Place 46-33] Processed net traffic_replay_bd_i/cmac_1/inst/i_traffic_replay_bd_cmac_1_0_cmac_cdc_sync_core_drp_reset_rx_clk/usr_rx_reset, BUFG insertion was skipped due to placement/routing conflicts.
INFO: [Place 46-56] BUFG insertion identified 3 candidate nets. Inserted BUFG: 0, Replicated BUFG Driver: 0, Skipped due to Placement/Routing Conflicts: 3, Skipped due to Timing Degradation: 0, Skipped due to Illegal Netlist: 0.
Ending Physical Synthesis Task | Checksum: 13a57308e

Time (s): cpu = 00:00:28 ; elapsed = 00:00:29 . Memory (MB): peak = 11615.543 ; gain = 0.000 ; free physical = 72176 ; free virtual = 95200
Phase 4.1.1.1 BUFG Insertion | Checksum: 12a36407a

Time (s): cpu = 00:33:25 ; elapsed = 00:34:55 . Memory (MB): peak = 11615.543 ; gain = 2675.996 ; free physical = 72213 ; free virtual = 95237

Phase 4.1.1.2 BUFG Replication
INFO: [Place 46-63] BUFG replication identified 0 candidate nets: Replicated nets: 0, Replicated BUFGs: 0, Replicated BUFG Driver: 0, Skipped due to Placement / Routing Conflict: 0, Skipped due to Timing: 0, Skipped due to constraints: 0
Phase 4.1.1.2 BUFG Replication | Checksum: 12a36407a

Time (s): cpu = 00:33:28 ; elapsed = 00:34:58 . Memory (MB): peak = 11615.543 ; gain = 2675.996 ; free physical = 72215 ; free virtual = 95239
INFO: [Place 30-746] Post Placement Timing Summary WNS=-0.185. For the most accurate timing information please run report_timing.

Phase 4.1.1.3 Replication
INFO: [Place 46-19] Post Replication Timing Summary WNS=-0.185. For the most accurate timing information please run report_timing.
Phase 4.1.1.3 Replication | Checksum: 10fff4a2e

Time (s): cpu = 00:36:01 ; elapsed = 00:37:32 . Memory (MB): peak = 11615.543 ; gain = 2675.996 ; free physical = 72206 ; free virtual = 95230

Time (s): cpu = 00:36:01 ; elapsed = 00:37:32 . Memory (MB): peak = 11615.543 ; gain = 2675.996 ; free physical = 72216 ; free virtual = 95241
Phase 4.1 Post Commit Optimization | Checksum: 10fff4a2e

Time (s): cpu = 00:36:03 ; elapsed = 00:37:34 . Memory (MB): peak = 11615.543 ; gain = 2675.996 ; free physical = 72217 ; free virtual = 95241
Netlist sorting complete. Time (s): cpu = 00:00:00.23 ; elapsed = 00:00:00.24 . Memory (MB): peak = 11615.543 ; gain = 0.000 ; free physical = 72182 ; free virtual = 95207

Phase 4.2 Post Placement Cleanup
Phase 4.2 Post Placement Cleanup | Checksum: 1f01c8495

Time (s): cpu = 00:36:22 ; elapsed = 00:37:54 . Memory (MB): peak = 11615.543 ; gain = 2675.996 ; free physical = 72232 ; free virtual = 95257

Phase 4.3 Placer Reporting

Phase 4.3.1 Print Estimated Congestion
INFO: [Place 30-612] Post-Placement Estimated Congestion 
 ________________________________________________________________________
|           | Global Congestion | Long Congestion   | Short Congestion  |
| Direction | Region Size       | Region Size       | Region Size       |
|___________|___________________|___________________|___________________|
|      North|                4x4|              16x16|                8x8|
|___________|___________________|___________________|___________________|
|      South|                8x8|              16x16|                8x8|
|___________|___________________|___________________|___________________|
|       East|                4x4|                2x2|              32x32|
|___________|___________________|___________________|___________________|
|       West|                4x4|                4x4|              32x32|
|___________|___________________|___________________|___________________|

Phase 4.3.1 Print Estimated Congestion | Checksum: 1f01c8495

Time (s): cpu = 00:36:25 ; elapsed = 00:37:57 . Memory (MB): peak = 11615.543 ; gain = 2675.996 ; free physical = 72247 ; free virtual = 95271
Phase 4.3 Placer Reporting | Checksum: 1f01c8495

Time (s): cpu = 00:36:27 ; elapsed = 00:37:59 . Memory (MB): peak = 11615.543 ; gain = 2675.996 ; free physical = 72247 ; free virtual = 95271

Phase 4.4 Final Placement Cleanup
Netlist sorting complete. Time (s): cpu = 00:00:00.08 ; elapsed = 00:00:00.09 . Memory (MB): peak = 11615.543 ; gain = 0.000 ; free physical = 72257 ; free virtual = 95282

Time (s): cpu = 00:36:27 ; elapsed = 00:37:59 . Memory (MB): peak = 11615.543 ; gain = 2675.996 ; free physical = 72257 ; free virtual = 95282
Phase 4 Post Placement Optimization and Clean-Up | Checksum: 1aada8638

Time (s): cpu = 00:36:30 ; elapsed = 00:38:02 . Memory (MB): peak = 11615.543 ; gain = 2675.996 ; free physical = 72256 ; free virtual = 95281
Ending Placer Task | Checksum: 16ba97f01

Time (s): cpu = 00:36:30 ; elapsed = 00:38:02 . Memory (MB): peak = 11615.543 ; gain = 2675.996 ; free physical = 72256 ; free virtual = 95281
INFO: [Common 17-83] Releasing license: Implementation
275 Infos, 155 Warnings, 0 Critical Warnings and 0 Errors encountered.
place_design completed successfully
place_design: Time (s): cpu = 00:37:02 ; elapsed = 00:38:35 . Memory (MB): peak = 11615.543 ; gain = 2675.996 ; free physical = 73437 ; free virtual = 96461
INFO: [Common 17-600] The following parameters have non-default value.
general.maxThreads
INFO: [Timing 38-480] Writing timing data to binary archive.
Writing placer database...
Writing XDEF routing.
Writing XDEF routing logical nets.
Writing XDEF routing special nets.
Write XDEF Complete: Time (s): cpu = 00:00:15 ; elapsed = 00:00:16 . Memory (MB): peak = 11615.543 ; gain = 0.000 ; free physical = 72529 ; free virtual = 96404
INFO: [Common 17-1381] The checkpoint '/home/user/tr_4ddr_timingfix_runs/bd_4ddr_dual_20260708_001610/build/vivado_hw/traffic_replay_hw.runs/impl_1/traffic_replay_bd_wrapper_placed.dcp' has been generated.
write_checkpoint: Time (s): cpu = 00:02:17 ; elapsed = 00:02:32 . Memory (MB): peak = 11615.543 ; gain = 0.000 ; free physical = 73185 ; free virtual = 96419
INFO: [runtcl-4] Executing : report_io -file traffic_replay_bd_wrapper_io_placed.rpt
report_io: Time (s): cpu = 00:00:00.42 ; elapsed = 00:00:00.85 . Memory (MB): peak = 11615.543 ; gain = 0.000 ; free physical = 73142 ; free virtual = 96376
INFO: [runtcl-4] Executing : report_utilization -file traffic_replay_bd_wrapper_utilization_placed.rpt -pb traffic_replay_bd_wrapper_utilization_placed.pb
report_utilization: Time (s): cpu = 00:00:11 ; elapsed = 00:00:12 . Memory (MB): peak = 11615.543 ; gain = 0.000 ; free physical = 73185 ; free virtual = 96419
INFO: [runtcl-4] Executing : report_control_sets -verbose -file traffic_replay_bd_wrapper_control_sets_placed.rpt
report_control_sets: Time (s): cpu = 00:00:02 ; elapsed = 00:00:02 . Memory (MB): peak = 11615.543 ; gain = 0.000 ; free physical = 73173 ; free virtual = 96420
Command: phys_opt_design -directive Explore
Attempting to get a license for feature 'Implementation' and/or device 'xcu200'
INFO: [Common 17-349] Got license for feature 'Implementation' and/or device 'xcu200'
INFO: [Vivado_Tcl 4-137] Directive used for phys_opt_design is: Explore
INFO: [Vivado_Tcl 4-198] DRC finished with 0 Errors
INFO: [Vivado_Tcl 4-199] Please refer to the DRC report (report_drc) for more information.
Netlist sorting complete. Time (s): cpu = 00:00:00.08 ; elapsed = 00:00:00.08 . Memory (MB): peak = 11615.543 ; gain = 0.000 ; free physical = 72942 ; free virtual = 96189

Starting Physical Synthesis Task

Phase 1 Physical Synthesis Initialization
INFO: [Physopt 32-721] Multithreading enabled for phys_opt_design using a maximum of 1 CPUs
INFO: [Physopt 32-619] Estimated Timing Summary | WNS=-0.222 | TNS=-5.007 |
Phase 1 Physical Synthesis Initialization | Checksum: 17febd47b

Time (s): cpu = 00:01:15 ; elapsed = 00:01:16 . Memory (MB): peak = 11615.543 ; gain = 0.000 ; free physical = 72423 ; free virtual = 95670

Phase 2 SLR Crossing Optimization
WARNING: [Physopt 32-894] Found a constraint with the -through option on pin traffic_replay_bd_i/ddr_bank1_cc/inst/gen_clock_conv.gen_async_conv.asyncfifo_axi/inst_fifo_gen/gaxi_full_lite.gread_ch.grdch2.axi_rdch/grf.rf/rstblk/ngwrdrst.grst.g7serrst.gnsckt_wrst.rst_wr_reg2_inst/src_arst or the net immediately connecting to the pin. This constraint will block optimizations for this and all downstream leaf pins.
WARNING: [Physopt 32-894] Found a constraint with the -through option on pin traffic_replay_bd_i/ddr_smc_2/inst/s01_nodes/s01_w_node/inst/s_sc_xpm_cdc_async_rst_inst/src_arst or the net immediately connecting to the pin. This constraint will block optimizations for this and all downstream leaf pins.
WARNING: [Physopt 32-894] Found a constraint with the -through option on pin traffic_replay_bd_i/ddr_smc_3/inst/s01_nodes/s01_w_node/inst/s_sc_xpm_cdc_async_rst_inst/src_arst or the net immediately connecting to the pin. This constraint will block optimizations for this and all downstream leaf pins.
INFO: [Physopt 32-913] Selecting 26 candidate nets for crossing SLR optimization.
INFO: [Physopt 32-767] Processed net traffic_replay_bd_i/ctrl_ddr_regslice/inst/r.r_pipe/Q[15]. Re-placed instance traffic_replay_bd_i/ctrl_ddr_regslice/inst/r.r_pipe/m_payload_i_reg[15]
INFO: [Physopt 32-767] Processed net traffic_replay_bd_i/ctrl_ddr_regslice/inst/r.r_pipe/Q[21]. Re-placed instance traffic_replay_bd_i/ctrl_ddr_regslice/inst/r.r_pipe/m_payload_i_reg[21]
INFO: [Physopt 32-767] Processed net traffic_replay_bd_i/ctrl_ddr_regslice/inst/r.r_pipe/Q[26]. Re-placed instance traffic_replay_bd_i/ctrl_ddr_regslice/inst/r.r_pipe/m_payload_i_reg[26]
INFO: [Physopt 32-767] Processed net traffic_replay_bd_i/ddr_smc_3/inst/s00_entry_pipeline/s00_si_converter/inst/converter.wrap_narrow_inst/w_payld_fifo/w_payld_vacancy. Re-placed instance traffic_replay_bd_i/ddr_smc_3/inst/s00_entry_pipeline/s00_si_converter/inst/converter.wrap_narrow_inst/w_payld_fifo/s_ready_i_reg
INFO: [Physopt 32-767] Processed net traffic_replay_bd_i/ctrl_ddr_regslice/inst/r.r_pipe/Q[28]. Re-placed instance traffic_replay_bd_i/ctrl_ddr_regslice/inst/r.r_pipe/m_payload_i_reg[28]
INFO: [Physopt 32-767] Processed net traffic_replay_bd_i/ddr_smc_3/inst/s00_entry_pipeline/s00_si_converter/inst/converter.wrap_narrow_inst/aw_reg_slice/conv_awready_0. Re-placed instance traffic_replay_bd_i/ddr_smc_3/inst/s00_entry_pipeline/s00_si_converter/inst/converter.wrap_narrow_inst/aw_reg_slice/state_reg[s_ready_i]
INFO: [Physopt 32-767] Processed net traffic_replay_bd_i/ctrl_ddr_regslice/inst/r.r_pipe/Q[20]. Re-placed instance traffic_replay_bd_i/ctrl_ddr_regslice/inst/r.r_pipe/m_payload_i_reg[20]
INFO: [Physopt 32-767] Processed net traffic_replay_bd_i/ctrl_ddr_regslice/inst/r.r_pipe/Q[22]. Re-placed instance traffic_replay_bd_i/ctrl_ddr_regslice/inst/r.r_pipe/m_payload_i_reg[22]
INFO: [Physopt 32-767] Processed net traffic_replay_bd_i/ctrl_ddr_regslice/inst/r.r_pipe/Q[17]. Re-placed instance traffic_replay_bd_i/ctrl_ddr_regslice/inst/r.r_pipe/m_payload_i_reg[17]
INFO: [Physopt 32-767] Processed net traffic_replay_bd_i/ctrl_ddr_regslice/inst/r.r_pipe/Q[11]. Re-placed instance traffic_replay_bd_i/ctrl_ddr_regslice/inst/r.r_pipe/m_payload_i_reg[11]
INFO: [Physopt 32-767] Processed net traffic_replay_bd_i/ctrl_ddr_regslice/inst/r.r_pipe/Q[27]. Re-placed instance traffic_replay_bd_i/ctrl_ddr_regslice/inst/r.r_pipe/m_payload_i_reg[27]
INFO: [Physopt 32-767] Processed net traffic_replay_bd_i/ctrl_ddr_regslice/inst/r.r_pipe/Q[13]. Re-placed instance traffic_replay_bd_i/ctrl_ddr_regslice/inst/r.r_pipe/m_payload_i_reg[13]
INFO: [Physopt 32-767] Processed net traffic_replay_bd_i/ctrl_ddr_regslice/inst/r.r_pipe/Q[30]. Re-placed instance traffic_replay_bd_i/ctrl_ddr_regslice/inst/r.r_pipe/m_payload_i_reg[30]
INFO: [Physopt 32-767] Processed net traffic_replay_bd_i/ctrl_ddr_regslice/inst/r.r_pipe/Q[7]. Re-placed instance traffic_replay_bd_i/ctrl_ddr_regslice/inst/r.r_pipe/m_payload_i_reg[7]
INFO: [Physopt 32-767] Processed net traffic_replay_bd_i/ctrl_ddr_regslice/inst/r.r_pipe/Q[2]. Re-placed instance traffic_replay_bd_i/ctrl_ddr_regslice/inst/r.r_pipe/m_payload_i_reg[2]
INFO: [Physopt 32-767] Processed net traffic_replay_bd_i/ctrl_ddr_regslice/inst/r.r_pipe/Q[12]. Re-placed instance traffic_replay_bd_i/ctrl_ddr_regslice/inst/r.r_pipe/m_payload_i_reg[12]
INFO: [Physopt 32-775] End 1 Pass. Optimized 16 nets or cells. Created 2 new cells, deleted 0 existing cell and moved 14 existing cells
INFO: [Physopt 32-619] Estimated Timing Summary | WNS=-0.222 | TNS=-4.875 |
Netlist sorting complete. Time (s): cpu = 00:00:00.18 ; elapsed = 00:00:00.20 . Memory (MB): peak = 11615.543 ; gain = 0.000 ; free physical = 72401 ; free virtual = 95648
Phase 2 SLR Crossing Optimization | Checksum: 1db0ddded

Time (s): cpu = 00:01:29 ; elapsed = 00:01:30 . Memory (MB): peak = 11615.543 ; gain = 0.000 ; free physical = 72401 ; free virtual = 95648
INFO: [Physopt 32-619] Estimated Timing Summary | WNS=-0.222 | TNS=-4.875 |

Phase 3 Fanout Optimization
INFO: [Physopt 32-76] Pass 1. Identified 50 candidate nets for fanout optimization.
INFO: [Physopt 32-81] Processed net traffic_replay_bd_i/rx_cap_1/inst/core_i/s_axil_rdata[31]_i_7_n_0. Replicated 1 times.
INFO: [Physopt 32-81] Processed net traffic_replay_bd_i/rx_cap_1/inst/core_i/gap_sample_rd_index_q_reg[4]_rep__14_n_0. Replicated 2 times.
INFO: [Physopt 32-81] Processed net traffic_replay_bd_i/rx_cap_1/inst/core_i/gap_sample_rd_index_q_reg[2]_rep__10_n_0. Replicated 3 times.
INFO: [Physopt 32-81] Processed net traffic_replay_bd_i/rx_cap_1/inst/core_i/gap_sample_rd_index_q_reg[0]_rep__14_n_0. Replicated 2 times.
INFO: [Physopt 32-81] Processed net traffic_replay_bd_i/rx_cap_1/inst/core_i/gap_sample_rd_index_q_reg[2]_rep__6_n_0. Replicated 3 times.
INFO: [Physopt 32-81] Processed net traffic_replay_bd_i/rx_cap_1/inst/core_i/gap_sample_rd_index_q_reg[4]_rep__17_n_0. Replicated 4 times.
INFO: [Physopt 32-81] Processed net traffic_replay_bd_i/rx_cap_1/inst/core_i/gap_sample_rd_index_q_reg[0]_rep__10_n_0. Replicated 3 times.
INFO: [Physopt 32-81] Processed net traffic_replay_bd_i/rx_cap_1/inst/core_i/gap_sample_rd_index_q_reg[0]_rep__17_n_0. Replicated 2 times.
INFO: [Physopt 32-81] Processed net traffic_replay_bd_i/rx_cap_1/inst/core_i/gap_sample_rd_index_q_reg[0]_rep__29_n_0. Replicated 3 times.
INFO: [Physopt 32-81] Processed net traffic_replay_bd_i/rx_cap_1/inst/core_i/gap_sample_rd_index_q_reg[2]_rep__21_n_0. Replicated 2 times.
INFO: [Physopt 32-81] Processed net traffic_replay_bd_i/rx_cap_1/inst/core_i/gap_sample_rd_index_q_reg[1]_rep__29_n_0. Replicated 3 times.
INFO: [Physopt 32-81] Processed net traffic_replay_bd_i/rx_cap_1/inst/core_i/gap_sample_rd_index_q_reg[3]_rep__13_n_0. Replicated 2 times.
INFO: [Physopt 32-81] Processed net traffic_replay_bd_i/rx_cap_1/inst/core_i/gap_sample_rd_index_q_reg[0]_rep__26_n_0. Replicated 2 times.
INFO: [Physopt 32-81] Processed net traffic_replay_bd_i/rx_cap_1/inst/core_i/gap_sample_rd_index_q_reg[0]_rep__6_n_0. Replicated 3 times.
INFO: [Physopt 32-81] Processed net traffic_replay_bd_i/rx_cap_1/inst/core_i/gap_sample_rd_index_q_reg[3]_rep__30_n_0. Replicated 3 times.
INFO: [Physopt 32-81] Processed net traffic_replay_bd_i/rx_cap_1/inst/core_i/gap_sample_rd_index_q_reg[0]_rep__18_n_0. Replicated 3 times.
INFO: [Physopt 32-81] Processed net traffic_replay_bd_i/rx_cap_0/inst/core_i/s_axil_rdata[31]_i_7_n_0. Replicated 1 times.
INFO: [Physopt 32-81] Processed net traffic_replay_bd_i/rx_cap_1/inst/core_i/gap_sample_rd_index_q_reg[1]_rep__18_n_0. Replicated 3 times.
INFO: [Physopt 32-572] Net traffic_replay_bd_i/rx_cap_1/inst/core_i/gap_sample_rd_index_q_reg[2]_rep__13_n_0 was not replicated.
Resolution: phys_opt_design can be forced to replicate a net driver using the option -force_replication_on_nets <list of net objects>.
INFO: [Physopt 32-81] Processed net traffic_replay_bd_i/rx_cap_1/inst/core_i/gap_sample_rd_index_q_reg[0]_rep__21_n_0. Replicated 3 times.
INFO: [Physopt 32-81] Processed net traffic_replay_bd_i/rx_cap_1/inst/core_i/gap_sample_rd_index_q_reg[1]_rep__6_n_0. Replicated 3 times.
INFO: [Physopt 32-81] Processed net traffic_replay_bd_i/rx_cap_1/inst/core_i/gap_sample_rd_index_q_reg[3]_rep__11_n_0. Replicated 3 times.
INFO: [Physopt 32-81] Processed net traffic_replay_bd_i/rx_cap_1/inst/core_i/gap_sample_rd_index_q_reg[0]_rep__30_n_0. Replicated 3 times.
INFO: [Physopt 32-81] Processed net traffic_replay_bd_i/rx_cap_1/inst/core_i/gap_sample_rd_index_q_reg[0]_rep__2_n_0. Replicated 4 times.
INFO: [Physopt 32-572] Net traffic_replay_bd_i/rx_cap_1/inst/core_i/gap_sample_rd_index_q_reg[0]_rep__5_n_0 was not replicated.
Resolution: phys_opt_design can be forced to replicate a net driver using the option -force_replication_on_nets <list of net objects>.
INFO: [Physopt 32-81] Processed net traffic_replay_bd_i/rx_cap_1/inst/core_i/gap_sample_rd_index_q_reg[2]_rep__14_n_0. Replicated 2 times.
INFO: [Physopt 32-81] Processed net traffic_replay_bd_i/rx_cap_1/inst/core_i/gap_sample_rd_index_q_reg[1]_rep__22_n_0. Replicated 3 times.
INFO: [Physopt 32-81] Processed net traffic_replay_bd_i/rx_cap_1/inst/core_i/gap_sample_rd_index_q_reg[1]_rep__14_n_0. Replicated 2 times.
INFO: [Physopt 32-572] Net traffic_replay_bd_i/rx_cap_1/inst/core_i/gap_sample_rd_index_q_reg[0]_rep__13_n_0 was not replicated.
Resolution: phys_opt_design can be forced to replicate a net driver using the option -force_replication_on_nets <list of net objects>.
INFO: [Physopt 32-81] Processed net traffic_replay_bd_i/rx_cap_1/inst/core_i/gap_sample_rd_index_q_reg[3]_rep__14_n_0. Replicated 4 times.
INFO: [Physopt 32-81] Processed net traffic_replay_bd_i/rx_cap_1/inst/core_i/gap_sample_rd_index_q_reg[2]_rep__30_n_0. Replicated 3 times.
INFO: [Physopt 32-81] Processed net traffic_replay_bd_i/rx_cap_1/inst/core_i/gap_sample_rd_index_q_reg[1]_rep__21_n_0. Replicated 2 times.
INFO: [Physopt 32-81] Processed net traffic_replay_bd_i/rx_cap_1/inst/core_i/gap_sample_rd_index_q_reg[1]_rep__26_n_0. Replicated 4 times.
INFO: [Physopt 32-81] Processed net traffic_replay_bd_i/rx_cap_1/inst/core_i/gap_sample_rd_index_q_reg[1]_rep__25_n_0. Replicated 3 times.
INFO: [Physopt 32-81] Processed net traffic_replay_bd_i/rx_cap_1/inst/core_i/gap_sample_rd_index_q_reg[3]_rep__29_n_0. Replicated 3 times.
INFO: [Physopt 32-81] Processed net traffic_replay_bd_i/rx_cap_1/inst/core_i/gap_sample_rd_index_q__0[2]. Replicated 2 times.
INFO: [Physopt 32-572] Net traffic_replay_bd_i/rx_cap_1/inst/core_i/gap_sample_rd_index_q_reg[1]_rep__1_n_0 was not replicated.
Resolution: phys_opt_design can be forced to replicate a net driver using the option -force_replication_on_nets <list of net objects>.
INFO: [Physopt 32-81] Processed net traffic_replay_bd_i/rx_cap_1/inst/core_i/gap_sample_rd_index_q__0[0]. Replicated 4 times.
INFO: [Physopt 32-572] Net traffic_replay_bd_i/rx_cap_1/inst/core_i/gap_sample_rd_index_q_reg[1]_rep__5_n_0 was not replicated.
Resolution: phys_opt_design can be forced to replicate a net driver using the option -force_replication_on_nets <list of net objects>.
INFO: [Physopt 32-81] Processed net traffic_replay_bd_i/rx_cap_1/inst/core_i/gap_sample_rd_index_q_reg[5]_rep__6_n_0. Replicated 3 times.
INFO: [Physopt 32-81] Processed net traffic_replay_bd_i/rx_cap_1/inst/core_i/gap_sample_rd_index_q_reg[0]_rep__15_n_0. Replicated 3 times.
INFO: [Physopt 32-572] Net traffic_replay_bd_i/rx_cap_1/inst/core_i/gap_sample_rd_index_q_reg[1]_rep__17_n_0 was not replicated.
Resolution: phys_opt_design can be forced to replicate a net driver using the option -force_replication_on_nets <list of net objects>.
INFO: [Physopt 32-81] Processed net traffic_replay_bd_i/rx_cap_1/inst/core_i/gap_sample_rd_index_q_reg[1]_rep__33_n_0. Replicated 4 times.
INFO: [Physopt 32-572] Net traffic_replay_bd_i/rx_cap_1/inst/core_i/gap_sample_rd_index_q_reg[0]_rep__25_n_0 was not replicated.
Resolution: phys_opt_design can be forced to replicate a net driver using the option -force_replication_on_nets <list of net objects>.
INFO: [Physopt 32-81] Processed net traffic_replay_bd_i/rx_cap_1/inst/core_i/gap_sample_rd_index_q_reg[5]_rep__13_n_0. Replicated 2 times.
INFO: [Physopt 32-81] Processed net traffic_replay_bd_i/rx_cap_1/inst/core_i/gap_sample_rd_index_q_reg[3]_rep__10_n_0. Replicated 3 times.
INFO: [Physopt 32-81] Processed net traffic_replay_bd_i/rx_cap_1/inst/core_i/gap_sample_rd_index_q_reg[3]_rep__26_n_0. Replicated 3 times.
INFO: [Physopt 32-81] Processed net traffic_replay_bd_i/rx_cap_1/inst/core_i/gap_sample_rd_index_q_reg[2]_rep__22_n_0. Replicated 3 times.
INFO: [Physopt 32-81] Processed net traffic_replay_bd_i/rx_cap_1/inst/core_i/gap_sample_rd_index_q_reg[1]_rep__10_n_0. Replicated 3 times.
INFO: [Physopt 32-81] Processed net traffic_replay_bd_i/rx_cap_1/inst/core_i/gap_sample_rd_index_q_reg[0]_rep__19_n_0. Replicated 2 times.
INFO: [Physopt 32-232] Optimized 43 nets. Created 119 new instances.
INFO: [Physopt 32-775] End 1 Pass. Optimized 43 nets or cells. Created 119 new cells, deleted 0 existing cell and moved 0 existing cell
INFO: [Physopt 32-619] Estimated Timing Summary | WNS=-0.205 | TNS=-3.452 |
Netlist sorting complete. Time (s): cpu = 00:00:00.25 ; elapsed = 00:00:00.26 . Memory (MB): peak = 11615.543 ; gain = 0.000 ; free physical = 72400 ; free virtual = 95647
Phase 3 Fanout Optimization | Checksum: 1fdbca049

Time (s): cpu = 00:02:30 ; elapsed = 00:02:32 . Memory (MB): peak = 11615.543 ; gain = 0.000 ; free physical = 72400 ; free virtual = 95647

Phase 4 Single Cell Placement Optimization
INFO: [Physopt 32-660] Identified 250 candidate nets for placement-based optimization.
INFO: [Physopt 32-662] Processed net traffic_replay_bd_i/ctrl_rx1_cc/inst/gen_clock_conv.gen_async_lite_conv.clock_conv_lite_fwd_ar/handshake/dest_hsdata_ff[0].  Did not re-place instance traffic_replay_bd_i/ctrl_rx1_cc/inst/gen_clock_conv.gen_async_lite_conv.clock_conv_lite_fwd_ar/handshake/dest_hsdata_ff_reg[0]
INFO: [Physopt 32-662] Processed net traffic_replay_bd_i/rx_cap_1/inst/core_i/s_axil_rdata[31]_i_7_n_0_repN.  Did not re-place instance traffic_replay_bd_i/rx_cap_1/inst/core_i/s_axil_rdata[31]_i_7_replica
INFO: [Physopt 32-663] Processed net traffic_replay_bd_i/rx_cap_1/inst/core_i/s_axil_rdata[31]_i_18_n_0.  Re-placed instance traffic_replay_bd_i/rx_cap_1/inst/core_i/s_axil_rdata[31]_i_18
INFO: [Physopt 32-662] Processed net traffic_replay_bd_i/rx_cap_1/inst/core_i/s_axil_rdata[31]_i_2_n_0.  Did not re-place instance traffic_replay_bd_i/rx_cap_1/inst/core_i/s_axil_rdata[31]_i_2
INFO: [Physopt 32-663] Processed net traffic_replay_bd_i/rx_cap_1/inst/core_i/s_axil_rdata[31].  Re-placed instance traffic_replay_bd_i/rx_cap_1/inst/core_i/s_axil_rdata_reg[31]
INFO: [Physopt 32-663] Processed net traffic_replay_bd_i/rx_cap_1/inst/core_i/s_axil_rdata[27]_i_1_n_0.  Re-placed instance traffic_replay_bd_i/rx_cap_1/inst/core_i/s_axil_rdata[27]_i_1
INFO: [Physopt 32-663] Processed net traffic_replay_bd_i/rx_cap_1/inst/core_i/s_axil_rdata[27].  Re-placed instance traffic_replay_bd_i/rx_cap_1/inst/core_i/s_axil_rdata_reg[27]
INFO: [Physopt 32-662] Processed net traffic_replay_bd_i/rx_cap_1/inst/core_i/s_axil_rdata[30]_i_1_n_0.  Did not re-place instance traffic_replay_bd_i/rx_cap_1/inst/core_i/s_axil_rdata[30]_i_1
INFO: [Physopt 32-662] Processed net traffic_replay_bd_i/rx_cap_1/inst/core_i/s_axil_rdata[30].  Did not re-place instance traffic_replay_bd_i/rx_cap_1/inst/core_i/s_axil_rdata_reg[30]
INFO: [Physopt 32-662] Processed net traffic_replay_bd_i/ctrl_rx1_cc/inst/gen_clock_conv.gen_async_lite_conv.clock_conv_lite_fwd_ar/handshake/dest_hsdata_ff[12].  Did not re-place instance traffic_replay_bd_i/ctrl_rx1_cc/inst/gen_clock_conv.gen_async_lite_conv.clock_conv_lite_fwd_ar/handshake/dest_hsdata_ff_reg[12]
INFO: [Physopt 32-663] Processed net traffic_replay_bd_i/rx_cap_1/inst/core_i/s_axil_rdata[0]_i_1_n_0.  Re-placed instance traffic_replay_bd_i/rx_cap_1/inst/core_i/s_axil_rdata[0]_i_1
INFO: [Physopt 32-663] Processed net traffic_replay_bd_i/rx_cap_1/inst/core_i/s_axil_rdata[0].  Re-placed instance traffic_replay_bd_i/rx_cap_1/inst/core_i/s_axil_rdata_reg[0]
INFO: [Physopt 32-663] Processed net traffic_replay_bd_i/rx_cap_1/inst/core_i/s_axil_rdata[1]_i_1_n_0.  Re-placed instance traffic_replay_bd_i/rx_cap_1/inst/core_i/s_axil_rdata[1]_i_1
INFO: [Physopt 32-662] Processed net traffic_replay_bd_i/rx_cap_1/inst/core_i/s_axil_rdata[1].  Did not re-place instance traffic_replay_bd_i/rx_cap_1/inst/core_i/s_axil_rdata_reg[1]
INFO: [Physopt 32-662] Processed net traffic_replay_bd_i/ctrl_rx1_cc/inst/gen_clock_conv.gen_async_lite_conv.clock_conv_lite_fwd_ar/handshake/dest_hsdata_ff[10].  Did not re-place instance traffic_replay_bd_i/ctrl_rx1_cc/inst/gen_clock_conv.gen_async_lite_conv.clock_conv_lite_fwd_ar/handshake/dest_hsdata_ff_reg[10]
INFO: [Physopt 32-662] Processed net traffic_replay_bd_i/ctrl_rx1_cc/inst/gen_clock_conv.gen_async_lite_conv.clock_conv_lite_fwd_ar/handshake/dest_hsdata_ff[9].  Did not re-place instance traffic_replay_bd_i/ctrl_rx1_cc/inst/gen_clock_conv.gen_async_lite_conv.clock_conv_lite_fwd_ar/handshake/dest_hsdata_ff_reg[9]
INFO: [Physopt 32-663] Processed net traffic_replay_bd_i/rx_cap_1/inst/core_i/s_axil_rdata[31]_i_4_n_0.  Re-placed instance traffic_replay_bd_i/rx_cap_1/inst/core_i/s_axil_rdata[31]_i_4
INFO: [Physopt 32-663] Processed net traffic_replay_bd_i/rx_cap_1/inst/core_i/s_axil_rdata[31]_i_7_n_0.  Re-placed instance traffic_replay_bd_i/rx_cap_1/inst/core_i/s_axil_rdata[31]_i_7
INFO: [Physopt 32-662] Processed net traffic_replay_bd_i/rx_cap_1/inst/core_i/s_axil_rdata[11]_i_1_n_0.  Did not re-place instance traffic_replay_bd_i/rx_cap_1/inst/core_i/s_axil_rdata[11]_i_1
INFO: [Physopt 32-662] Processed net traffic_replay_bd_i/rx_cap_1/inst/core_i/s_axil_rdata[11].  Did not re-place instance traffic_replay_bd_i/rx_cap_1/inst/core_i/s_axil_rdata_reg[11]
INFO: [Physopt 32-662] Processed net traffic_replay_bd_i/rx_cap_1/inst/core_i/s_axil_rdata[18]_i_1_n_0.  Did not re-place instance traffic_replay_bd_i/rx_cap_1/inst/core_i/s_axil_rdata[18]_i_1
INFO: [Physopt 32-662] Processed net traffic_replay_bd_i/rx_cap_1/inst/core_i/s_axil_rdata[18].  Did not re-place instance traffic_replay_bd_i/rx_cap_1/inst/core_i/s_axil_rdata_reg[18]
INFO: [Physopt 32-663] Processed net traffic_replay_bd_i/rx_cap_1/inst/core_i/s_axil_rdata[16]_i_1_n_0.  Re-placed instance traffic_replay_bd_i/rx_cap_1/inst/core_i/s_axil_rdata[16]_i_1
INFO: [Physopt 32-662] Processed net traffic_replay_bd_i/rx_cap_1/inst/core_i/s_axil_rdata[24]_i_1_n_0.  Did not re-place instance traffic_replay_bd_i/rx_cap_1/inst/core_i/s_axil_rdata[24]_i_1
INFO: [Physopt 32-662] Processed net traffic_replay_bd_i/rx_cap_1/inst/core_i/s_axil_rdata[9]_i_1_n_0.  Did not re-place instance traffic_replay_bd_i/rx_cap_1/inst/core_i/s_axil_rdata[9]_i_1
INFO: [Physopt 32-662] Processed net traffic_replay_bd_i/rx_cap_1/inst/core_i/s_axil_rdata[16].  Did not re-place instance traffic_replay_bd_i/rx_cap_1/inst/core_i/s_axil_rdata_reg[16]
INFO: [Physopt 32-662] Processed net traffic_replay_bd_i/rx_cap_1/inst/core_i/s_axil_rdata[24].  Did not re-place instance traffic_replay_bd_i/rx_cap_1/inst/core_i/s_axil_rdata_reg[24]
INFO: [Physopt 32-662] Processed net traffic_replay_bd_i/rx_cap_1/inst/core_i/s_axil_rdata[9].  Did not re-place instance traffic_replay_bd_i/rx_cap_1/inst/core_i/s_axil_rdata_reg[9]
INFO: [Physopt 32-663] Processed net traffic_replay_bd_i/ctrl_rx1_cc/inst/gen_clock_conv.gen_async_lite_conv.clock_conv_lite_fwd_ar/handshake/dest_hsdata_en.  Re-placed instance traffic_replay_bd_i/ctrl_rx1_cc/inst/gen_clock_conv.gen_async_lite_conv.clock_conv_lite_fwd_ar/handshake/dest_hsdata_en_inferred_i_1
INFO: [Physopt 32-662] Processed net traffic_replay_bd_i/ctrl_rx1_cc/inst/gen_clock_conv.gen_async_lite_conv.clock_conv_lite_fwd_ar/handshake/xpm_cdc_single_src2dest_inst/syncstages_ff[2].  Did not re-place instance traffic_replay_bd_i/ctrl_rx1_cc/inst/gen_clock_conv.gen_async_lite_conv.clock_conv_lite_fwd_ar/handshake/xpm_cdc_single_src2dest_inst/syncstages_ff_reg[2]
INFO: [Physopt 32-663] Processed net traffic_replay_bd_i/ctrl_rx1_cc/inst/gen_clock_conv.gen_async_lite_conv.clock_conv_lite_fwd_ar/handshake/dest_hsdata_ff[2].  Re-placed instance traffic_replay_bd_i/ctrl_rx1_cc/inst/gen_clock_conv.gen_async_lite_conv.clock_conv_lite_fwd_ar/handshake/dest_hsdata_ff_reg[2]
INFO: [Physopt 32-662] Processed net traffic_replay_bd_i/ctrl_rx1_cc/inst/gen_clock_conv.gen_async_lite_conv.clock_conv_lite_fwd_ar/handshake/dest_hsdata_ff[1].  Did not re-place instance traffic_replay_bd_i/ctrl_rx1_cc/inst/gen_clock_conv.gen_async_lite_conv.clock_conv_lite_fwd_ar/handshake/dest_hsdata_ff_reg[1]
INFO: [Physopt 32-662] Processed net traffic_replay_bd_i/ctrl_rx1_cc/inst/gen_clock_conv.gen_async_lite_conv.clock_conv_lite_fwd_ar/handshake/dest_hsdata_ff[15].  Did not re-place instance traffic_replay_bd_i/ctrl_rx1_cc/inst/gen_clock_conv.gen_async_lite_conv.clock_conv_lite_fwd_ar/handshake/dest_hsdata_ff_reg[15]
INFO: [Physopt 32-663] Processed net traffic_replay_bd_i/rx_cap_1/inst/core_i/gap_sample_rd_index_q_reg[2]_rep__13_n_0.  Re-placed instance traffic_replay_bd_i/rx_cap_1/inst/core_i/gap_sample_rd_index_q_reg[2]_rep__13
INFO: [Physopt 32-662] Processed net traffic_replay_bd_i/rx_cap_1/inst/core_i/s_axil_rdata[21]_i_15_n_0.  Did not re-place instance traffic_replay_bd_i/rx_cap_1/inst/core_i/s_axil_rdata[21]_i_15
INFO: [Physopt 32-662] Processed net traffic_replay_bd_i/rx_cap_1/inst/core_i/s_axil_rdata[21]_i_1_n_0.  Did not re-place instance traffic_replay_bd_i/rx_cap_1/inst/core_i/s_axil_rdata[21]_i_1
INFO: [Physopt 32-662] Processed net traffic_replay_bd_i/rx_cap_1/inst/core_i/s_axil_rdata[21]_i_2_n_0.  Did not re-place instance traffic_replay_bd_i/rx_cap_1/inst/core_i/s_axil_rdata[21]_i_2
INFO: [Physopt 32-662] Processed net traffic_replay_bd_i/rx_cap_1/inst/core_i/s_axil_rdata[21]_i_30_n_0.  Did not re-place instance traffic_replay_bd_i/rx_cap_1/inst/core_i/s_axil_rdata[21]_i_30
INFO: [Physopt 32-662] Processed net traffic_replay_bd_i/rx_cap_1/inst/core_i/s_axil_rdata[21]_i_62_n_0.  Did not re-place instance traffic_replay_bd_i/rx_cap_1/inst/core_i/s_axil_rdata[21]_i_62
INFO: [Physopt 32-662] Processed net traffic_replay_bd_i/rx_cap_1/inst/core_i/s_axil_rdata[21].  Did not re-place instance traffic_replay_bd_i/rx_cap_1/inst/core_i/s_axil_rdata_reg[21]
INFO: [Physopt 32-663] Processed net traffic_replay_bd_i/ctrl_rx1_cc/inst/gen_clock_conv.gen_async_lite_conv.clock_conv_lite_fwd_ar/handshake/dest_hsdata_ff[5].  Re-placed instance traffic_replay_bd_i/ctrl_rx1_cc/inst/gen_clock_conv.gen_async_lite_conv.clock_conv_lite_fwd_ar/handshake/dest_hsdata_ff_reg[5]
INFO: [Physopt 32-662] Processed net traffic_replay_bd_i/rx_cap_1/inst/core_i/s_axil_rdata[26]_i_15_n_0.  Did not re-place instance traffic_replay_bd_i/rx_cap_1/inst/core_i/s_axil_rdata[26]_i_15
INFO: [Physopt 32-662] Processed net traffic_replay_bd_i/rx_cap_1/inst/core_i/s_axil_rdata[26]_i_1_n_0.  Did not re-place instance traffic_replay_bd_i/rx_cap_1/inst/core_i/s_axil_rdata[26]_i_1
INFO: [Physopt 32-662] Processed net traffic_replay_bd_i/rx_cap_1/inst/core_i/s_axil_rdata[26]_i_2_n_0.  Did not re-place instance traffic_replay_bd_i/rx_cap_1/inst/core_i/s_axil_rdata[26]_i_2
INFO: [Physopt 32-662] Processed net traffic_replay_bd_i/rx_cap_1/inst/core_i/s_axil_rdata[26]_i_30_n_0.  Did not re-place instance traffic_replay_bd_i/rx_cap_1/inst/core_i/s_axil_rdata[26]_i_30
INFO: [Physopt 32-662] Processed net traffic_replay_bd_i/rx_cap_1/inst/core_i/s_axil_rdata[26]_i_60_n_0.  Did not re-place instance traffic_replay_bd_i/rx_cap_1/inst/core_i/s_axil_rdata[26]_i_60
INFO: [Physopt 32-662] Processed net traffic_replay_bd_i/rx_cap_1/inst/core_i/s_axil_rdata[26].  Did not re-place instance traffic_replay_bd_i/rx_cap_1/inst/core_i/s_axil_rdata_reg[26]
INFO: [Physopt 32-662] Processed net traffic_replay_bd_i/rx_cap_1/inst/core_i/s_axil_rdata[25]_i_15_n_0.  Did not re-place instance traffic_replay_bd_i/rx_cap_1/inst/core_i/s_axil_rdata[25]_i_15
INFO: [Physopt 32-662] Processed net traffic_replay_bd_i/rx_cap_1/inst/core_i/s_axil_rdata[25]_i_1_n_0.  Did not re-place instance traffic_replay_bd_i/rx_cap_1/inst/core_i/s_axil_rdata[25]_i_1
INFO: [Physopt 32-662] Processed net traffic_replay_bd_i/rx_cap_1/inst/core_i/s_axil_rdata[25]_i_2_n_0.  Did not re-place instance traffic_replay_bd_i/rx_cap_1/inst/core_i/s_axil_rdata[25]_i_2
INFO: [Physopt 32-662] Processed net traffic_replay_bd_i/rx_cap_1/inst/core_i/s_axil_rdata[25]_i_30_n_0.  Did not re-place instance traffic_replay_bd_i/rx_cap_1/inst/core_i/s_axil_rdata[25]_i_30
INFO: [Physopt 32-662] Processed net traffic_replay_bd_i/rx_cap_1/inst/core_i/s_axil_rdata[25]_i_60_n_0.  Did not re-place instance traffic_replay_bd_i/rx_cap_1/inst/core_i/s_axil_rdata[25]_i_60
INFO: [Physopt 32-662] Processed net traffic_replay_bd_i/rx_cap_1/inst/core_i/s_axil_rdata[25].  Did not re-place instance traffic_replay_bd_i/rx_cap_1/inst/core_i/s_axil_rdata_reg[25]
INFO: [Physopt 32-663] Processed net traffic_replay_bd_i/rx_cap_1/inst/core_i/gap_sample_rd_index_q_reg[0]_rep__5_n_0.  Re-placed instance traffic_replay_bd_i/rx_cap_1/inst/core_i/gap_sample_rd_index_q_reg[0]_rep__5
INFO: [Physopt 32-662] Processed net traffic_replay_bd_i/rx_cap_1/inst/core_i/s_axil_rdata[13]_i_15_n_0.  Did not re-place instance traffic_replay_bd_i/rx_cap_1/inst/core_i/s_axil_rdata[13]_i_15
INFO: [Physopt 32-662] Processed net traffic_replay_bd_i/rx_cap_1/inst/core_i/s_axil_rdata[13]_i_1_n_0.  Did not re-place instance traffic_replay_bd_i/rx_cap_1/inst/core_i/s_axil_rdata[13]_i_1
INFO: [Physopt 32-662] Processed net traffic_replay_bd_i/rx_cap_1/inst/core_i/s_axil_rdata[13]_i_2_n_0.  Did not re-place instance traffic_replay_bd_i/rx_cap_1/inst/core_i/s_axil_rdata[13]_i_2
INFO: [Physopt 32-662] Processed net traffic_replay_bd_i/rx_cap_1/inst/core_i/s_axil_rdata[13]_i_30_n_0.  Did not re-place instance traffic_replay_bd_i/rx_cap_1/inst/core_i/s_axil_rdata[13]_i_30
INFO: [Physopt 32-662] Processed net traffic_replay_bd_i/rx_cap_1/inst/core_i/s_axil_rdata[13]_i_61_n_0.  Did not re-place instance traffic_replay_bd_i/rx_cap_1/inst/core_i/s_axil_rdata[13]_i_61
INFO: [Physopt 32-662] Processed net traffic_replay_bd_i/rx_cap_1/inst/core_i/s_axil_rdata[13].  Did not re-place instance traffic_replay_bd_i/rx_cap_1/inst/core_i/s_axil_rdata_reg[13]
INFO: [Physopt 32-662] Processed net traffic_replay_bd_i/ctrl_rx1_cc/inst/gen_clock_conv.gen_async_lite_conv.clock_conv_lite_fwd_ar/handshake/dest_hsdata_ff[14].  Did not re-place instance traffic_replay_bd_i/ctrl_rx1_cc/inst/gen_clock_conv.gen_async_lite_conv.clock_conv_lite_fwd_ar/handshake/dest_hsdata_ff_reg[14]
INFO: [Physopt 32-663] Processed net traffic_replay_bd_i/rx_cap_1/inst/core_i/gap_sample_rd_index_q_reg[0]_rep__13_n_0.  Re-placed instance traffic_replay_bd_i/rx_cap_1/inst/core_i/gap_sample_rd_index_q_reg[0]_rep__13
INFO: [Physopt 32-662] Processed net traffic_replay_bd_i/rx_cap_1/inst/core_i/s_axil_rdata[26]_i_61_n_0.  Did not re-place instance traffic_replay_bd_i/rx_cap_1/inst/core_i/s_axil_rdata[26]_i_61
INFO: [Physopt 32-662] Processed net traffic_replay_bd_i/rx_cap_1/inst/core_i/s_axil_rdata[25]_i_61_n_0.  Did not re-place instance traffic_replay_bd_i/rx_cap_1/inst/core_i/s_axil_rdata[25]_i_61
INFO: [Physopt 32-663] Processed net traffic_replay_bd_i/ctrl_rx1_cc/inst/gen_clock_conv.gen_async_lite_conv.clock_conv_lite_fwd_ar/handshake/dest_req.  Re-placed instance traffic_replay_bd_i/ctrl_rx1_cc/inst/gen_clock_conv.gen_async_lite_conv.clock_conv_lite_fwd_ar/handshake/dest_req_ff_reg
INFO: [Physopt 32-662] Processed net traffic_replay_bd_i/rx_cap_1/inst/core_i/s_axil_rdata[12]_i_15_n_0.  Did not re-place instance traffic_replay_bd_i/rx_cap_1/inst/core_i/s_axil_rdata[12]_i_15
INFO: [Physopt 32-662] Processed net traffic_replay_bd_i/rx_cap_1/inst/core_i/s_axil_rdata[12]_i_1_n_0.  Did not re-place instance traffic_replay_bd_i/rx_cap_1/inst/core_i/s_axil_rdata[12]_i_1
INFO: [Physopt 32-662] Processed net traffic_replay_bd_i/rx_cap_1/inst/core_i/s_axil_rdata[12]_i_2_n_0.  Did not re-place instance traffic_replay_bd_i/rx_cap_1/inst/core_i/s_axil_rdata[12]_i_2
INFO: [Physopt 32-662] Processed net traffic_replay_bd_i/rx_cap_1/inst/core_i/s_axil_rdata[12]_i_30_n_0.  Did not re-place instance traffic_replay_bd_i/rx_cap_1/inst/core_i/s_axil_rdata[12]_i_30
INFO: [Physopt 32-662] Processed net traffic_replay_bd_i/rx_cap_1/inst/core_i/s_axil_rdata[12]_i_60_n_0.  Did not re-place instance traffic_replay_bd_i/rx_cap_1/inst/core_i/s_axil_rdata[12]_i_60
INFO: [Physopt 32-662] Processed net traffic_replay_bd_i/rx_cap_1/inst/core_i/s_axil_rdata[22]_i_15_n_0.  Did not re-place instance traffic_replay_bd_i/rx_cap_1/inst/core_i/s_axil_rdata[22]_i_15
INFO: [Physopt 32-662] Processed net traffic_replay_bd_i/rx_cap_1/inst/core_i/s_axil_rdata[22]_i_1_n_0.  Did not re-place instance traffic_replay_bd_i/rx_cap_1/inst/core_i/s_axil_rdata[22]_i_1
INFO: [Physopt 32-662] Processed net traffic_replay_bd_i/rx_cap_1/inst/core_i/s_axil_rdata[22]_i_2_n_0.  Did not re-place instance traffic_replay_bd_i/rx_cap_1/inst/core_i/s_axil_rdata[22]_i_2
INFO: [Physopt 32-662] Processed net traffic_replay_bd_i/rx_cap_1/inst/core_i/s_axil_rdata[22]_i_30_n_0.  Did not re-place instance traffic_replay_bd_i/rx_cap_1/inst/core_i/s_axil_rdata[22]_i_30
INFO: [Physopt 32-662] Processed net traffic_replay_bd_i/rx_cap_1/inst/core_i/s_axil_rdata[22]_i_59_n_0.  Did not re-place instance traffic_replay_bd_i/rx_cap_1/inst/core_i/s_axil_rdata[22]_i_59
INFO: [Physopt 32-662] Processed net traffic_replay_bd_i/rx_cap_1/inst/core_i/s_axil_rdata[12].  Did not re-place instance traffic_replay_bd_i/rx_cap_1/inst/core_i/s_axil_rdata_reg[12]
INFO: [Physopt 32-662] Processed net traffic_replay_bd_i/rx_cap_1/inst/core_i/s_axil_rdata[22].  Did not re-place instance traffic_replay_bd_i/rx_cap_1/inst/core_i/s_axil_rdata_reg[22]
INFO: [Physopt 32-663] Processed net traffic_replay_bd_i/rx_cap_1/inst/core_i/gap_sample_rd_index_q_reg[1]_rep__1_n_0.  Re-placed instance traffic_replay_bd_i/rx_cap_1/inst/core_i/gap_sample_rd_index_q_reg[1]_rep__1
INFO: [Physopt 32-662] Processed net traffic_replay_bd_i/rx_cap_1/inst/core_i/s_axil_rdata[5]_i_17_n_0.  Did not re-place instance traffic_replay_bd_i/rx_cap_1/inst/core_i/s_axil_rdata[5]_i_17
INFO: [Physopt 32-662] Processed net traffic_replay_bd_i/rx_cap_1/inst/core_i/s_axil_rdata[5]_i_1_n_0.  Did not re-place instance traffic_replay_bd_i/rx_cap_1/inst/core_i/s_axil_rdata[5]_i_1
INFO: [Physopt 32-662] Processed net traffic_replay_bd_i/rx_cap_1/inst/core_i/s_axil_rdata[5]_i_2_n_0.  Did not re-place instance traffic_replay_bd_i/rx_cap_1/inst/core_i/s_axil_rdata[5]_i_2
INFO: [Physopt 32-662] Processed net traffic_replay_bd_i/rx_cap_1/inst/core_i/s_axil_rdata[5]_i_60_n_0.  Did not re-place instance traffic_replay_bd_i/rx_cap_1/inst/core_i/s_axil_rdata[5]_i_60
INFO: [Physopt 32-662] Processed net traffic_replay_bd_i/rx_cap_1/inst/core_i/s_axil_rdata[5]_i_7_n_0.  Did not re-place instance traffic_replay_bd_i/rx_cap_1/inst/core_i/s_axil_rdata[5]_i_7
INFO: [Physopt 32-662] Processed net traffic_replay_bd_i/rx_cap_1/inst/core_i/s_axil_rdata[5].  Did not re-place instance traffic_replay_bd_i/rx_cap_1/inst/core_i/s_axil_rdata_reg[5]
INFO: [Physopt 32-662] Processed net traffic_replay_bd_i/rx_cap_1/inst/core_i/s_axil_rdata[13]_i_59_n_0.  Did not re-place instance traffic_replay_bd_i/rx_cap_1/inst/core_i/s_axil_rdata[13]_i_59
INFO: [Physopt 32-663] Processed net traffic_replay_bd_i/rx_cap_1/inst/core_i/gap_sample_rd_index_q_reg[1]_rep__5_n_0.  Re-placed instance traffic_replay_bd_i/rx_cap_1/inst/core_i/gap_sample_rd_index_q_reg[1]_rep__5
INFO: [Physopt 32-662] Processed net traffic_replay_bd_i/rx_cap_1/inst/core_i/gap_sample_rd_index_q_reg[1]_rep__17_n_0.  Did not re-place instance traffic_replay_bd_i/rx_cap_1/inst/core_i/gap_sample_rd_index_q_reg[1]_rep__17
INFO: [Physopt 32-662] Processed net traffic_replay_bd_i/rx_cap_1/inst/core_i/s_axil_rdata[29].  Did not re-place instance traffic_replay_bd_i/rx_cap_1/inst/core_i/s_axil_rdata_reg[29]
INFO: [Physopt 32-662] Processed net traffic_replay_bd_i/rx_cap_1/inst/core_i/s_axil_rdata[29]_i_1_n_0.  Did not re-place instance traffic_replay_bd_i/rx_cap_1/inst/core_i/s_axil_rdata[29]_i_1
INFO: [Physopt 32-662] Processed net traffic_replay_bd_i/rx_cap_1/inst/core_i/s_axil_rdata[29]_i_20_n_0.  Did not re-place instance traffic_replay_bd_i/rx_cap_1/inst/core_i/s_axil_rdata[29]_i_20
INFO: [Physopt 32-662] Processed net traffic_replay_bd_i/rx_cap_1/inst/core_i/s_axil_rdata[29]_i_29_n_0.  Did not re-place instance traffic_replay_bd_i/rx_cap_1/inst/core_i/s_axil_rdata[29]_i_29
INFO: [Physopt 32-662] Processed net traffic_replay_bd_i/rx_cap_1/inst/core_i/s_axil_rdata[29]_i_2_n_0.  Did not re-place instance traffic_replay_bd_i/rx_cap_1/inst/core_i/s_axil_rdata[29]_i_2
INFO: [Physopt 32-662] Processed net traffic_replay_bd_i/rx_cap_1/inst/core_i/s_axil_rdata[29]_i_58_n_0.  Did not re-place instance traffic_replay_bd_i/rx_cap_1/inst/core_i/s_axil_rdata[29]_i_58
INFO: [Physopt 32-662] Processed net traffic_replay_bd_i/rx_cap_1/inst/core_i/s_axil_rdata[5]_i_58_n_0.  Did not re-place instance traffic_replay_bd_i/rx_cap_1/inst/core_i/s_axil_rdata[5]_i_58
INFO: [Physopt 32-663] Processed net traffic_replay_bd_i/rx_cap_1/inst/core_i/gap_sample_rd_index_q_reg[0]_rep__25_n_0.  Re-placed instance traffic_replay_bd_i/rx_cap_1/inst/core_i/gap_sample_rd_index_q_reg[0]_rep__25
INFO: [Physopt 32-663] Processed net traffic_replay_bd_i/rx_cap_1/inst/core_i/data35[12].  Re-placed instance traffic_replay_bd_i/rx_cap_1/inst/core_i/s_axil_rdata[12]_i_4
INFO: [Physopt 32-662] Processed net traffic_replay_bd_i/rx_cap_1/inst/core_i/s_axil_rdata[12]_i_31_n_0.  Did not re-place instance traffic_replay_bd_i/rx_cap_1/inst/core_i/s_axil_rdata[12]_i_31
INFO: [Physopt 32-662] Processed net traffic_replay_bd_i/rx_cap_1/inst/core_i/s_axil_rdata[21]_i_60_n_0.  Did not re-place instance traffic_replay_bd_i/rx_cap_1/inst/core_i/s_axil_rdata[21]_i_60
INFO: [Physopt 32-662] Processed net traffic_replay_bd_i/rx_cap_1/inst/core_i/s_axil_rdata[25]_i_59_n_0.  Did not re-place instance traffic_replay_bd_i/rx_cap_1/inst/core_i/s_axil_rdata[25]_i_59
INFO: [Physopt 32-662] Processed net traffic_replay_bd_i/rx_cap_1/inst/core_i/s_axil_rdata[26]_i_59_n_0.  Did not re-place instance traffic_replay_bd_i/rx_cap_1/inst/core_i/s_axil_rdata[26]_i_59
INFO: [Physopt 32-662] Processed net traffic_replay_bd_i/rx_cap_1/inst/core_i/s_axil_rdata[12]_i_59_n_0.  Did not re-place instance traffic_replay_bd_i/rx_cap_1/inst/core_i/s_axil_rdata[12]_i_59
INFO: [Physopt 32-662] Processed net traffic_replay_bd_i/rx_cap_1/inst/core_i/s_axil_rdata[21]_i_59_n_0.  Did not re-place instance traffic_replay_bd_i/rx_cap_1/inst/core_i/s_axil_rdata[21]_i_59
INFO: [Physopt 32-662] Processed net traffic_replay_bd_i/rx_cap_1/inst/core_i/s_axil_rdata[8].  Did not re-place instance traffic_replay_bd_i/rx_cap_1/inst/core_i/s_axil_rdata_reg[8]
INFO: [Physopt 32-662] Processed net traffic_replay_bd_i/rx_cap_1/inst/core_i/s_axil_rdata[8]_i_1_n_0.  Did not re-place instance traffic_replay_bd_i/rx_cap_1/inst/core_i/s_axil_rdata[8]_i_1
INFO: [Physopt 32-662] Processed net traffic_replay_bd_i/rx_cap_1/inst/core_i/s_axil_rdata[22]_i_61_n_0.  Did not re-place instance traffic_replay_bd_i/rx_cap_1/inst/core_i/s_axil_rdata[22]_i_61
INFO: [Physopt 32-662] Processed net traffic_replay_bd_i/ctrl_rx1_cc/inst/gen_clock_conv.gen_async_lite_conv.clock_conv_lite_fwd_ar/handshake/dest_hsdata_ff[11].  Did not re-place instance traffic_replay_bd_i/ctrl_rx1_cc/inst/gen_clock_conv.gen_async_lite_conv.clock_conv_lite_fwd_ar/handshake/dest_hsdata_ff_reg[11]
INFO: [Physopt 32-663] Processed net traffic_replay_bd_i/rx_cap_1/inst/core_i/gap_sample_rd_index_q_reg[5]_rep__13_n_0.  Re-placed instance traffic_replay_bd_i/rx_cap_1/inst/core_i/gap_sample_rd_index_q_reg[5]_rep__13
INFO: [Physopt 32-662] Processed net traffic_replay_bd_i/rx_cap_1/inst/core_i/s_axil_rdata[21]_i_61_n_0.  Did not re-place instance traffic_replay_bd_i/rx_cap_1/inst/core_i/s_axil_rdata[21]_i_61
INFO: [Physopt 32-662] Processed net traffic_replay_bd_i/rx_cap_1/inst/core_i/s_axil_rdata[24]_i_18_n_0.  Did not re-place instance traffic_replay_bd_i/rx_cap_1/inst/core_i/s_axil_rdata[24]_i_18
INFO: [Physopt 32-662] Processed net traffic_replay_bd_i/rx_cap_1/inst/core_i/s_axil_rdata[24]_i_29_n_0.  Did not re-place instance traffic_replay_bd_i/rx_cap_1/inst/core_i/s_axil_rdata[24]_i_29
INFO: [Physopt 32-663] Processed net traffic_replay_bd_i/rx_cap_1/inst/core_i/s_axil_rdata[24]_i_2_n_0.  Re-placed instance traffic_replay_bd_i/rx_cap_1/inst/core_i/s_axil_rdata[24]_i_2
INFO: [Physopt 32-662] Processed net traffic_replay_bd_i/rx_cap_1/inst/core_i/s_axil_rdata[24]_i_60_n_0.  Did not re-place instance traffic_replay_bd_i/rx_cap_1/inst/core_i/s_axil_rdata[24]_i_60
INFO: [Physopt 32-663] Processed net traffic_replay_bd_i/rx_cap_1/inst/core_i/gap_sample_rd_index_q_reg[0]_rep__22_n_0.  Re-placed instance traffic_replay_bd_i/rx_cap_1/inst/core_i/gap_sample_rd_index_q_reg[0]_rep__22
INFO: [Physopt 32-663] Processed net traffic_replay_bd_i/rx_cap_1/inst/core_i/gap_sample_rd_index_q_reg[1]_rep__4_n_0.  Re-placed instance traffic_replay_bd_i/rx_cap_1/inst/core_i/gap_sample_rd_index_q_reg[1]_rep__4
INFO: [Physopt 32-663] Processed net traffic_replay_bd_i/rx_cap_1/inst/core_i/gap_sample_rd_index_q_reg[2]_rep__26_n_0.  Re-placed instance traffic_replay_bd_i/rx_cap_1/inst/core_i/gap_sample_rd_index_q_reg[2]_rep__26
INFO: [Physopt 32-663] Processed net traffic_replay_bd_i/rx_cap_1/inst/core_i/gap_sample_rd_index_q_reg[0]_rep__17_n_0.  Re-placed instance traffic_replay_bd_i/rx_cap_1/inst/core_i/gap_sample_rd_index_q_reg[0]_rep__17
INFO: [Physopt 32-662] Processed net traffic_replay_bd_i/rx_cap_1/inst/core_i/data35[11].  Did not re-place instance traffic_replay_bd_i/rx_cap_1/inst/core_i/s_axil_rdata[11]_i_11
INFO: [Physopt 32-663] Processed net traffic_replay_bd_i/rx_cap_1/inst/core_i/data35[22].  Re-placed instance traffic_replay_bd_i/rx_cap_1/inst/core_i/s_axil_rdata[22]_i_4
INFO: [Physopt 32-662] Processed net traffic_replay_bd_i/rx_cap_1/inst/core_i/s_axil_rdata[10]_i_12_n_0.  Did not re-place instance traffic_replay_bd_i/rx_cap_1/inst/core_i/s_axil_rdata[10]_i_12
INFO: [Physopt 32-662] Processed net traffic_replay_bd_i/rx_cap_1/inst/core_i/s_axil_rdata[10]_i_1_n_0.  Did not re-place instance traffic_replay_bd_i/rx_cap_1/inst/core_i/s_axil_rdata[10]_i_1
INFO: [Physopt 32-662] Processed net traffic_replay_bd_i/rx_cap_1/inst/core_i/s_axil_rdata[10]_i_2_n_0.  Did not re-place instance traffic_replay_bd_i/rx_cap_1/inst/core_i/s_axil_rdata[10]_i_2
INFO: [Physopt 32-662] Processed net traffic_replay_bd_i/rx_cap_1/inst/core_i/s_axil_rdata[10]_i_65_n_0.  Did not re-place instance traffic_replay_bd_i/rx_cap_1/inst/core_i/s_axil_rdata[10]_i_65
INFO: [Physopt 32-662] Processed net traffic_replay_bd_i/rx_cap_1/inst/core_i/s_axil_rdata[10]_i_6_n_0.  Did not re-place instance traffic_replay_bd_i/rx_cap_1/inst/core_i/s_axil_rdata[10]_i_6
INFO: [Physopt 32-662] Processed net traffic_replay_bd_i/rx_cap_1/inst/core_i/s_axil_rdata[11]_i_2_n_0.  Did not re-place instance traffic_replay_bd_i/rx_cap_1/inst/core_i/s_axil_rdata[11]_i_2
INFO: [Physopt 32-662] Processed net traffic_replay_bd_i/rx_cap_1/inst/core_i/s_axil_rdata[11]_i_4_n_0.  Did not re-place instance traffic_replay_bd_i/rx_cap_1/inst/core_i/s_axil_rdata[11]_i_4
INFO: [Physopt 32-662] Processed net traffic_replay_bd_i/rx_cap_1/inst/core_i/s_axil_rdata[11]_i_56_n_0.  Did not re-place instance traffic_replay_bd_i/rx_cap_1/inst/core_i/s_axil_rdata[11]_i_56
INFO: [Physopt 32-662] Processed net traffic_replay_bd_i/rx_cap_1/inst/core_i/s_axil_rdata[22]_i_46_n_0.  Did not re-place instance traffic_replay_bd_i/rx_cap_1/inst/core_i/s_axil_rdata[22]_i_46
INFO: [Physopt 32-662] Processed net traffic_replay_bd_i/rx_cap_1/inst/core_i/s_axil_rdata[10].  Did not re-place instance traffic_replay_bd_i/rx_cap_1/inst/core_i/s_axil_rdata_reg[10]
INFO: [Physopt 32-663] Processed net traffic_replay_bd_i/xdma_0/inst/udma_wrapper/dma_top/dma_enable.vul_dma/dsc_eng.DSC/dsc_fifo_rp_nn2_reg[1]_0_repN.  Re-placed instance traffic_replay_bd_i/xdma_0/inst/udma_wrapper/dma_top/dma_enable.vul_dma/dsc_eng.DSC/dsc_fifo_rp_nn2_reg[1]_replica
INFO: [Physopt 32-662] Processed net traffic_replay_bd_i/xdma_0/inst/udma_wrapper/dma_top/dma_enable.vul_dma/dsc_eng.DSC/dcp_len_out_nn2_i_53_n_0.  Did not re-place instance traffic_replay_bd_i/xdma_0/inst/udma_wrapper/dma_top/dma_enable.vul_dma/dsc_eng.DSC/dcp_len_out_nn2_i_53
INFO: [Physopt 32-662] Processed net traffic_replay_bd_i/xdma_0/inst/udma_wrapper/dma_top/dma_enable.vul_dma/dsc_eng.DSC/dsc_fifo_rp_nn2[8]_i_1_n_0.  Did not re-place instance traffic_replay_bd_i/xdma_0/inst/udma_wrapper/dma_top/dma_enable.vul_dma/dsc_eng.DSC/dsc_fifo_rp_nn2[8]_i_2
INFO: [Physopt 32-662] Processed net traffic_replay_bd_i/xdma_0/inst/udma_wrapper/dma_top/dma_enable.vul_dma/dsc_eng.DSC/dcp_len_out_nn1.  Did not re-place instance traffic_replay_bd_i/xdma_0/inst/udma_wrapper/dma_top/dma_enable.vul_dma/dsc_eng.DSC/dcp_len_out_nn2_i_1
INFO: [Physopt 32-662] Processed net traffic_replay_bd_i/xdma_0/inst/udma_wrapper/dma_top/dma_enable.vul_dma/dsc_eng.DSC/dcp_len_out_nn2_i_14_n_0.  Did not re-place instance traffic_replay_bd_i/xdma_0/inst/udma_wrapper/dma_top/dma_enable.vul_dma/dsc_eng.DSC/dcp_len_out_nn2_i_14
INFO: [Physopt 32-662] Processed net traffic_replay_bd_i/xdma_0/inst/udma_wrapper/dma_top/dma_enable.vul_dma/dsc_eng.DSC/dsc_fifo_rp_nn2[8]_i_14_n_0.  Did not re-place instance traffic_replay_bd_i/xdma_0/inst/udma_wrapper/dma_top/dma_enable.vul_dma/dsc_eng.DSC/dsc_fifo_rp_nn2[8]_i_14
INFO: [Physopt 32-662] Processed net traffic_replay_bd_i/xdma_0/inst/udma_wrapper/dma_top/dma_enable.vul_dma/dsc_eng.DSC/dsc_fifo_rp_nn2[8]_i_211_n_0.  Did not re-place instance traffic_replay_bd_i/xdma_0/inst/udma_wrapper/dma_top/dma_enable.vul_dma/dsc_eng.DSC/dsc_fifo_rp_nn2[8]_i_211
INFO: [Physopt 32-662] Processed net traffic_replay_bd_i/xdma_0/inst/udma_wrapper/dma_top/dma_enable.vul_dma/dsc_eng.DSC/dcp_len_out_nn2.  Did not re-place instance traffic_replay_bd_i/xdma_0/inst/udma_wrapper/dma_top/dma_enable.vul_dma/dsc_eng.DSC/dcp_len_out_nn2_reg
INFO: [Physopt 32-663] Processed net traffic_replay_bd_i/rx_cap_1/inst/core_i/gap_sample_rd_index_q_reg[3]_rep__18_n_0.  Re-placed instance traffic_replay_bd_i/rx_cap_1/inst/core_i/gap_sample_rd_index_q_reg[3]_rep__18
INFO: [Physopt 32-663] Processed net traffic_replay_bd_i/rx_cap_1/inst/core_i/data35[2].  Re-placed instance traffic_replay_bd_i/rx_cap_1/inst/core_i/s_axil_rdata[2]_i_11
INFO: [Physopt 32-662] Processed net traffic_replay_bd_i/rx_cap_1/inst/core_i/data35[9].  Did not re-place instance traffic_replay_bd_i/rx_cap_1/inst/core_i/s_axil_rdata[9]_i_11
INFO: [Physopt 32-662] Processed net traffic_replay_bd_i/rx_cap_1/inst/core_i/s_axil_rdata[2]_i_1_n_0.  Did not re-place instance traffic_replay_bd_i/rx_cap_1/inst/core_i/s_axil_rdata[2]_i_1
INFO: [Physopt 32-662] Processed net traffic_replay_bd_i/rx_cap_1/inst/core_i/s_axil_rdata[2]_i_2_n_0.  Did not re-place instance traffic_replay_bd_i/rx_cap_1/inst/core_i/s_axil_rdata[2]_i_2
INFO: [Physopt 32-662] Processed net traffic_replay_bd_i/rx_cap_1/inst/core_i/s_axil_rdata[2]_i_43_n_0.  Did not re-place instance traffic_replay_bd_i/rx_cap_1/inst/core_i/s_axil_rdata[2]_i_43
INFO: [Physopt 32-662] Processed net traffic_replay_bd_i/rx_cap_1/inst/core_i/s_axil_rdata[2]_i_4_n_0.  Did not re-place instance traffic_replay_bd_i/rx_cap_1/inst/core_i/s_axil_rdata[2]_i_4
INFO: [Physopt 32-662] Processed net traffic_replay_bd_i/rx_cap_1/inst/core_i/s_axil_rdata[9]_i_2_n_0.  Did not re-place instance traffic_replay_bd_i/rx_cap_1/inst/core_i/s_axil_rdata[9]_i_2
INFO: [Physopt 32-662] Processed net traffic_replay_bd_i/rx_cap_1/inst/core_i/s_axil_rdata[9]_i_4_n_0.  Did not re-place instance traffic_replay_bd_i/rx_cap_1/inst/core_i/s_axil_rdata[9]_i_4
INFO: [Physopt 32-662] Processed net traffic_replay_bd_i/rx_cap_1/inst/core_i/s_axil_rdata[9]_i_57_n_0.  Did not re-place instance traffic_replay_bd_i/rx_cap_1/inst/core_i/s_axil_rdata[9]_i_57
INFO: [Physopt 32-662] Processed net traffic_replay_bd_i/rx_cap_1/inst/core_i/s_axil_rdata[2].  Did not re-place instance traffic_replay_bd_i/rx_cap_1/inst/core_i/s_axil_rdata_reg[2]
INFO: [Physopt 32-662] Processed net traffic_replay_bd_i/xdma_0/inst/udma_wrapper/dma_top/dma_enable.vul_dma/dsc_eng.DSC/dsc_fifo_rp_nn2[8]_i_210_n_0.  Did not re-place instance traffic_replay_bd_i/xdma_0/inst/udma_wrapper/dma_top/dma_enable.vul_dma/dsc_eng.DSC/dsc_fifo_rp_nn2[8]_i_210
INFO: [Physopt 32-663] Processed net traffic_replay_bd_i/rx_cap_1/inst/core_i/gap_sample_rd_index_q_reg[3]_rep__6_n_0.  Re-placed instance traffic_replay_bd_i/rx_cap_1/inst/core_i/gap_sample_rd_index_q_reg[3]_rep__6
INFO: [Physopt 32-662] Processed net traffic_replay_bd_i/rx_cap_1/inst/core_i/data35[21].  Did not re-place instance traffic_replay_bd_i/rx_cap_1/inst/core_i/s_axil_rdata[21]_i_4
INFO: [Physopt 32-662] Processed net traffic_replay_bd_i/rx_cap_1/inst/core_i/s_axil_rdata[12]_i_34_n_0.  Did not re-place instance traffic_replay_bd_i/rx_cap_1/inst/core_i/s_axil_rdata[12]_i_34
INFO: [Physopt 32-662] Processed net traffic_replay_bd_i/rx_cap_1/inst/core_i/s_axil_rdata[14]_i_15_n_0.  Did not re-place instance traffic_replay_bd_i/rx_cap_1/inst/core_i/s_axil_rdata[14]_i_15
INFO: [Physopt 32-662] Processed net traffic_replay_bd_i/rx_cap_1/inst/core_i/s_axil_rdata[14]_i_1_n_0.  Did not re-place instance traffic_replay_bd_i/rx_cap_1/inst/core_i/s_axil_rdata[14]_i_1
INFO: [Physopt 32-662] Processed net traffic_replay_bd_i/rx_cap_1/inst/core_i/s_axil_rdata[14]_i_2_n_0.  Did not re-place instance traffic_replay_bd_i/rx_cap_1/inst/core_i/s_axil_rdata[14]_i_2
INFO: [Physopt 32-662] Processed net traffic_replay_bd_i/rx_cap_1/inst/core_i/s_axil_rdata[14]_i_30_n_0.  Did not re-place instance traffic_replay_bd_i/rx_cap_1/inst/core_i/s_axil_rdata[14]_i_30
INFO: [Physopt 32-662] Processed net traffic_replay_bd_i/rx_cap_1/inst/core_i/s_axil_rdata[14]_i_72_n_0.  Did not re-place instance traffic_replay_bd_i/rx_cap_1/inst/core_i/s_axil_rdata[14]_i_72
INFO: [Physopt 32-662] Processed net traffic_replay_bd_i/rx_cap_1/inst/core_i/s_axil_rdata[21]_i_46_n_0.  Did not re-place instance traffic_replay_bd_i/rx_cap_1/inst/core_i/s_axil_rdata[21]_i_46
INFO: [Physopt 32-662] Processed net traffic_replay_bd_i/rx_cap_1/inst/core_i/s_axil_rdata[14].  Did not re-place instance traffic_replay_bd_i/rx_cap_1/inst/core_i/s_axil_rdata_reg[14]
INFO: [Physopt 32-663] Processed net traffic_replay_bd_i/replay_core_1/inst/core_i/stream_prefetch_fifo_i/payload_ram/xpm_memory_base_inst/gen_wr_a.gen_word_narrow.mem_reg_bram_0_i_3_n_0.  Re-placed instance traffic_replay_bd_i/replay_core_1/inst/core_i/stream_prefetch_fifo_i/payload_ram/xpm_memory_base_inst/gen_wr_a.gen_word_narrow.mem_reg_bram_0_i_3
INFO: [Physopt 32-662] Processed net traffic_replay_bd_i/replay_core_1/inst/core_i/stream_prefetch_fifo_i/p_0_in[1].  Did not re-place instance traffic_replay_bd_i/replay_core_1/inst/core_i/stream_prefetch_fifo_i/payload_ram_i_1__0
INFO: [Physopt 32-663] Processed net traffic_replay_bd_i/replay_core_1/inst/core_i/stream_reader_i/cmd_count_reg[0]_0.  Re-placed instance traffic_replay_bd_i/replay_core_1/inst/core_i/stream_reader_i/m_axi_rready_INST_0_i_2
INFO: [Physopt 32-662] Processed net traffic_replay_bd_i/replay_core_1/inst/core_i/stream_reader_i/cmd_count_reg[2].  Did not re-place instance traffic_replay_bd_i/replay_core_1/inst/core_i/stream_reader_i/cmd_count_reg[2]
INFO: [Physopt 32-663] Processed net traffic_replay_bd_i/replay_core_1/inst/core_i/stream_reader_i/m_axi_rready_INST_0_i_6_n_0.  Re-placed instance traffic_replay_bd_i/replay_core_1/inst/core_i/stream_reader_i/m_axi_rready_INST_0_i_6
INFO: [Physopt 32-662] Processed net traffic_replay_bd_i/replay_core_1/inst/core_i/stream_reader_i/cmd_count_reg[4].  Did not re-place instance traffic_replay_bd_i/replay_core_1/inst/core_i/stream_reader_i/cmd_count_reg[4]
INFO: [Physopt 32-662] Processed net traffic_replay_bd_i/rx_cap_1/inst/core_i/s_axil_rdata[2]_i_44_n_0.  Did not re-place instance traffic_replay_bd_i/rx_cap_1/inst/core_i/s_axil_rdata[2]_i_44
INFO: [Physopt 32-663] Processed net traffic_replay_bd_i/rx_cap_1/inst/core_i/gap_sample_rd_index_q_reg[1]_rep__15_n_0.  Re-placed instance traffic_replay_bd_i/rx_cap_1/inst/core_i/gap_sample_rd_index_q_reg[1]_rep__15
INFO: [Physopt 32-663] Processed net traffic_replay_bd_i/rx_cap_1/inst/core_i/gap_sample_rd_index_q_reg[5]_rep__30_n_0.  Re-placed instance traffic_replay_bd_i/rx_cap_1/inst/core_i/gap_sample_rd_index_q_reg[5]_rep__30
INFO: [Physopt 32-663] Processed net traffic_replay_bd_i/rx_cap_1/inst/core_i/data35[29].  Re-placed instance traffic_replay_bd_i/rx_cap_1/inst/core_i/s_axil_rdata[29]_i_5
INFO: [Physopt 32-662] Processed net traffic_replay_bd_i/rx_cap_1/inst/core_i/s_axil_rdata[28]_i_15_n_0.  Did not re-place instance traffic_replay_bd_i/rx_cap_1/inst/core_i/s_axil_rdata[28]_i_15
INFO: [Physopt 32-662] Processed net traffic_replay_bd_i/rx_cap_1/inst/core_i/s_axil_rdata[28]_i_1_n_0.  Did not re-place instance traffic_replay_bd_i/rx_cap_1/inst/core_i/s_axil_rdata[28]_i_1
INFO: [Physopt 32-662] Processed net traffic_replay_bd_i/rx_cap_1/inst/core_i/s_axil_rdata[28]_i_2_n_0.  Did not re-place instance traffic_replay_bd_i/rx_cap_1/inst/core_i/s_axil_rdata[28]_i_2
INFO: [Physopt 32-662] Processed net traffic_replay_bd_i/rx_cap_1/inst/core_i/s_axil_rdata[28]_i_30_n_0.  Did not re-place instance traffic_replay_bd_i/rx_cap_1/inst/core_i/s_axil_rdata[28]_i_30
INFO: [Physopt 32-662] Processed net traffic_replay_bd_i/rx_cap_1/inst/core_i/s_axil_rdata[28]_i_69_n_0.  Did not re-place instance traffic_replay_bd_i/rx_cap_1/inst/core_i/s_axil_rdata[28]_i_69
INFO: [Physopt 32-662] Processed net traffic_replay_bd_i/rx_cap_1/inst/core_i/s_axil_rdata[29]_i_43_n_0.  Did not re-place instance traffic_replay_bd_i/rx_cap_1/inst/core_i/s_axil_rdata[29]_i_43
INFO: [Physopt 32-662] Processed net traffic_replay_bd_i/rx_cap_1/inst/core_i/s_axil_rdata[28].  Did not re-place instance traffic_replay_bd_i/rx_cap_1/inst/core_i/s_axil_rdata_reg[28]
INFO: [Physopt 32-662] Processed net traffic_replay_bd_i/rx_cap_1/inst/core_i/s_axil_rdata[7]_i_1_n_0.  Did not re-place instance traffic_replay_bd_i/rx_cap_1/inst/core_i/s_axil_rdata[7]_i_1
INFO: [Physopt 32-662] Processed net traffic_replay_bd_i/rx_cap_1/inst/core_i/s_axil_rdata[7].  Did not re-place instance traffic_replay_bd_i/rx_cap_1/inst/core_i/s_axil_rdata_reg[7]
INFO: [Physopt 32-663] Processed net traffic_replay_bd_i/rx_cap_1/inst/core_i/gap_sample_rd_index_q_reg[4]_rep__6_n_0.  Re-placed instance traffic_replay_bd_i/rx_cap_1/inst/core_i/gap_sample_rd_index_q_reg[4]_rep__6
INFO: [Physopt 32-662] Processed net traffic_replay_bd_i/rx_cap_1/inst/core_i/s_axil_rdata[14]_i_74_n_0.  Did not re-place instance traffic_replay_bd_i/rx_cap_1/inst/core_i/s_axil_rdata[14]_i_74
INFO: [Physopt 32-662] Processed net traffic_replay_bd_i/xdma_0/inst/udma_wrapper/dma_top/dma_enable.vul_dma/dsc_eng.DSC/dcp_len_out_nn2_i_118_n_0.  Did not re-place instance traffic_replay_bd_i/xdma_0/inst/udma_wrapper/dma_top/dma_enable.vul_dma/dsc_eng.DSC/dcp_len_out_nn2_i_118
INFO: [Physopt 32-662] Processed net traffic_replay_bd_i/rx_cap_1/inst/core_i/s_axil_rdata[17]_i_1_n_0.  Did not re-place instance traffic_replay_bd_i/rx_cap_1/inst/core_i/s_axil_rdata[17]_i_1
INFO: [Physopt 32-662] Processed net traffic_replay_bd_i/xdma_0/inst/udma_wrapper/dma_top/dma_enable.vul_dma/dsc_eng.DSC/dcp_len_out_nn2_i_11_n_0.  Did not re-place instance traffic_replay_bd_i/xdma_0/inst/udma_wrapper/dma_top/dma_enable.vul_dma/dsc_eng.DSC/dcp_len_out_nn2_i_11
INFO: [Physopt 32-662] Processed net traffic_replay_bd_i/rx_cap_1/inst/core_i/s_axil_rdata[17].  Did not re-place instance traffic_replay_bd_i/rx_cap_1/inst/core_i/s_axil_rdata_reg[17]
INFO: [Physopt 32-662] Processed net traffic_replay_bd_i/rx_cap_1/inst/core_i/gap_sample_rd_index_q_reg[0]_rep__33_n_0.  Did not re-place instance traffic_replay_bd_i/rx_cap_1/inst/core_i/gap_sample_rd_index_q_reg[0]_rep__33
INFO: [Physopt 32-662] Processed net traffic_replay_bd_i/rx_cap_1/inst/core_i/s_axil_rdata[11]_i_55_n_0.  Did not re-place instance traffic_replay_bd_i/rx_cap_1/inst/core_i/s_axil_rdata[11]_i_55
INFO: [Physopt 32-662] Processed net traffic_replay_bd_i/rx_cap_1/inst/core_i/s_axil_rdata[29]_i_32_n_0.  Did not re-place instance traffic_replay_bd_i/rx_cap_1/inst/core_i/s_axil_rdata[29]_i_32
INFO: [Physopt 32-663] Processed net traffic_replay_bd_i/rx_cap_1/inst/core_i/gap_sample_rd_index_q_reg[0]_rep__9_n_0.  Re-placed instance traffic_replay_bd_i/rx_cap_1/inst/core_i/gap_sample_rd_index_q_reg[0]_rep__9
INFO: [Physopt 32-663] Processed net traffic_replay_bd_i/rx_cap_1/inst/core_i/gap_sample_rd_index_q_reg[2]_rep__25_n_0.  Re-placed instance traffic_replay_bd_i/rx_cap_1/inst/core_i/gap_sample_rd_index_q_reg[2]_rep__25
INFO: [Physopt 32-662] Processed net traffic_replay_bd_i/rx_cap_1/inst/core_i/p_0_in__1.  Did not re-place instance traffic_replay_bd_i/rx_cap_1/inst/core_i/gap_sample_mem_reg_0_63_0_6_i_3
INFO: [Physopt 32-663] Processed net traffic_replay_bd_i/rx_cap_1/inst/core_i/gap_sample_rd_index_q_reg[1]_rep__25_n_0_repN_1.  Re-placed instance traffic_replay_bd_i/rx_cap_1/inst/core_i/gap_sample_rd_index_q_reg[1]_rep__25_replica_1
INFO: [Physopt 32-662] Processed net traffic_replay_bd_i/rx_cap_1/inst/core_i/rx_fifo_i/E[0].  Did not re-place instance traffic_replay_bd_i/rx_cap_1/inst/core_i/rx_fifo_i/clear_wclk_1_i_1
INFO: [Physopt 32-662] Processed net traffic_replay_bd_i/rx_cap_1/inst/core_i/gap_sample_mem_reg_192_255_0_6_i_1_n_0.  Did not re-place instance traffic_replay_bd_i/rx_cap_1/inst/core_i/gap_sample_mem_reg_192_255_0_6_i_1
INFO: [Physopt 32-662] Processed net traffic_replay_bd_i/rx_cap_1/inst/core_i/fifo_pipe_valid_q_reg_0.  Did not re-place instance traffic_replay_bd_i/rx_cap_1/inst/core_i/gap_sample_wr_ptr_q[11]_i_3
INFO: [Physopt 32-662] Processed net traffic_replay_bd_i/rx_cap_1/inst/core_i/m_axi_wstrb[63]_i_2_n_0.  Did not re-place instance traffic_replay_bd_i/rx_cap_1/inst/core_i/m_axi_wstrb[63]_i_2
INFO: [Physopt 32-662] Processed net traffic_replay_bd_i/rx_cap_1/inst/core_i/gap_sample_wr_ptr_q[9]_i_2_n_0.  Did not re-place instance traffic_replay_bd_i/rx_cap_1/inst/core_i/gap_sample_wr_ptr_q[9]_i_2
INFO: [Physopt 32-663] Processed net traffic_replay_bd_i/rx_cap_1/inst/core_i/rx_fifo_clear_count_q[2].  Re-placed instance traffic_replay_bd_i/rx_cap_1/inst/core_i/rx_fifo_clear_count_q_reg[2]
INFO: [Physopt 32-663] Processed net traffic_replay_bd_i/rx_cap_1/inst/core_i/rx_fifo_i/rx_fifo_clear_count_q_reg[3].  Re-placed instance traffic_replay_bd_i/rx_cap_1/inst/core_i/rx_fifo_i/clear_wclk_1_i_2
INFO: [Physopt 32-662] Processed net traffic_replay_bd_i/rx_cap_1/inst/core_i/data35[10].  Did not re-place instance traffic_replay_bd_i/rx_cap_1/inst/core_i/s_axil_rdata[10]_i_11
INFO: [Physopt 32-662] Processed net traffic_replay_bd_i/rx_cap_1/inst/core_i/s_axil_rdata[10]_i_44_n_0.  Did not re-place instance traffic_replay_bd_i/rx_cap_1/inst/core_i/s_axil_rdata[10]_i_44
INFO: [Physopt 32-662] Processed net traffic_replay_bd_i/rx_cap_1/inst/core_i/s_axil_rdata[10]_i_45_n_0.  Did not re-place instance traffic_replay_bd_i/rx_cap_1/inst/core_i/s_axil_rdata[10]_i_45
INFO: [Physopt 32-662] Processed net traffic_replay_bd_i/rx_cap_1/inst/core_i/s_axil_rdata[10]_i_4_n_0.  Did not re-place instance traffic_replay_bd_i/rx_cap_1/inst/core_i/s_axil_rdata[10]_i_4
INFO: [Physopt 32-662] Processed net traffic_replay_bd_i/rx_cap_1/inst/core_i/s_axil_rdata[14]_i_61_n_0.  Did not re-place instance traffic_replay_bd_i/rx_cap_1/inst/core_i/s_axil_rdata[14]_i_61
INFO: [Physopt 32-662] Processed net traffic_replay_bd_i/rx_cap_1/inst/core_i/s_axil_rdata[18]_i_15_n_0.  Did not re-place instance traffic_replay_bd_i/rx_cap_1/inst/core_i/s_axil_rdata[18]_i_15
INFO: [Physopt 32-662] Processed net traffic_replay_bd_i/rx_cap_1/inst/core_i/s_axil_rdata[18]_i_2_n_0.  Did not re-place instance traffic_replay_bd_i/rx_cap_1/inst/core_i/s_axil_rdata[18]_i_2
INFO: [Physopt 32-662] Processed net traffic_replay_bd_i/rx_cap_1/inst/core_i/s_axil_rdata[18]_i_30_n_0.  Did not re-place instance traffic_replay_bd_i/rx_cap_1/inst/core_i/s_axil_rdata[18]_i_30
INFO: [Physopt 32-662] Processed net traffic_replay_bd_i/rx_cap_1/inst/core_i/s_axil_rdata[18]_i_59_n_0.  Did not re-place instance traffic_replay_bd_i/rx_cap_1/inst/core_i/s_axil_rdata[18]_i_59
INFO: [Physopt 32-662] Processed net traffic_replay_bd_i/rx_cap_1/inst/core_i/s_axil_rdata[18]_i_61_n_0.  Did not re-place instance traffic_replay_bd_i/rx_cap_1/inst/core_i/s_axil_rdata[18]_i_61
INFO: [Physopt 32-663] Processed net traffic_replay_bd_i/rx_cap_1/inst/core_i/s_axil_rdata[2]_i_12_n_0.  Re-placed instance traffic_replay_bd_i/rx_cap_1/inst/core_i/s_axil_rdata[2]_i_12
INFO: [Physopt 32-662] Processed net traffic_replay_bd_i/rx_cap_1/inst/core_i/s_axil_rdata[2]_i_60_n_0.  Did not re-place instance traffic_replay_bd_i/rx_cap_1/inst/core_i/s_axil_rdata[2]_i_60
INFO: [Physopt 32-662] Processed net traffic_replay_bd_i/rx_cap_1/inst/core_i/s_axil_rdata[2]_i_6_n_0.  Did not re-place instance traffic_replay_bd_i/rx_cap_1/inst/core_i/s_axil_rdata[2]_i_6
INFO: [Physopt 32-662] Processed net traffic_replay_bd_i/replay_core_1/inst/core_i/stream_reader_i/cmd_count_reg[1].  Did not re-place instance traffic_replay_bd_i/replay_core_1/inst/core_i/stream_reader_i/cmd_count_reg[1]
INFO: [Physopt 32-663] Processed net traffic_replay_bd_i/rx_cap_1/inst/core_i/gap_sample_rd_index_q_reg[2]_rep__29_n_0.  Re-placed instance traffic_replay_bd_i/rx_cap_1/inst/core_i/gap_sample_rd_index_q_reg[2]_rep__29
INFO: [Physopt 32-663] Processed net traffic_replay_bd_i/rx_cap_1/inst/core_i/gap_sample_rd_index_q_reg[2]_rep__19_n_0.  Re-placed instance traffic_replay_bd_i/rx_cap_1/inst/core_i/gap_sample_rd_index_q_reg[2]_rep__19
INFO: [Physopt 32-663] Processed net traffic_replay_bd_i/rx_cap_1/inst/core_i/data35[8].  Re-placed instance traffic_replay_bd_i/rx_cap_1/inst/core_i/s_axil_rdata[8]_i_11
INFO: [Physopt 32-662] Processed net traffic_replay_bd_i/rx_cap_1/inst/core_i/s_axil_rdata[22]_i_33_n_0.  Did not re-place instance traffic_replay_bd_i/rx_cap_1/inst/core_i/s_axil_rdata[22]_i_33
INFO: [Physopt 32-662] Processed net traffic_replay_bd_i/rx_cap_1/inst/core_i/s_axil_rdata[7]_i_12_n_0.  Did not re-place instance traffic_replay_bd_i/rx_cap_1/inst/core_i/s_axil_rdata[7]_i_12
INFO: [Physopt 32-662] Processed net traffic_replay_bd_i/rx_cap_1/inst/core_i/s_axil_rdata[7]_i_2_n_0.  Did not re-place instance traffic_replay_bd_i/rx_cap_1/inst/core_i/s_axil_rdata[7]_i_2
INFO: [Physopt 32-662] Processed net traffic_replay_bd_i/rx_cap_1/inst/core_i/s_axil_rdata[7]_i_59_n_0.  Did not re-place instance traffic_replay_bd_i/rx_cap_1/inst/core_i/s_axil_rdata[7]_i_59
INFO: [Physopt 32-662] Processed net traffic_replay_bd_i/rx_cap_1/inst/core_i/s_axil_rdata[7]_i_6_n_0.  Did not re-place instance traffic_replay_bd_i/rx_cap_1/inst/core_i/s_axil_rdata[7]_i_6
INFO: [Physopt 32-662] Processed net traffic_replay_bd_i/rx_cap_1/inst/core_i/s_axil_rdata[8]_i_2_n_0.  Did not re-place instance traffic_replay_bd_i/rx_cap_1/inst/core_i/s_axil_rdata[8]_i_2
INFO: [Physopt 32-662] Processed net traffic_replay_bd_i/rx_cap_1/inst/core_i/s_axil_rdata[8]_i_4_n_0.  Did not re-place instance traffic_replay_bd_i/rx_cap_1/inst/core_i/s_axil_rdata[8]_i_4
INFO: [Physopt 32-662] Processed net traffic_replay_bd_i/rx_cap_1/inst/core_i/s_axil_rdata[8]_i_52_n_0.  Did not re-place instance traffic_replay_bd_i/rx_cap_1/inst/core_i/s_axil_rdata[8]_i_52
INFO: [Physopt 32-663] Processed net traffic_replay_bd_i/rx_cap_1/inst/core_i/s_axil_rdata[31]_i_1_n_0.  Re-placed instance traffic_replay_bd_i/rx_cap_1/inst/core_i/s_axil_rdata[31]_i_1
INFO: [Physopt 32-662] Processed net traffic_replay_bd_i/rx_cap_1/inst/core_i/s_axil_rvalid_reg_0.  Did not re-place instance traffic_replay_bd_i/rx_cap_1/inst/core_i/s_axil_rvalid_reg
INFO: [Physopt 32-663] Processed net traffic_replay_bd_i/rx_cap_1/inst/core_i/gap_sample_rd_index_q_reg[0]_rep__4_n_0.  Re-placed instance traffic_replay_bd_i/rx_cap_1/inst/core_i/gap_sample_rd_index_q_reg[0]_rep__4
INFO: [Physopt 32-663] Processed net traffic_replay_bd_i/rx_cap_1/inst/core_i/gap_sample_rd_index_q_reg[1]_rep__30_n_0.  Re-placed instance traffic_replay_bd_i/rx_cap_1/inst/core_i/gap_sample_rd_index_q_reg[1]_rep__30
INFO: [Physopt 32-663] Processed net traffic_replay_bd_i/rx_cap_1/inst/core_i/gap_sample_rd_index_q_reg[4]_rep__17_n_0_repN_1.  Re-placed instance traffic_replay_bd_i/rx_cap_1/inst/core_i/gap_sample_rd_index_q_reg[4]_rep__17_replica_1
INFO: [Physopt 32-662] Processed net traffic_replay_bd_i/rx_cap_1/inst/core_i/s_axil_rdata[12]_i_61_n_0.  Did not re-place instance traffic_replay_bd_i/rx_cap_1/inst/core_i/s_axil_rdata[12]_i_61
INFO: [Physopt 32-662] Processed net traffic_replay_bd_i/rx_cap_1/inst/core_i/s_axil_rdata[12]_i_64_n_0.  Did not re-place instance traffic_replay_bd_i/rx_cap_1/inst/core_i/s_axil_rdata[12]_i_64
INFO: [Physopt 32-662] Processed net traffic_replay_bd_i/rx_cap_1/inst/core_i/s_axil_rdata[29]_i_59_n_0.  Did not re-place instance traffic_replay_bd_i/rx_cap_1/inst/core_i/s_axil_rdata[29]_i_59
INFO: [Physopt 32-662] Processed net traffic_replay_bd_i/rx_cap_1/inst/core_i/gap_sample_rd_index_q_reg[0]_rep__1_n_0.  Did not re-place instance traffic_replay_bd_i/rx_cap_1/inst/core_i/gap_sample_rd_index_q_reg[0]_rep__1
INFO: [Physopt 32-663] Processed net traffic_replay_bd_i/rx_cap_1/inst/core_i/gap_sample_rd_index_q_reg[2]_rep__1_n_0.  Re-placed instance traffic_replay_bd_i/rx_cap_1/inst/core_i/gap_sample_rd_index_q_reg[2]_rep__1
INFO: [Physopt 32-663] Processed net traffic_replay_bd_i/replay_core_0/inst/core_i/regs_i/SR[0].  Re-placed instance traffic_replay_bd_i/replay_core_0/inst/core_i/regs_i/ar_desc_loop_again_q_i_1
INFO: [Physopt 32-663] Processed net traffic_replay_bd_i/rx_cap_1/inst/core_i/gap_sample_rd_index_q_reg[1]_rep__33_n_0_repN_1.  Re-placed instance traffic_replay_bd_i/rx_cap_1/inst/core_i/gap_sample_rd_index_q_reg[1]_rep__33_replica_1
INFO: [Physopt 32-662] Processed net traffic_replay_bd_i/replay_core_0/inst/core_i/ddr_reader_i/ar_kind_q[1]_i_3_n_0.  Did not re-place instance traffic_replay_bd_i/replay_core_0/inst/core_i/ddr_reader_i/ar_kind_q[1]_i_3
INFO: [Physopt 32-662] Processed net traffic_replay_bd_i/replay_core_0/inst/core_i/ddr_reader_i/p_39_in.  Did not re-place instance traffic_replay_bd_i/replay_core_0/inst/core_i/ddr_reader_i/ar_desc_loop_again_q_i_2
INFO: [Physopt 32-662] Processed net traffic_replay_bd_i/replay_core_0/inst/core_i/ddr_reader_i/payload_issue_req.  Did not re-place instance traffic_replay_bd_i/replay_core_0/inst/core_i/ddr_reader_i/ar_kind_q[1]_i_5
INFO: [Physopt 32-662] Processed net traffic_replay_bd_i/replay_core_0/inst/core_i/ddr_reader_i/issue_desc_selected.  Did not re-place instance traffic_replay_bd_i/replay_core_0/inst/core_i/ddr_reader_i/ar_kind_q[1]_i_6
INFO: [Physopt 32-663] Processed net traffic_replay_bd_i/replay_core_0/inst/core_i/ddr_reader_i/payload_cmd_count[2].  Re-placed instance traffic_replay_bd_i/replay_core_0/inst/core_i/ddr_reader_i/payload_cmd_count_reg[2]
INFO: [Physopt 32-662] Processed net traffic_replay_bd_i/replay_core_0/inst/core_i/ddr_reader_i/ar_kind_q[1]_i_8_n_0.  Did not re-place instance traffic_replay_bd_i/replay_core_0/inst/core_i/ddr_reader_i/ar_kind_q[1]_i_8
INFO: [Physopt 32-662] Processed net traffic_replay_bd_i/replay_core_0/inst/core_i/ddr_reader_i/payload_cmd_wr_ptr[5]_i_13_n_0.  Did not re-place instance traffic_replay_bd_i/replay_core_0/inst/core_i/ddr_reader_i/payload_cmd_wr_ptr[5]_i_13
INFO: [Physopt 32-662] Processed net traffic_replay_bd_i/replay_core_0/inst/core_i/ddr_reader_i/ar_desc_loop_again_q_i_3_n_0.  Did not re-place instance traffic_replay_bd_i/replay_core_0/inst/core_i/ddr_reader_i/ar_desc_loop_again_q_i_3
INFO: [Physopt 32-662] Processed net traffic_replay_bd_i/rx_cap_1/inst/core_i/rx_fifo_i/dest_hsdata_ff_reg[5][1].  Did not re-place instance traffic_replay_bd_i/rx_cap_1/inst/core_i/rx_fifo_i/s_axil_rdata[4]_i_1
INFO: [Physopt 32-663] Processed net traffic_replay_bd_i/rx_cap_1/inst/core_i/s_axil_rdata[4].  Re-placed instance traffic_replay_bd_i/rx_cap_1/inst/core_i/s_axil_rdata_reg[4]
INFO: [Physopt 32-662] Processed net traffic_replay_bd_i/rx_cap_1/inst/core_i/s_axil_rdata[4]_i_17_n_0.  Did not re-place instance traffic_replay_bd_i/rx_cap_1/inst/core_i/s_axil_rdata[4]_i_17
INFO: [Physopt 32-662] Processed net traffic_replay_bd_i/rx_cap_1/inst/core_i/s_axil_rdata[4]_i_2_n_0.  Did not re-place instance traffic_replay_bd_i/rx_cap_1/inst/core_i/s_axil_rdata[4]_i_2
INFO: [Physopt 32-662] Processed net traffic_replay_bd_i/rx_cap_1/inst/core_i/s_axil_rdata[4]_i_61_n_0.  Did not re-place instance traffic_replay_bd_i/rx_cap_1/inst/core_i/s_axil_rdata[4]_i_61
INFO: [Physopt 32-662] Processed net traffic_replay_bd_i/rx_cap_1/inst/core_i/s_axil_rdata[4]_i_7_n_0.  Did not re-place instance traffic_replay_bd_i/rx_cap_1/inst/core_i/s_axil_rdata[4]_i_7
INFO: [Physopt 32-663] Processed net traffic_replay_bd_i/replay_core_0/inst/core_i/ddr_reader_i/ar_addr_q[19].  Re-placed instance traffic_replay_bd_i/replay_core_0/inst/core_i/ddr_reader_i/ar_addr_q_reg[19]
INFO: [Physopt 32-663] Processed net traffic_replay_bd_i/replay_core_0/inst/core_i/ddr_reader_i/ar_addr_q[34].  Re-placed instance traffic_replay_bd_i/replay_core_0/inst/core_i/ddr_reader_i/ar_addr_q_reg[34]
INFO: [Physopt 32-661] Optimized 59 nets.  Re-placed 59 instances.
INFO: [Physopt 32-775] End 1 Pass. Optimized 59 nets or cells. Created 0 new cell, deleted 0 existing cell and moved 59 existing cells
INFO: [Physopt 32-619] Estimated Timing Summary | WNS=-0.147 | TNS=-1.457 |
Netlist sorting complete. Time (s): cpu = 00:00:00.07 ; elapsed = 00:00:00.07 . Memory (MB): peak = 11615.543 ; gain = 0.000 ; free physical = 72400 ; free virtual = 95648
Phase 4 Single Cell Placement Optimization | Checksum: 198df1f43

Time (s): cpu = 00:02:58 ; elapsed = 00:03:00 . Memory (MB): peak = 11615.543 ; gain = 0.000 ; free physical = 72400 ; free virtual = 95648

Phase 5 Multi Cell Placement Optimization
INFO: [Physopt 32-660] Identified 100 candidate nets for placement-based optimization.
INFO: [Physopt 32-662] Processed net traffic_replay_bd_i/ctrl_rx1_cc/inst/gen_clock_conv.gen_async_lite_conv.clock_conv_lite_fwd_ar/handshake/dest_hsdata_ff[0].  Did not re-place instance traffic_replay_bd_i/ctrl_rx1_cc/inst/gen_clock_conv.gen_async_lite_conv.clock_conv_lite_fwd_ar/handshake/dest_hsdata_ff_reg[0]/Q
INFO: [Physopt 32-662] Processed net traffic_replay_bd_i/rx_cap_1/inst/core_i/s_axil_rdata[31]_i_7_n_0_repN.  Did not re-place instance traffic_replay_bd_i/rx_cap_1/inst/core_i/s_axil_rdata[31]_i_7_replica/O
INFO: [Physopt 32-662] Processed net traffic_replay_bd_i/rx_cap_1/inst/core_i/s_axil_rdata[31]_i_18_n_0.  Did not re-place instance traffic_replay_bd_i/rx_cap_1/inst/core_i/s_axil_rdata[31]_i_18/O
INFO: [Physopt 32-662] Processed net traffic_replay_bd_i/rx_cap_1/inst/core_i/s_axil_rdata[31]_i_2_n_0.  Did not re-place instance traffic_replay_bd_i/rx_cap_1/inst/core_i/s_axil_rdata[31]_i_2/O
INFO: [Physopt 32-662] Processed net traffic_replay_bd_i/rx_cap_1/inst/core_i/s_axil_rdata[30]_i_1_n_0.  Did not re-place instance traffic_replay_bd_i/rx_cap_1/inst/core_i/s_axil_rdata[30]_i_1/O
INFO: [Physopt 32-662] Processed net traffic_replay_bd_i/rx_cap_1/inst/core_i/s_axil_rdata[8]_i_1_n_0.  Did not re-place instance traffic_replay_bd_i/rx_cap_1/inst/core_i/s_axil_rdata[8]_i_1/O
INFO: [Physopt 32-662] Processed net traffic_replay_bd_i/ctrl_rx1_cc/inst/gen_clock_conv.gen_async_lite_conv.clock_conv_lite_fwd_ar/handshake/dest_hsdata_ff[9].  Did not re-place instance traffic_replay_bd_i/ctrl_rx1_cc/inst/gen_clock_conv.gen_async_lite_conv.clock_conv_lite_fwd_ar/handshake/dest_hsdata_ff_reg[9]/Q
INFO: [Physopt 32-662] Processed net traffic_replay_bd_i/rx_cap_1/inst/core_i/data35[0].  Did not re-place instance traffic_replay_bd_i/rx_cap_1/inst/core_i/s_axil_rdata[0]_i_11/O
INFO: [Physopt 32-662] Processed net traffic_replay_bd_i/rx_cap_1/inst/core_i/s_axil_rdata[0]_i_1_n_0.  Did not re-place instance traffic_replay_bd_i/rx_cap_1/inst/core_i/s_axil_rdata[0]_i_1/O
INFO: [Physopt 32-662] Processed net traffic_replay_bd_i/rx_cap_1/inst/core_i/s_axil_rdata[0]_i_2_n_0.  Did not re-place instance traffic_replay_bd_i/rx_cap_1/inst/core_i/s_axil_rdata[0]_i_2/O
INFO: [Physopt 32-662] Processed net traffic_replay_bd_i/rx_cap_1/inst/core_i/s_axil_rdata[0]_i_4_n_0.  Did not re-place instance traffic_replay_bd_i/rx_cap_1/inst/core_i/s_axil_rdata[0]_i_4/O
INFO: [Physopt 32-662] Processed net traffic_replay_bd_i/rx_cap_1/inst/core_i/s_axil_rdata[17]_i_1_n_0.  Did not re-place instance traffic_replay_bd_i/rx_cap_1/inst/core_i/s_axil_rdata[17]_i_1/O
INFO: [Physopt 32-662] Processed net traffic_replay_bd_i/ctrl_rx1_cc/inst/gen_clock_conv.gen_async_lite_conv.clock_conv_lite_fwd_ar/handshake/dest_hsdata_ff[12].  Did not re-place instance traffic_replay_bd_i/ctrl_rx1_cc/inst/gen_clock_conv.gen_async_lite_conv.clock_conv_lite_fwd_ar/handshake/dest_hsdata_ff_reg[12]/Q
INFO: [Physopt 32-662] Processed net traffic_replay_bd_i/ctrl_rx1_cc/inst/gen_clock_conv.gen_async_lite_conv.clock_conv_lite_fwd_ar/handshake/dest_hsdata_ff[15].  Did not re-place instance traffic_replay_bd_i/ctrl_rx1_cc/inst/gen_clock_conv.gen_async_lite_conv.clock_conv_lite_fwd_ar/handshake/dest_hsdata_ff_reg[15]/Q
INFO: [Physopt 32-662] Processed net traffic_replay_bd_i/rx_cap_1/inst/core_i/s_axil_rdata[27]_i_1_n_0.  Did not re-place instance traffic_replay_bd_i/rx_cap_1/inst/core_i/s_axil_rdata[27]_i_1/O
INFO: [Physopt 32-662] Processed net traffic_replay_bd_i/rx_cap_1/inst/core_i/s_axil_rdata[0]_i_12_n_0.  Did not re-place instance traffic_replay_bd_i/rx_cap_1/inst/core_i/s_axil_rdata[0]_i_12/O
INFO: [Physopt 32-662] Processed net traffic_replay_bd_i/rx_cap_1/inst/core_i/s_axil_rdata[0]_i_6_n_0.  Did not re-place instance traffic_replay_bd_i/rx_cap_1/inst/core_i/s_axil_rdata[0]_i_6/O
INFO: [Physopt 32-662] Processed net traffic_replay_bd_i/rx_cap_1/inst/core_i/s_axil_rdata[7]_i_12_n_0.  Did not re-place instance traffic_replay_bd_i/rx_cap_1/inst/core_i/s_axil_rdata[7]_i_12/O
INFO: [Physopt 32-662] Processed net traffic_replay_bd_i/rx_cap_1/inst/core_i/s_axil_rdata[7]_i_1_n_0.  Did not re-place instance traffic_replay_bd_i/rx_cap_1/inst/core_i/s_axil_rdata[7]_i_1/O
INFO: [Physopt 32-662] Processed net traffic_replay_bd_i/rx_cap_1/inst/core_i/s_axil_rdata[7]_i_2_n_0.  Did not re-place instance traffic_replay_bd_i/rx_cap_1/inst/core_i/s_axil_rdata[7]_i_2/O
INFO: [Physopt 32-662] Processed net traffic_replay_bd_i/rx_cap_1/inst/core_i/s_axil_rdata[7]_i_6_n_0.  Did not re-place instance traffic_replay_bd_i/rx_cap_1/inst/core_i/s_axil_rdata[7]_i_6/O
INFO: [Physopt 32-662] Processed net traffic_replay_bd_i/rx_cap_1/inst/core_i/s_axil_rdata[29]_i_1_n_0.  Did not re-place instance traffic_replay_bd_i/rx_cap_1/inst/core_i/s_axil_rdata[29]_i_1/O
INFO: [Physopt 32-662] Processed net traffic_replay_bd_i/rx_cap_1/inst/core_i/s_axil_rdata[29]_i_2_n_0.  Did not re-place instance traffic_replay_bd_i/rx_cap_1/inst/core_i/s_axil_rdata[29]_i_2/O
INFO: [Physopt 32-662] Processed net traffic_replay_bd_i/rx_cap_1/inst/core_i/s_axil_rdata[12]_i_1_n_0.  Did not re-place instance traffic_replay_bd_i/rx_cap_1/inst/core_i/s_axil_rdata[12]_i_1/O
INFO: [Physopt 32-662] Processed net traffic_replay_bd_i/rx_cap_1/inst/core_i/s_axil_rdata[12]_i_2_n_0.  Did not re-place instance traffic_replay_bd_i/rx_cap_1/inst/core_i/s_axil_rdata[12]_i_2/O
INFO: [Physopt 32-662] Processed net traffic_replay_bd_i/rx_cap_1/inst/core_i/s_axil_rdata[13]_i_1_n_0.  Did not re-place instance traffic_replay_bd_i/rx_cap_1/inst/core_i/s_axil_rdata[13]_i_1/O
INFO: [Physopt 32-662] Processed net traffic_replay_bd_i/rx_cap_1/inst/core_i/s_axil_rdata[13]_i_2_n_0.  Did not re-place instance traffic_replay_bd_i/rx_cap_1/inst/core_i/s_axil_rdata[13]_i_2/O
INFO: [Physopt 32-662] Processed net traffic_replay_bd_i/rx_cap_1/inst/core_i/s_axil_rdata[11]_i_1_n_0.  Did not re-place instance traffic_replay_bd_i/rx_cap_1/inst/core_i/s_axil_rdata[11]_i_1/O
INFO: [Physopt 32-662] Processed net traffic_replay_bd_i/rx_cap_1/inst/core_i/s_axil_rdata[18]_i_1_n_0.  Did not re-place instance traffic_replay_bd_i/rx_cap_1/inst/core_i/s_axil_rdata[18]_i_1/O
INFO: [Physopt 32-662] Processed net traffic_replay_bd_i/ctrl_rx1_cc/inst/gen_clock_conv.gen_async_lite_conv.clock_conv_lite_fwd_ar/handshake/dest_hsdata_ff[10].  Did not re-place instance traffic_replay_bd_i/ctrl_rx1_cc/inst/gen_clock_conv.gen_async_lite_conv.clock_conv_lite_fwd_ar/handshake/dest_hsdata_ff_reg[10]/Q
INFO: [Physopt 32-662] Processed net traffic_replay_bd_i/rx_cap_1/inst/core_i/s_axil_rdata[9]_i_1_n_0.  Did not re-place instance traffic_replay_bd_i/rx_cap_1/inst/core_i/s_axil_rdata[9]_i_1/O
INFO: [Physopt 32-662] Processed net traffic_replay_bd_i/rx_cap_1/inst/core_i/s_axil_rdata[31]_i_4_n_0.  Did not re-place instance traffic_replay_bd_i/rx_cap_1/inst/core_i/s_axil_rdata[31]_i_4/O
INFO: [Physopt 32-662] Processed net traffic_replay_bd_i/rx_cap_1/inst/core_i/data35[10].  Did not re-place instance traffic_replay_bd_i/rx_cap_1/inst/core_i/s_axil_rdata[10]_i_11/O
INFO: [Physopt 32-662] Processed net traffic_replay_bd_i/rx_cap_1/inst/core_i/s_axil_rdata[10]_i_1_n_0.  Did not re-place instance traffic_replay_bd_i/rx_cap_1/inst/core_i/s_axil_rdata[10]_i_1/O
INFO: [Physopt 32-662] Processed net traffic_replay_bd_i/rx_cap_1/inst/core_i/s_axil_rdata[10]_i_2_n_0.  Did not re-place instance traffic_replay_bd_i/rx_cap_1/inst/core_i/s_axil_rdata[10]_i_2/O
INFO: [Physopt 32-662] Processed net traffic_replay_bd_i/rx_cap_1/inst/core_i/s_axil_rdata[10]_i_4_n_0.  Did not re-place instance traffic_replay_bd_i/rx_cap_1/inst/core_i/s_axil_rdata[10]_i_4/O
INFO: [Physopt 32-662] Processed net traffic_replay_bd_i/rx_cap_0/inst/core_i/s_axil_rdata[14]_i_1_n_0.  Did not re-place instance traffic_replay_bd_i/rx_cap_0/inst/core_i/s_axil_rdata[14]_i_1/O
INFO: [Physopt 32-662] Processed net traffic_replay_bd_i/rx_cap_0/inst/core_i/s_axil_rdata[14]_i_2_n_0.  Did not re-place instance traffic_replay_bd_i/rx_cap_0/inst/core_i/s_axil_rdata[14]_i_2/O
INFO: [Physopt 32-662] Processed net traffic_replay_bd_i/rx_cap_1/inst/core_i/rx_fifo_i/dest_hsdata_ff_reg[5][1].  Did not re-place instance traffic_replay_bd_i/rx_cap_1/inst/core_i/rx_fifo_i/s_axil_rdata[4]_i_1/O
INFO: [Physopt 32-662] Processed net traffic_replay_bd_i/rx_cap_1/inst/core_i/s_axil_rdata[4]_i_17_n_0.  Did not re-place instance traffic_replay_bd_i/rx_cap_1/inst/core_i/s_axil_rdata[4]_i_17/O
INFO: [Physopt 32-662] Processed net traffic_replay_bd_i/rx_cap_1/inst/core_i/s_axil_rdata[4]_i_2_n_0.  Did not re-place instance traffic_replay_bd_i/rx_cap_1/inst/core_i/s_axil_rdata[4]_i_2/O
INFO: [Physopt 32-662] Processed net traffic_replay_bd_i/rx_cap_1/inst/core_i/s_axil_rdata[4]_i_7_n_0.  Did not re-place instance traffic_replay_bd_i/rx_cap_1/inst/core_i/s_axil_rdata[4]_i_7/O
INFO: [Physopt 32-662] Processed net traffic_replay_bd_i/rx_cap_0/inst/core_i/s_axil_rdata[16]_i_1_n_0.  Did not re-place instance traffic_replay_bd_i/rx_cap_0/inst/core_i/s_axil_rdata[16]_i_1/O
INFO: [Physopt 32-662] Processed net traffic_replay_bd_i/rx_cap_0/inst/core_i/s_axil_rdata[16]_i_2_n_0.  Did not re-place instance traffic_replay_bd_i/rx_cap_0/inst/core_i/s_axil_rdata[16]_i_2/O
INFO: [Physopt 32-662] Processed net traffic_replay_bd_i/rx_cap_1/inst/core_i/s_axil_rdata[1]_i_12_n_0.  Did not re-place instance traffic_replay_bd_i/rx_cap_1/inst/core_i/s_axil_rdata[1]_i_12/O
INFO: [Physopt 32-662] Processed net traffic_replay_bd_i/rx_cap_1/inst/core_i/s_axil_rdata[1]_i_1_n_0.  Did not re-place instance traffic_replay_bd_i/rx_cap_1/inst/core_i/s_axil_rdata[1]_i_1/O
INFO: [Physopt 32-662] Processed net traffic_replay_bd_i/rx_cap_1/inst/core_i/s_axil_rdata[1]_i_2_n_0.  Did not re-place instance traffic_replay_bd_i/rx_cap_1/inst/core_i/s_axil_rdata[1]_i_2/O
INFO: [Physopt 32-662] Processed net traffic_replay_bd_i/rx_cap_1/inst/core_i/s_axil_rdata[1]_i_6_n_0.  Did not re-place instance traffic_replay_bd_i/rx_cap_1/inst/core_i/s_axil_rdata[1]_i_6/O
INFO: [Physopt 32-662] Processed net traffic_replay_bd_i/rx_cap_1/inst/core_i/s_axil_rdata[19]_i_1_n_0.  Did not re-place instance traffic_replay_bd_i/rx_cap_1/inst/core_i/s_axil_rdata[19]_i_1/O
INFO: [Physopt 32-662] Processed net traffic_replay_bd_i/rx_cap_1/inst/core_i/s_axil_rdata[19]_i_2_n_0.  Did not re-place instance traffic_replay_bd_i/rx_cap_1/inst/core_i/s_axil_rdata[19]_i_2/O
INFO: [Physopt 32-662] Processed net traffic_replay_bd_i/rx_cap_1/inst/core_i/s_axil_rdata[10]_i_12_n_0.  Did not re-place instance traffic_replay_bd_i/rx_cap_1/inst/core_i/s_axil_rdata[10]_i_12/O
INFO: [Physopt 32-662] Processed net traffic_replay_bd_i/rx_cap_1/inst/core_i/s_axil_rdata[10]_i_6_n_0.  Did not re-place instance traffic_replay_bd_i/rx_cap_1/inst/core_i/s_axil_rdata[10]_i_6/O
INFO: [Physopt 32-662] Processed net traffic_replay_bd_i/rx_cap_1/inst/core_i/data35[21].  Did not re-place instance traffic_replay_bd_i/rx_cap_1/inst/core_i/s_axil_rdata[21]_i_4/O
INFO: [Physopt 32-663] Processed net traffic_replay_bd_i/rx_cap_1/inst/core_i/data35[2].  Re-placed instance traffic_replay_bd_i/rx_cap_1/inst/core_i/s_axil_rdata[2]_i_11/O
INFO: [Physopt 32-661] Optimized 1 net.  Re-placed 2 instances.
INFO: [Physopt 32-775] End 1 Pass. Optimized 1 net or cell. Created 0 new cell, deleted 0 existing cell and moved 2 existing cells
INFO: [Physopt 32-619] Estimated Timing Summary | WNS=-0.147 | TNS=-1.437 |
Netlist sorting complete. Time (s): cpu = 00:00:00.07 ; elapsed = 00:00:00.07 . Memory (MB): peak = 11615.543 ; gain = 0.000 ; free physical = 72400 ; free virtual = 95648
Phase 5 Multi Cell Placement Optimization | Checksum: 24265fcd7

Time (s): cpu = 00:03:08 ; elapsed = 00:03:10 . Memory (MB): peak = 11615.543 ; gain = 0.000 ; free physical = 72400 ; free virtual = 95648

Phase 6 Rewire
INFO: [Physopt 32-246] Starting Signal Push optimization...
INFO: [Physopt 32-77] Pass 1. Identified 7 candidate nets for rewire optimization.
INFO: [Physopt 32-242] Processed net traffic_replay_bd_i/rx_cap_1/inst/core_i/s_axil_rdata[31]_i_18_n_0. Rewired (signal push) traffic_replay_bd_i/rx_cap_1/inst/core_i/s_axil_araddr[0] to 2 loads. Replicated 0 times.
INFO: [Physopt 32-134] Processed net traffic_replay_bd_i/rx_cap_1/inst/core_i/rx_fifo_i/rx_fifo_clear_count_q_reg[3]. Rewiring did not optimize the net.
INFO: [Physopt 32-242] Processed net traffic_replay_bd_i/rx_cap_1/inst/core_i/m_axi_wstrb[63]_i_2_n_0. Rewired (signal push) traffic_replay_bd_i/rx_cap_1/inst/core_i/rx_fifo_clear to 3 loads. Replicated 1 times.
INFO: [Physopt 32-134] Processed net traffic_replay_bd_i/rx_cap_1/inst/core_i/fifo_pipe_valid_q_reg_0. Rewiring did not optimize the net.
INFO: [Physopt 32-134] Processed net traffic_replay_bd_i/rx_cap_1/inst/core_i/gap_sample_wr_ptr_q[9]_i_2_n_0. Rewiring did not optimize the net.
INFO: [Physopt 32-242] Processed net traffic_replay_bd_i/replay_core_0/inst/core_i/ddr_reader_i/desc_head_beats_q[0]_i_5_n_0. Rewired (signal push) traffic_replay_bd_i/replay_core_0/inst/core_i/ddr_reader_i/p_0_in0_out[2] to 1 loads. Replicated 1 times.
INFO: [Physopt 32-134] Processed net traffic_replay_bd_i/replay_core_0/inst/core_i/ddr_reader_i/desc_head_beats_q[1]_i_5_n_0. Rewiring did not optimize the net.
INFO: [Physopt 32-232] Optimized 3 nets. Created 2 new instances.
INFO: [Physopt 32-775] End 1 Pass. Optimized 3 nets or cells. Created 2 new cells, deleted 0 existing cell and moved 0 existing cell
Netlist sorting complete. Time (s): cpu = 00:00:00.20 ; elapsed = 00:00:00.20 . Memory (MB): peak = 11615.543 ; gain = 0.000 ; free physical = 72376 ; free virtual = 95624
INFO: [Physopt 32-619] Estimated Timing Summary | WNS=-0.129 | TNS=-1.489 |
Netlist sorting complete. Time (s): cpu = 00:00:00.07 ; elapsed = 00:00:00.07 . Memory (MB): peak = 11615.543 ; gain = 0.000 ; free physical = 72376 ; free virtual = 95624
Phase 6 Rewire | Checksum: 13e59d7de

Time (s): cpu = 00:03:15 ; elapsed = 00:03:17 . Memory (MB): peak = 11615.543 ; gain = 0.000 ; free physical = 72376 ; free virtual = 95624

Phase 7 Critical Cell Optimization
INFO: [Physopt 32-46] Identified 30 candidate nets for critical-cell optimization.
INFO: [Physopt 32-572] Net traffic_replay_bd_i/rx_cap_1/inst/core_i/s_axil_rdata[31]_i_7_n_0_repN was not replicated.
Resolution: phys_opt_design can be forced to replicate a net driver using the option -force_replication_on_nets <list of net objects>.
INFO: [Physopt 32-572] Net traffic_replay_bd_i/rx_cap_1/inst/core_i/s_axil_rdata[31]_i_7_n_0 was not replicated.
Resolution: phys_opt_design can be forced to replicate a net driver using the option -force_replication_on_nets <list of net objects>.
INFO: [Physopt 32-572] Net traffic_replay_bd_i/rx_cap_1/inst/core_i/s_axil_rdata[31]_i_18_n_0 was not replicated.
Resolution: phys_opt_design can be forced to replicate a net driver using the option -force_replication_on_nets <list of net objects>.
INFO: [Physopt 32-81] Processed net traffic_replay_bd_i/ctrl_rx1_cc/inst/gen_clock_conv.gen_async_lite_conv.clock_conv_lite_fwd_ar/handshake/dest_hsdata_en. Replicated 1 times.
INFO: [Physopt 32-572] Net traffic_replay_bd_i/rx_cap_1/inst/core_i/s_axil_rdata[31]_i_4_n_0 was not replicated.
Resolution: phys_opt_design can be forced to replicate a net driver using the option -force_replication_on_nets <list of net objects>.
INFO: [Physopt 32-601] Processed net traffic_replay_bd_i/rx_cap_1/inst/core_i/gap_sample_rd_index_q_reg[1]_rep__29_n_0_repN. Net driver traffic_replay_bd_i/rx_cap_1/inst/core_i/gap_sample_rd_index_q_reg[1]_rep__29_replica was replaced.
INFO: [Physopt 32-572] Net traffic_replay_bd_i/rx_cap_1/inst/core_i/gap_sample_rd_index_q_reg[0]_rep__17_n_0_repN was not replicated.
Resolution: phys_opt_design can be forced to replicate a net driver using the option -force_replication_on_nets <list of net objects>.
INFO: [Physopt 32-81] Processed net traffic_replay_bd_i/rx_cap_1/inst/core_i/gap_sample_rd_index_q_reg[0]_rep__2_n_0_repN. Replicated 1 times.
INFO: [Physopt 32-571] Net traffic_replay_bd_i/ddr_smc/inst/m00_exit_pipeline/m00_exit/inst/aw_reg/m_axi_awvalid was not replicated.
INFO: [Physopt 32-571] Net traffic_replay_bd_i/replay_core_0/inst/core_i/ddr_reader_i/desc_head_beats_q[3]_i_5_n_0 was not replicated.
INFO: [Physopt 32-571] Net traffic_replay_bd_i/replay_core_0/inst/core_i/ddr_reader_i/desc_head_beats_q[10]_i_10_n_0 was not replicated.
INFO: [Physopt 32-571] Net traffic_replay_bd_i/replay_core_0/inst/core_i/ddr_reader_i/desc_head_beats_q[1]_i_5_n_0 was not replicated.
INFO: [Physopt 32-571] Net traffic_replay_bd_i/rx_cap_1/inst/core_i/rx_fifo_i/E[0] was not replicated.
INFO: [Physopt 32-571] Net traffic_replay_bd_i/rx_cap_1/inst/core_i/gap_sample_mem_reg_192_255_0_6_i_1_n_0 was not replicated.
INFO: [Physopt 32-571] Net traffic_replay_bd_i/rx_cap_1/inst/core_i/gap_sample_wr_ptr_q[9]_i_2_n_0 was not replicated.
INFO: [Physopt 32-571] Net traffic_replay_bd_i/rx_cap_1/inst/core_i/rx_fifo_clear_count_q[1] was not replicated.
INFO: [Physopt 32-571] Net traffic_replay_bd_i/rx_cap_1/inst/core_i/rx_fifo_i/rx_fifo_clear_count_q_reg[3] was not replicated.
INFO: [Physopt 32-571] Net traffic_replay_bd_i/rx_cap_1/inst/core_i/gap_sample_rd_index_q_reg[3]_rep__13_n_0 was not replicated.
INFO: [Physopt 32-571] Net traffic_replay_bd_i/ctrl_rx1_cc/inst/gen_clock_conv.gen_async_lite_conv.clock_conv_lite_fwd_ar/handshake/dest_req was not replicated.
INFO: [Physopt 32-571] Net traffic_replay_bd_i/xdma_0/inst/udma_wrapper/dma_top/dma_pcie_req/dma_pcie_rq/RQ_FIFO/D[0] was not replicated.
INFO: [Physopt 32-571] Net traffic_replay_bd_i/xdma_0/inst/udma_wrapper/dma_top/dma_pcie_req/dma_pcie_rq/RQ_FIFO/rreq_head_ld_shf_0 was not replicated.
INFO: [Physopt 32-571] Net traffic_replay_bd_i/xdma_0/inst/udma_wrapper/dma_top/dma_pcie_req/dma_pcie_rq/WTLP_HDR_FIFO/rdIssued_s00122_out was not replicated.
INFO: [Physopt 32-571] Net traffic_replay_bd_i/xdma_0/inst/udma_wrapper/dma_top/dma_pcie_req/dma_pcie_rq/RQ_FIFO/rreq_head_rcb_ok_ff[1]_i_19_n_0 was not replicated.
INFO: [Physopt 32-571] Net traffic_replay_bd_i/xdma_0/inst/udma_wrapper/dma_top/dma_pcie_req/dma_pcie_rq/WTLP_HDR_FIFO/p_0_in123_out was not replicated.
INFO: [Physopt 32-571] Net traffic_replay_bd_i/xdma_0/inst/udma_wrapper/dma_top/dma_pcie_req/dma_pcie_rq/RQ_FIFO/reqdtlpSm_cs[1]_i_2_n_0 was not replicated.
INFO: [Physopt 32-571] Net traffic_replay_bd_i/xdma_0/inst/udma_wrapper/dma_top/dma_pcie_req/dma_pcie_rq/RQ_FIFO/rreq_head_rcb_ok_ff[1]_i_13_n_0 was not replicated.
INFO: [Physopt 32-571] Net traffic_replay_bd_i/xdma_0/inst/udma_wrapper/dma_top/dma_pcie_req/dma_pcie_rq/RQ_FIFO/rreq_head_rcb_ok_ff[1]_i_20_n_0 was not replicated.
INFO: [Physopt 32-571] Net traffic_replay_bd_i/xdma_0/inst/udma_wrapper/dma_top/dma_pcie_req/dma_pcie_rq/RQ_FIFO/rreq_head_rcb_ok_ff[1]_i_12_n_0 was not replicated.
INFO: [Physopt 32-232] Optimized 3 nets. Created 2 new instances.
INFO: [Physopt 32-775] End 1 Pass. Optimized 3 nets or cells. Created 2 new cells, deleted 0 existing cell and moved 0 existing cell
INFO: [Physopt 32-619] Estimated Timing Summary | WNS=-0.129 | TNS=-1.447 |
Netlist sorting complete. Time (s): cpu = 00:00:00.21 ; elapsed = 00:00:00.22 . Memory (MB): peak = 11615.543 ; gain = 0.000 ; free physical = 72375 ; free virtual = 95623
Phase 7 Critical Cell Optimization | Checksum: 2b8fbc1a7

Time (s): cpu = 00:03:28 ; elapsed = 00:03:31 . Memory (MB): peak = 11615.543 ; gain = 0.000 ; free physical = 72375 ; free virtual = 95623

Phase 8 Fanout Optimization
INFO: [Physopt 32-76] Pass 1. Identified 32 candidate nets for fanout optimization.
INFO: [Physopt 32-81] Processed net traffic_replay_bd_i/rx_cap_1/inst/core_i/gap_sample_rd_index_q_reg[2]_rep__17_n_0. Replicated 2 times.
INFO: [Physopt 32-81] Processed net traffic_replay_bd_i/rx_cap_1/inst/core_i/gap_sample_rd_index_q_reg[3]_rep__17_n_0. Replicated 1 times.
INFO: [Physopt 32-81] Processed net traffic_replay_bd_i/rx_cap_1/inst/core_i/gap_sample_rd_index_q__0[1]. Replicated 4 times.
INFO: [Physopt 32-81] Processed net traffic_replay_bd_i/replay_core_0/inst/core_i/ddr_reader_i/desc_rd_ptr_reg[3]. Replicated 2 times.
INFO: [Physopt 32-81] Processed net traffic_replay_bd_i/rx_cap_1/inst/core_i/gap_sample_rd_index_q_reg[0]_rep__18_n_0_repN_2. Replicated 1 times.
INFO: [Physopt 32-81] Processed net traffic_replay_bd_i/replay_core_0/inst/core_i/ddr_reader_i/desc_rd_ptr_reg[2]. Replicated 2 times.
INFO: [Physopt 32-572] Net traffic_replay_bd_i/rx_cap_1/inst/core_i/gap_sample_rd_index_q_reg[3]_rep__29_n_0_repN was not replicated.
Resolution: phys_opt_design can be forced to replicate a net driver using the option -force_replication_on_nets <list of net objects>.
INFO: [Physopt 32-601] Processed net traffic_replay_bd_i/rx_cap_1/inst/core_i/gap_sample_rd_index_q_reg[0]_rep__14_n_0_repN. Net driver traffic_replay_bd_i/rx_cap_1/inst/core_i/gap_sample_rd_index_q_reg[0]_rep__14_replica was replaced.
INFO: [Physopt 32-572] Net traffic_replay_bd_i/rx_cap_1/inst/core_i/gap_sample_rd_index_q_reg[0]_rep__18_n_0_repN was not replicated.
Resolution: phys_opt_design can be forced to replicate a net driver using the option -force_replication_on_nets <list of net objects>.
INFO: [Physopt 32-572] Net traffic_replay_bd_i/rx_cap_1/inst/core_i/gap_sample_rd_index_q_reg[1]_rep__18_n_0_repN_1 was not replicated.
Resolution: phys_opt_design can be forced to replicate a net driver using the option -force_replication_on_nets <list of net objects>.
INFO: [Physopt 32-81] Processed net traffic_replay_bd_i/rx_cap_1/inst/core_i/gap_sample_rd_index_q_reg[0]_rep__15_n_0_repN_1. Replicated 1 times.
INFO: [Physopt 32-81] Processed net traffic_replay_bd_i/rx_cap_1/inst/core_i/gap_sample_rd_index_q_reg[0]_rep__17_n_0_repN_1. Replicated 1 times.
INFO: [Physopt 32-81] Processed net traffic_replay_bd_i/rx_cap_1/inst/core_i/gap_sample_rd_index_q_reg[0]_rep__29_n_0_repN. Replicated 1 times.
INFO: [Physopt 32-572] Net traffic_replay_bd_i/rx_cap_1/inst/core_i/gap_sample_rd_index_q_reg[1]_rep__14_n_0_repN was not replicated.
Resolution: phys_opt_design can be forced to replicate a net driver using the option -force_replication_on_nets <list of net objects>.
INFO: [Physopt 32-81] Processed net traffic_replay_bd_i/rx_cap_1/inst/core_i/gap_sample_rd_index_q_reg[0]_rep__19_n_0_repN. Replicated 1 times.
INFO: [Physopt 32-572] Net traffic_replay_bd_i/rx_cap_1/inst/core_i/gap_sample_rd_index_q_reg[0]_rep__2_n_0_repN_2 was not replicated.
Resolution: phys_opt_design can be forced to replicate a net driver using the option -force_replication_on_nets <list of net objects>.
INFO: [Physopt 32-81] Processed net traffic_replay_bd_i/rx_cap_1/inst/core_i/gap_sample_rd_index_q__0[0]_repN_1. Replicated 2 times.
INFO: [Physopt 32-572] Net traffic_replay_bd_i/rx_cap_1/inst/core_i/gap_sample_rd_index_q_reg[1]_rep__29_n_0_repN_1 was not replicated.
Resolution: phys_opt_design can be forced to replicate a net driver using the option -force_replication_on_nets <list of net objects>.
INFO: [Physopt 32-81] Processed net traffic_replay_bd_i/rx_cap_1/inst/core_i/gap_sample_rd_index_q_reg[5]_rep__13_n_0_repN_1. Replicated 1 times.
INFO: [Physopt 32-81] Processed net traffic_replay_bd_i/rx_cap_1/inst/core_i/gap_sample_rd_index_q_reg[1]_rep__33_n_0_repN. Replicated 1 times.
INFO: [Physopt 32-81] Processed net traffic_replay_bd_i/rx_cap_1/inst/core_i/gap_sample_rd_index_q_reg[4]_rep__23_n_0. Replicated 2 times.
INFO: [Physopt 32-81] Processed net traffic_replay_bd_i/rx_cap_1/inst/core_i/gap_sample_rd_index_q_reg[0]_rep__14_n_0_repN_1. Replicated 1 times.
INFO: [Physopt 32-81] Processed net traffic_replay_bd_i/rx_cap_1/inst/core_i/gap_sample_rd_index_q_reg[3]_rep__13_n_0_repN_1. Replicated 1 times.
INFO: [Physopt 32-81] Processed net traffic_replay_bd_i/rx_cap_1/inst/core_i/gap_sample_rd_index_q_reg[4]_rep__17_n_0_repN_2. Replicated 1 times.
INFO: [Physopt 32-572] Net traffic_replay_bd_i/rx_cap_1/inst/core_i/gap_sample_rd_index_q_reg[0]_rep__21_n_0_repN_1 was not replicated.
Resolution: phys_opt_design can be forced to replicate a net driver using the option -force_replication_on_nets <list of net objects>.
INFO: [Physopt 32-81] Processed net traffic_replay_bd_i/rx_cap_1/inst/core_i/gap_sample_rd_index_q_reg[0]_rep__10_n_0_repN_2. Replicated 1 times.
INFO: [Physopt 32-81] Processed net traffic_replay_bd_i/rx_cap_1/inst/core_i/gap_sample_rd_index_q_reg[2]_rep__14_n_0_repN. Replicated 1 times.
INFO: [Physopt 32-81] Processed net traffic_replay_bd_i/rx_cap_1/inst/core_i/gap_sample_rd_index_q_reg[4]_rep__14_n_0. Replicated 1 times.
INFO: [Physopt 32-81] Processed net traffic_replay_bd_i/rx_cap_1/inst/core_i/gap_sample_rd_index_q_reg[4]_rep__31_n_0. Replicated 1 times.
INFO: [Physopt 32-81] Processed net traffic_replay_bd_i/rx_cap_1/inst/core_i/gap_sample_rd_index_q_reg[5]_rep__23_n_0. Replicated 1 times.
INFO: [Physopt 32-572] Net traffic_replay_bd_i/rx_cap_1/inst/core_i/gap_sample_rd_index_q_reg[3]_rep__13_n_0_repN was not replicated.
Resolution: phys_opt_design can be forced to replicate a net driver using the option -force_replication_on_nets <list of net objects>.
INFO: [Physopt 32-572] Net traffic_replay_bd_i/rx_cap_1/inst/core_i/gap_sample_rd_index_q_reg[2]_rep__21_n_0_repN_1 was not replicated.
Resolution: phys_opt_design can be forced to replicate a net driver using the option -force_replication_on_nets <list of net objects>.
INFO: [Physopt 32-232] Optimized 23 nets. Created 30 new instances.
INFO: [Physopt 32-775] End 1 Pass. Optimized 23 nets or cells. Created 30 new cells, deleted 0 existing cell and moved 0 existing cell
INFO: [Physopt 32-619] Estimated Timing Summary | WNS=-0.129 | TNS=-1.435 |
Netlist sorting complete. Time (s): cpu = 00:00:00.26 ; elapsed = 00:00:00.27 . Memory (MB): peak = 11615.543 ; gain = 0.000 ; free physical = 72374 ; free virtual = 95622
Phase 8 Fanout Optimization | Checksum: 1709c780c

Time (s): cpu = 00:04:05 ; elapsed = 00:04:07 . Memory (MB): peak = 11615.543 ; gain = 0.000 ; free physical = 72374 ; free virtual = 95622

Phase 9 Single Cell Placement Optimization
INFO: [Physopt 32-660] Identified 250 candidate nets for placement-based optimization.
INFO: [Physopt 32-662] Processed net traffic_replay_bd_i/ctrl_rx1_cc/inst/gen_clock_conv.gen_async_lite_conv.clock_conv_lite_fwd_ar/handshake/dest_hsdata_ff[0].  Did not re-place instance traffic_replay_bd_i/ctrl_rx1_cc/inst/gen_clock_conv.gen_async_lite_conv.clock_conv_lite_fwd_ar/handshake/dest_hsdata_ff_reg[0]
INFO: [Physopt 32-663] Processed net traffic_replay_bd_i/rx_cap_1/inst/core_i/s_axil_rdata[31]_i_7_n_0_repN.  Re-placed instance traffic_replay_bd_i/rx_cap_1/inst/core_i/s_axil_rdata[31]_i_7_replica_rewire
INFO: [Physopt 32-662] Processed net traffic_replay_bd_i/rx_cap_1/inst/core_i/s_axil_rdata[31]_i_2_n_0.  Did not re-place instance traffic_replay_bd_i/rx_cap_1/inst/core_i/s_axil_rdata[31]_i_2
INFO: [Physopt 32-662] Processed net traffic_replay_bd_i/rx_cap_1/inst/core_i/s_axil_rdata[31].  Did not re-place instance traffic_replay_bd_i/rx_cap_1/inst/core_i/s_axil_rdata_reg[31]
INFO: [Physopt 32-663] Processed net traffic_replay_bd_i/rx_cap_1/inst/core_i/s_axil_rdata[31]_i_7_n_0.  Re-placed instance traffic_replay_bd_i/rx_cap_1/inst/core_i/s_axil_rdata[31]_i_7_rewire
INFO: [Physopt 32-663] Processed net traffic_replay_bd_i/rx_cap_1/inst/core_i/s_axil_rdata[8].  Re-placed instance traffic_replay_bd_i/rx_cap_1/inst/core_i/s_axil_rdata_reg[8]
INFO: [Physopt 32-662] Processed net traffic_replay_bd_i/rx_cap_1/inst/core_i/s_axil_rdata[8]_i_1_n_0.  Did not re-place instance traffic_replay_bd_i/rx_cap_1/inst/core_i/s_axil_rdata[8]_i_1
INFO: [Physopt 32-662] Processed net traffic_replay_bd_i/rx_cap_1/inst/core_i/s_axil_rdata[17]_i_1_n_0.  Did not re-place instance traffic_replay_bd_i/rx_cap_1/inst/core_i/s_axil_rdata[17]_i_1
INFO: [Physopt 32-662] Processed net traffic_replay_bd_i/rx_cap_1/inst/core_i/s_axil_rdata[17].  Did not re-place instance traffic_replay_bd_i/rx_cap_1/inst/core_i/s_axil_rdata_reg[17]
INFO: [Physopt 32-662] Processed net traffic_replay_bd_i/rx_cap_1/inst/core_i/s_axil_rdata[30]_i_1_n_0.  Did not re-place instance traffic_replay_bd_i/rx_cap_1/inst/core_i/s_axil_rdata[30]_i_1
INFO: [Physopt 32-662] Processed net traffic_replay_bd_i/rx_cap_1/inst/core_i/s_axil_rdata[30].  Did not re-place instance traffic_replay_bd_i/rx_cap_1/inst/core_i/s_axil_rdata_reg[30]
INFO: [Physopt 32-662] Processed net traffic_replay_bd_i/rx_cap_1/inst/core_i/s_axil_rdata[11]_i_1_n_0.  Did not re-place instance traffic_replay_bd_i/rx_cap_1/inst/core_i/s_axil_rdata[11]_i_1
INFO: [Physopt 32-662] Processed net traffic_replay_bd_i/rx_cap_1/inst/core_i/s_axil_rdata[11].  Did not re-place instance traffic_replay_bd_i/rx_cap_1/inst/core_i/s_axil_rdata_reg[11]
INFO: [Physopt 32-662] Processed net traffic_replay_bd_i/rx_cap_1/inst/core_i/s_axil_rdata[18]_i_1_n_0.  Did not re-place instance traffic_replay_bd_i/rx_cap_1/inst/core_i/s_axil_rdata[18]_i_1
INFO: [Physopt 32-662] Processed net traffic_replay_bd_i/rx_cap_1/inst/core_i/s_axil_rdata[18].  Did not re-place instance traffic_replay_bd_i/rx_cap_1/inst/core_i/s_axil_rdata_reg[18]
INFO: [Physopt 32-663] Processed net traffic_replay_bd_i/rx_cap_1/inst/core_i/s_axil_rdata[31]_i_18_n_0.  Re-placed instance traffic_replay_bd_i/rx_cap_1/inst/core_i/s_axil_rdata[31]_i_18_rewire
INFO: [Physopt 32-662] Processed net traffic_replay_bd_i/ctrl_rx1_cc/inst/gen_clock_conv.gen_async_lite_conv.clock_conv_lite_fwd_ar/handshake/dest_hsdata_ff[9].  Did not re-place instance traffic_replay_bd_i/ctrl_rx1_cc/inst/gen_clock_conv.gen_async_lite_conv.clock_conv_lite_fwd_ar/handshake/dest_hsdata_ff_reg[9]
INFO: [Physopt 32-662] Processed net traffic_replay_bd_i/ctrl_rx1_cc/inst/gen_clock_conv.gen_async_lite_conv.clock_conv_lite_fwd_ar/handshake/dest_hsdata_ff[12].  Did not re-place instance traffic_replay_bd_i/ctrl_rx1_cc/inst/gen_clock_conv.gen_async_lite_conv.clock_conv_lite_fwd_ar/handshake/dest_hsdata_ff_reg[12]
INFO: [Physopt 32-663] Processed net traffic_replay_bd_i/ctrl_rx1_cc/inst/gen_clock_conv.gen_async_lite_conv.clock_conv_lite_fwd_ar/handshake/dest_hsdata_ff[15].  Re-placed instance traffic_replay_bd_i/ctrl_rx1_cc/inst/gen_clock_conv.gen_async_lite_conv.clock_conv_lite_fwd_ar/handshake/dest_hsdata_ff_reg[15]
INFO: [Physopt 32-663] Processed net traffic_replay_bd_i/rx_cap_1/inst/core_i/gap_sample_rd_index_q_reg[3]_rep__17_n_0.  Re-placed instance traffic_replay_bd_i/rx_cap_1/inst/core_i/gap_sample_rd_index_q_reg[3]_rep__17
INFO: [Physopt 32-662] Processed net traffic_replay_bd_i/rx_cap_1/inst/core_i/data35[0].  Did not re-place instance traffic_replay_bd_i/rx_cap_1/inst/core_i/s_axil_rdata[0]_i_11
INFO: [Physopt 32-662] Processed net traffic_replay_bd_i/rx_cap_1/inst/core_i/s_axil_rdata[0]_i_1_n_0.  Did not re-place instance traffic_replay_bd_i/rx_cap_1/inst/core_i/s_axil_rdata[0]_i_1
INFO: [Physopt 32-662] Processed net traffic_replay_bd_i/rx_cap_1/inst/core_i/s_axil_rdata[0]_i_2_n_0.  Did not re-place instance traffic_replay_bd_i/rx_cap_1/inst/core_i/s_axil_rdata[0]_i_2
INFO: [Physopt 32-662] Processed net traffic_replay_bd_i/rx_cap_1/inst/core_i/s_axil_rdata[0]_i_44_n_0.  Did not re-place instance traffic_replay_bd_i/rx_cap_1/inst/core_i/s_axil_rdata[0]_i_44
INFO: [Physopt 32-662] Processed net traffic_replay_bd_i/rx_cap_1/inst/core_i/s_axil_rdata[0]_i_4_n_0.  Did not re-place instance traffic_replay_bd_i/rx_cap_1/inst/core_i/s_axil_rdata[0]_i_4
INFO: [Physopt 32-662] Processed net traffic_replay_bd_i/rx_cap_1/inst/core_i/s_axil_rdata[0].  Did not re-place instance traffic_replay_bd_i/rx_cap_1/inst/core_i/s_axil_rdata_reg[0]
INFO: [Physopt 32-662] Processed net traffic_replay_bd_i/rx_cap_1/inst/core_i/gap_sample_rd_index_q_reg[1]_rep__17_n_0.  Did not re-place instance traffic_replay_bd_i/rx_cap_1/inst/core_i/gap_sample_rd_index_q_reg[1]_rep__17
INFO: [Physopt 32-663] Processed net traffic_replay_bd_i/rx_cap_1/inst/core_i/gap_sample_rd_index_q_reg[2]_rep__15_n_0.  Re-placed instance traffic_replay_bd_i/rx_cap_1/inst/core_i/gap_sample_rd_index_q_reg[2]_rep__15
INFO: [Physopt 32-662] Processed net traffic_replay_bd_i/rx_cap_1/inst/core_i/s_axil_rdata[0]_i_53_n_0.  Did not re-place instance traffic_replay_bd_i/rx_cap_1/inst/core_i/s_axil_rdata[0]_i_53
INFO: [Physopt 32-663] Processed net traffic_replay_bd_i/rx_cap_1/inst/core_i/gap_sample_rd_index_q_reg[2]_rep__17_n_0.  Re-placed instance traffic_replay_bd_i/rx_cap_1/inst/core_i/gap_sample_rd_index_q_reg[2]_rep__17
INFO: [Physopt 32-662] Processed net traffic_replay_bd_i/rx_cap_1/inst/core_i/gap_sample_rd_index_q_reg[0]_rep__5_n_0.  Did not re-place instance traffic_replay_bd_i/rx_cap_1/inst/core_i/gap_sample_rd_index_q_reg[0]_rep__5
INFO: [Physopt 32-662] Processed net traffic_replay_bd_i/rx_cap_1/inst/core_i/s_axil_rdata[7]_i_12_n_0.  Did not re-place instance traffic_replay_bd_i/rx_cap_1/inst/core_i/s_axil_rdata[7]_i_12
INFO: [Physopt 32-662] Processed net traffic_replay_bd_i/rx_cap_1/inst/core_i/s_axil_rdata[7]_i_1_n_0.  Did not re-place instance traffic_replay_bd_i/rx_cap_1/inst/core_i/s_axil_rdata[7]_i_1
INFO: [Physopt 32-662] Processed net traffic_replay_bd_i/rx_cap_1/inst/core_i/s_axil_rdata[7]_i_2_n_0.  Did not re-place instance traffic_replay_bd_i/rx_cap_1/inst/core_i/s_axil_rdata[7]_i_2
INFO: [Physopt 32-662] Processed net traffic_replay_bd_i/rx_cap_1/inst/core_i/s_axil_rdata[7]_i_59_n_0.  Did not re-place instance traffic_replay_bd_i/rx_cap_1/inst/core_i/s_axil_rdata[7]_i_59
INFO: [Physopt 32-662] Processed net traffic_replay_bd_i/rx_cap_1/inst/core_i/s_axil_rdata[7]_i_6_n_0.  Did not re-place instance traffic_replay_bd_i/rx_cap_1/inst/core_i/s_axil_rdata[7]_i_6
INFO: [Physopt 32-662] Processed net traffic_replay_bd_i/rx_cap_1/inst/core_i/s_axil_rdata[7].  Did not re-place instance traffic_replay_bd_i/rx_cap_1/inst/core_i/s_axil_rdata_reg[7]
INFO: [Physopt 32-662] Processed net traffic_replay_bd_i/rx_cap_1/inst/core_i/s_axil_rdata[0]_i_43_n_0.  Did not re-place instance traffic_replay_bd_i/rx_cap_1/inst/core_i/s_axil_rdata[0]_i_43
INFO: [Physopt 32-662] Processed net traffic_replay_bd_i/rx_cap_1/inst/core_i/s_axil_rdata[29].  Did not re-place instance traffic_replay_bd_i/rx_cap_1/inst/core_i/s_axil_rdata_reg[29]
INFO: [Physopt 32-662] Processed net traffic_replay_bd_i/rx_cap_1/inst/core_i/s_axil_rdata[29]_i_1_n_0.  Did not re-place instance traffic_replay_bd_i/rx_cap_1/inst/core_i/s_axil_rdata[29]_i_1
INFO: [Physopt 32-662] Processed net traffic_replay_bd_i/rx_cap_1/inst/core_i/s_axil_rdata[29]_i_20_n_0.  Did not re-place instance traffic_replay_bd_i/rx_cap_1/inst/core_i/s_axil_rdata[29]_i_20
INFO: [Physopt 32-662] Processed net traffic_replay_bd_i/rx_cap_1/inst/core_i/s_axil_rdata[29]_i_29_n_0.  Did not re-place instance traffic_replay_bd_i/rx_cap_1/inst/core_i/s_axil_rdata[29]_i_29
INFO: [Physopt 32-662] Processed net traffic_replay_bd_i/rx_cap_1/inst/core_i/s_axil_rdata[29]_i_2_n_0.  Did not re-place instance traffic_replay_bd_i/rx_cap_1/inst/core_i/s_axil_rdata[29]_i_2
INFO: [Physopt 32-662] Processed net traffic_replay_bd_i/rx_cap_1/inst/core_i/s_axil_rdata[29]_i_58_n_0.  Did not re-place instance traffic_replay_bd_i/rx_cap_1/inst/core_i/s_axil_rdata[29]_i_58
INFO: [Physopt 32-662] Processed net traffic_replay_bd_i/rx_cap_1/inst/core_i/s_axil_rdata[27]_i_1_n_0.  Did not re-place instance traffic_replay_bd_i/rx_cap_1/inst/core_i/s_axil_rdata[27]_i_1
INFO: [Physopt 32-662] Processed net traffic_replay_bd_i/rx_cap_1/inst/core_i/s_axil_rdata[27].  Did not re-place instance traffic_replay_bd_i/rx_cap_1/inst/core_i/s_axil_rdata_reg[27]
INFO: [Physopt 32-662] Processed net traffic_replay_bd_i/rx_cap_1/inst/core_i/s_axil_rdata[12]_i_15_n_0.  Did not re-place instance traffic_replay_bd_i/rx_cap_1/inst/core_i/s_axil_rdata[12]_i_15
INFO: [Physopt 32-662] Processed net traffic_replay_bd_i/rx_cap_1/inst/core_i/s_axil_rdata[12]_i_1_n_0.  Did not re-place instance traffic_replay_bd_i/rx_cap_1/inst/core_i/s_axil_rdata[12]_i_1
INFO: [Physopt 32-662] Processed net traffic_replay_bd_i/rx_cap_1/inst/core_i/s_axil_rdata[12]_i_2_n_0.  Did not re-place instance traffic_replay_bd_i/rx_cap_1/inst/core_i/s_axil_rdata[12]_i_2
INFO: [Physopt 32-662] Processed net traffic_replay_bd_i/rx_cap_1/inst/core_i/s_axil_rdata[12]_i_30_n_0.  Did not re-place instance traffic_replay_bd_i/rx_cap_1/inst/core_i/s_axil_rdata[12]_i_30
INFO: [Physopt 32-662] Processed net traffic_replay_bd_i/rx_cap_1/inst/core_i/s_axil_rdata[12]_i_59_n_0.  Did not re-place instance traffic_replay_bd_i/rx_cap_1/inst/core_i/s_axil_rdata[12]_i_59
INFO: [Physopt 32-662] Processed net traffic_replay_bd_i/rx_cap_1/inst/core_i/s_axil_rdata[12].  Did not re-place instance traffic_replay_bd_i/rx_cap_1/inst/core_i/s_axil_rdata_reg[12]
INFO: [Physopt 32-663] Processed net traffic_replay_bd_i/rx_cap_1/inst/core_i/gap_sample_rd_index_q_reg[3]_rep__15_n_0.  Re-placed instance traffic_replay_bd_i/rx_cap_1/inst/core_i/gap_sample_rd_index_q_reg[3]_rep__15
INFO: [Physopt 32-663] Processed net traffic_replay_bd_i/ctrl_rx1_cc/inst/gen_clock_conv.gen_async_lite_conv.clock_conv_lite_fwd_ar/handshake/dest_hsdata_ff[11].  Re-placed instance traffic_replay_bd_i/ctrl_rx1_cc/inst/gen_clock_conv.gen_async_lite_conv.clock_conv_lite_fwd_ar/handshake/dest_hsdata_ff_reg[11]
INFO: [Physopt 32-662] Processed net traffic_replay_bd_i/rx_cap_1/inst/core_i/s_axil_rdata[13]_i_15_n_0.  Did not re-place instance traffic_replay_bd_i/rx_cap_1/inst/core_i/s_axil_rdata[13]_i_15
INFO: [Physopt 32-662] Processed net traffic_replay_bd_i/rx_cap_1/inst/core_i/s_axil_rdata[13]_i_1_n_0.  Did not re-place instance traffic_replay_bd_i/rx_cap_1/inst/core_i/s_axil_rdata[13]_i_1
INFO: [Physopt 32-662] Processed net traffic_replay_bd_i/rx_cap_1/inst/core_i/s_axil_rdata[13]_i_2_n_0.  Did not re-place instance traffic_replay_bd_i/rx_cap_1/inst/core_i/s_axil_rdata[13]_i_2
INFO: [Physopt 32-662] Processed net traffic_replay_bd_i/rx_cap_1/inst/core_i/s_axil_rdata[13]_i_30_n_0.  Did not re-place instance traffic_replay_bd_i/rx_cap_1/inst/core_i/s_axil_rdata[13]_i_30
INFO: [Physopt 32-662] Processed net traffic_replay_bd_i/rx_cap_1/inst/core_i/s_axil_rdata[13]_i_61_n_0.  Did not re-place instance traffic_replay_bd_i/rx_cap_1/inst/core_i/s_axil_rdata[13]_i_61
INFO: [Physopt 32-662] Processed net traffic_replay_bd_i/rx_cap_1/inst/core_i/s_axil_rdata[13].  Did not re-place instance traffic_replay_bd_i/rx_cap_1/inst/core_i/s_axil_rdata_reg[13]
INFO: [Physopt 32-662] Processed net traffic_replay_bd_i/rx_cap_1/inst/core_i/s_axil_rdata[24]_i_1_n_0.  Did not re-place instance traffic_replay_bd_i/rx_cap_1/inst/core_i/s_axil_rdata[24]_i_1
INFO: [Physopt 32-662] Processed net traffic_replay_bd_i/rx_cap_1/inst/core_i/s_axil_rdata[24].  Did not re-place instance traffic_replay_bd_i/rx_cap_1/inst/core_i/s_axil_rdata_reg[24]
INFO: [Physopt 32-662] Processed net traffic_replay_bd_i/rx_cap_1/inst/core_i/s_axil_rdata[26]_i_1_n_0.  Did not re-place instance traffic_replay_bd_i/rx_cap_1/inst/core_i/s_axil_rdata[26]_i_1
INFO: [Physopt 32-662] Processed net traffic_replay_bd_i/rx_cap_1/inst/core_i/s_axil_rdata[26].  Did not re-place instance traffic_replay_bd_i/rx_cap_1/inst/core_i/s_axil_rdata_reg[26]
INFO: [Physopt 32-662] Processed net traffic_replay_bd_i/ctrl_rx1_cc/inst/gen_clock_conv.gen_async_lite_conv.clock_conv_lite_fwd_ar/handshake/dest_hsdata_ff[10].  Did not re-place instance traffic_replay_bd_i/ctrl_rx1_cc/inst/gen_clock_conv.gen_async_lite_conv.clock_conv_lite_fwd_ar/handshake/dest_hsdata_ff_reg[10]
INFO: [Physopt 32-662] Processed net traffic_replay_bd_i/rx_cap_1/inst/core_i/s_axil_rdata[22]_i_1_n_0.  Did not re-place instance traffic_replay_bd_i/rx_cap_1/inst/core_i/s_axil_rdata[22]_i_1
INFO: [Physopt 32-662] Processed net traffic_replay_bd_i/rx_cap_1/inst/core_i/s_axil_rdata[22].  Did not re-place instance traffic_replay_bd_i/rx_cap_1/inst/core_i/s_axil_rdata_reg[22]
INFO: [Physopt 32-662] Processed net traffic_replay_bd_i/rx_cap_1/inst/core_i/s_axil_rdata[31]_i_4_n_0.  Did not re-place instance traffic_replay_bd_i/rx_cap_1/inst/core_i/s_axil_rdata[31]_i_4
INFO: [Physopt 32-662] Processed net traffic_replay_bd_i/rx_cap_1/inst/core_i/s_axil_rdata[23]_i_1_n_0.  Did not re-place instance traffic_replay_bd_i/rx_cap_1/inst/core_i/s_axil_rdata[23]_i_1
INFO: [Physopt 32-663] Processed net traffic_replay_bd_i/rx_cap_1/inst/core_i/s_axil_rdata[23].  Re-placed instance traffic_replay_bd_i/rx_cap_1/inst/core_i/s_axil_rdata_reg[23]
INFO: [Physopt 32-663] Processed net traffic_replay_bd_i/rx_cap_1/inst/core_i/gap_sample_rd_index_q_reg[0]_rep__25_n_0.  Re-placed instance traffic_replay_bd_i/rx_cap_1/inst/core_i/gap_sample_rd_index_q_reg[0]_rep__25
INFO: [Physopt 32-662] Processed net traffic_replay_bd_i/rx_cap_1/inst/core_i/data35[10].  Did not re-place instance traffic_replay_bd_i/rx_cap_1/inst/core_i/s_axil_rdata[10]_i_11
INFO: [Physopt 32-662] Processed net traffic_replay_bd_i/rx_cap_1/inst/core_i/s_axil_rdata[10]_i_1_n_0.  Did not re-place instance traffic_replay_bd_i/rx_cap_1/inst/core_i/s_axil_rdata[10]_i_1
INFO: [Physopt 32-662] Processed net traffic_replay_bd_i/rx_cap_1/inst/core_i/s_axil_rdata[10]_i_2_n_0.  Did not re-place instance traffic_replay_bd_i/rx_cap_1/inst/core_i/s_axil_rdata[10]_i_2
INFO: [Physopt 32-662] Processed net traffic_replay_bd_i/rx_cap_1/inst/core_i/s_axil_rdata[10]_i_44_n_0.  Did not re-place instance traffic_replay_bd_i/rx_cap_1/inst/core_i/s_axil_rdata[10]_i_44
INFO: [Physopt 32-662] Processed net traffic_replay_bd_i/rx_cap_1/inst/core_i/s_axil_rdata[10]_i_4_n_0.  Did not re-place instance traffic_replay_bd_i/rx_cap_1/inst/core_i/s_axil_rdata[10]_i_4
INFO: [Physopt 32-662] Processed net traffic_replay_bd_i/rx_cap_1/inst/core_i/s_axil_rdata[10].  Did not re-place instance traffic_replay_bd_i/rx_cap_1/inst/core_i/s_axil_rdata_reg[10]
INFO: [Physopt 32-662] Processed net traffic_replay_bd_i/rx_cap_1/inst/core_i/s_axil_rdata[12]_i_60_n_0.  Did not re-place instance traffic_replay_bd_i/rx_cap_1/inst/core_i/s_axil_rdata[12]_i_60
INFO: [Physopt 32-662] Processed net traffic_replay_bd_i/rx_cap_1/inst/core_i/s_axil_rdata[13]_i_59_n_0.  Did not re-place instance traffic_replay_bd_i/rx_cap_1/inst/core_i/s_axil_rdata[13]_i_59
INFO: [Physopt 32-663] Processed net traffic_replay_bd_i/rx_cap_0/inst/core_i/gap_sample_rd_index_q_reg[0]_rep__7_n_0.  Re-placed instance traffic_replay_bd_i/rx_cap_0/inst/core_i/gap_sample_rd_index_q_reg[0]_rep__7
INFO: [Physopt 32-662] Processed net traffic_replay_bd_i/rx_cap_0/inst/core_i/s_axil_rdata[14].  Did not re-place instance traffic_replay_bd_i/rx_cap_0/inst/core_i/s_axil_rdata_reg[14]
INFO: [Physopt 32-662] Processed net traffic_replay_bd_i/rx_cap_0/inst/core_i/s_axil_rdata[14]_i_15_n_0.  Did not re-place instance traffic_replay_bd_i/rx_cap_0/inst/core_i/s_axil_rdata[14]_i_15
INFO: [Physopt 32-662] Processed net traffic_replay_bd_i/rx_cap_0/inst/core_i/s_axil_rdata[14]_i_1_n_0.  Did not re-place instance traffic_replay_bd_i/rx_cap_0/inst/core_i/s_axil_rdata[14]_i_1
INFO: [Physopt 32-662] Processed net traffic_replay_bd_i/rx_cap_0/inst/core_i/s_axil_rdata[14]_i_2_n_0.  Did not re-place instance traffic_replay_bd_i/rx_cap_0/inst/core_i/s_axil_rdata[14]_i_2
INFO: [Physopt 32-663] Processed net traffic_replay_bd_i/rx_cap_0/inst/core_i/s_axil_rdata[14]_i_30_n_0.  Re-placed instance traffic_replay_bd_i/rx_cap_0/inst/core_i/s_axil_rdata[14]_i_30
INFO: [Physopt 32-662] Processed net traffic_replay_bd_i/rx_cap_0/inst/core_i/s_axil_rdata[14]_i_70_n_0.  Did not re-place instance traffic_replay_bd_i/rx_cap_0/inst/core_i/s_axil_rdata[14]_i_70
INFO: [Physopt 32-662] Processed net traffic_replay_bd_i/rx_cap_1/inst/core_i/gap_sample_rd_index_q_reg[0]_rep__1_n_0.  Did not re-place instance traffic_replay_bd_i/rx_cap_1/inst/core_i/gap_sample_rd_index_q_reg[0]_rep__1
INFO: [Physopt 32-662] Processed net traffic_replay_bd_i/rx_cap_1/inst/core_i/rx_fifo_i/dest_hsdata_ff_reg[5][1].  Did not re-place instance traffic_replay_bd_i/rx_cap_1/inst/core_i/rx_fifo_i/s_axil_rdata[4]_i_1
INFO: [Physopt 32-662] Processed net traffic_replay_bd_i/rx_cap_1/inst/core_i/s_axil_rdata[4].  Did not re-place instance traffic_replay_bd_i/rx_cap_1/inst/core_i/s_axil_rdata_reg[4]
INFO: [Physopt 32-662] Processed net traffic_replay_bd_i/rx_cap_1/inst/core_i/s_axil_rdata[4]_i_17_n_0.  Did not re-place instance traffic_replay_bd_i/rx_cap_1/inst/core_i/s_axil_rdata[4]_i_17
INFO: [Physopt 32-662] Processed net traffic_replay_bd_i/rx_cap_1/inst/core_i/s_axil_rdata[4]_i_2_n_0.  Did not re-place instance traffic_replay_bd_i/rx_cap_1/inst/core_i/s_axil_rdata[4]_i_2
INFO: [Physopt 32-662] Processed net traffic_replay_bd_i/rx_cap_1/inst/core_i/s_axil_rdata[4]_i_61_n_0.  Did not re-place instance traffic_replay_bd_i/rx_cap_1/inst/core_i/s_axil_rdata[4]_i_61
INFO: [Physopt 32-662] Processed net traffic_replay_bd_i/rx_cap_1/inst/core_i/s_axil_rdata[4]_i_7_n_0.  Did not re-place instance traffic_replay_bd_i/rx_cap_1/inst/core_i/s_axil_rdata[4]_i_7
INFO: [Physopt 32-663] Processed net traffic_replay_bd_i/rx_cap_0/inst/core_i/gap_sample_rd_index_q_reg[0]_rep__9_n_0.  Re-placed instance traffic_replay_bd_i/rx_cap_0/inst/core_i/gap_sample_rd_index_q_reg[0]_rep__9
INFO: [Physopt 32-663] Processed net traffic_replay_bd_i/rx_cap_0/inst/core_i/s_axil_rdata[16].  Re-placed instance traffic_replay_bd_i/rx_cap_0/inst/core_i/s_axil_rdata_reg[16]
INFO: [Physopt 32-662] Processed net traffic_replay_bd_i/rx_cap_0/inst/core_i/s_axil_rdata[16]_i_15_n_0.  Did not re-place instance traffic_replay_bd_i/rx_cap_0/inst/core_i/s_axil_rdata[16]_i_15
INFO: [Physopt 32-662] Processed net traffic_replay_bd_i/rx_cap_0/inst/core_i/s_axil_rdata[16]_i_1_n_0.  Did not re-place instance traffic_replay_bd_i/rx_cap_0/inst/core_i/s_axil_rdata[16]_i_1
INFO: [Physopt 32-663] Processed net traffic_replay_bd_i/rx_cap_0/inst/core_i/s_axil_rdata[16]_i_2_n_0.  Re-placed instance traffic_replay_bd_i/rx_cap_0/inst/core_i/s_axil_rdata[16]_i_2
INFO: [Physopt 32-662] Processed net traffic_replay_bd_i/rx_cap_0/inst/core_i/s_axil_rdata[16]_i_30_n_0.  Did not re-place instance traffic_replay_bd_i/rx_cap_0/inst/core_i/s_axil_rdata[16]_i_30
INFO: [Physopt 32-662] Processed net traffic_replay_bd_i/rx_cap_0/inst/core_i/s_axil_rdata[16]_i_62_n_0.  Did not re-place instance traffic_replay_bd_i/rx_cap_0/inst/core_i/s_axil_rdata[16]_i_62
INFO: [Physopt 32-663] Processed net traffic_replay_bd_i/rx_cap_1/inst/core_i/gap_sample_rd_index_q_reg[5]_rep__2_n_0.  Re-placed instance traffic_replay_bd_i/rx_cap_1/inst/core_i/gap_sample_rd_index_q_reg[5]_rep__2
INFO: [Physopt 32-662] Processed net traffic_replay_bd_i/rx_cap_1/inst/core_i/s_axil_rdata[12]_i_73_n_0.  Did not re-place instance traffic_replay_bd_i/rx_cap_1/inst/core_i/s_axil_rdata[12]_i_73
INFO: [Physopt 32-662] Processed net traffic_replay_bd_i/rx_cap_1/inst/core_i/gap_sample_rd_index_q_reg[3]_rep__6_n_0.  Did not re-place instance traffic_replay_bd_i/rx_cap_1/inst/core_i/gap_sample_rd_index_q_reg[3]_rep__6
INFO: [Physopt 32-662] Processed net traffic_replay_bd_i/rx_cap_1/inst/core_i/s_axil_rdata[19]_i_15_n_0.  Did not re-place instance traffic_replay_bd_i/rx_cap_1/inst/core_i/s_axil_rdata[19]_i_15
INFO: [Physopt 32-662] Processed net traffic_replay_bd_i/rx_cap_1/inst/core_i/s_axil_rdata[19]_i_1_n_0.  Did not re-place instance traffic_replay_bd_i/rx_cap_1/inst/core_i/s_axil_rdata[19]_i_1
INFO: [Physopt 32-662] Processed net traffic_replay_bd_i/rx_cap_1/inst/core_i/s_axil_rdata[19]_i_2_n_0.  Did not re-place instance traffic_replay_bd_i/rx_cap_1/inst/core_i/s_axil_rdata[19]_i_2
INFO: [Physopt 32-662] Processed net traffic_replay_bd_i/rx_cap_1/inst/core_i/s_axil_rdata[19]_i_30_n_0.  Did not re-place instance traffic_replay_bd_i/rx_cap_1/inst/core_i/s_axil_rdata[19]_i_30
INFO: [Physopt 32-662] Processed net traffic_replay_bd_i/rx_cap_1/inst/core_i/s_axil_rdata[19]_i_71_n_0.  Did not re-place instance traffic_replay_bd_i/rx_cap_1/inst/core_i/s_axil_rdata[19]_i_71
INFO: [Physopt 32-662] Processed net traffic_replay_bd_i/rx_cap_1/inst/core_i/s_axil_rdata[19].  Did not re-place instance traffic_replay_bd_i/rx_cap_1/inst/core_i/s_axil_rdata_reg[19]
INFO: [Physopt 32-662] Processed net traffic_replay_bd_i/rx_cap_1/inst/core_i/s_axil_rdata[14]_i_1_n_0.  Did not re-place instance traffic_replay_bd_i/rx_cap_1/inst/core_i/s_axil_rdata[14]_i_1
INFO: [Physopt 32-662] Processed net traffic_replay_bd_i/rx_cap_1/inst/core_i/s_axil_rdata[14].  Did not re-place instance traffic_replay_bd_i/rx_cap_1/inst/core_i/s_axil_rdata_reg[14]
INFO: [Physopt 32-662] Processed net traffic_replay_bd_i/rx_cap_1/inst/core_i/gap_sample_rd_index_q_reg[1]_rep__5_n_0.  Did not re-place instance traffic_replay_bd_i/rx_cap_1/inst/core_i/gap_sample_rd_index_q_reg[1]_rep__5
INFO: [Physopt 32-662] Processed net traffic_replay_bd_i/rx_cap_1/inst/core_i/gap_sample_rd_index_q_reg[0]_rep__17_n_0.  Did not re-place instance traffic_replay_bd_i/rx_cap_1/inst/core_i/gap_sample_rd_index_q_reg[0]_rep__17
INFO: [Physopt 32-662] Processed net traffic_replay_bd_i/rx_cap_1/inst/core_i/s_axil_rdata[10]_i_12_n_0.  Did not re-place instance traffic_replay_bd_i/rx_cap_1/inst/core_i/s_axil_rdata[10]_i_12
INFO: [Physopt 32-662] Processed net traffic_replay_bd_i/rx_cap_1/inst/core_i/s_axil_rdata[10]_i_59_n_0.  Did not re-place instance traffic_replay_bd_i/rx_cap_1/inst/core_i/s_axil_rdata[10]_i_59
INFO: [Physopt 32-662] Processed net traffic_replay_bd_i/rx_cap_1/inst/core_i/s_axil_rdata[10]_i_6_n_0.  Did not re-place instance traffic_replay_bd_i/rx_cap_1/inst/core_i/s_axil_rdata[10]_i_6
INFO: [Physopt 32-662] Processed net traffic_replay_bd_i/rx_cap_1/inst/core_i/s_axil_rdata[12]_i_61_n_0.  Did not re-place instance traffic_replay_bd_i/rx_cap_1/inst/core_i/s_axil_rdata[12]_i_61
INFO: [Physopt 32-662] Processed net traffic_replay_bd_i/rx_cap_1/inst/core_i/s_axil_rdata[29]_i_59_n_0.  Did not re-place instance traffic_replay_bd_i/rx_cap_1/inst/core_i/s_axil_rdata[29]_i_59
INFO: [Physopt 32-663] Processed net traffic_replay_bd_i/rx_cap_1/inst/core_i/gap_sample_rd_index_q__0[3].  Re-placed instance traffic_replay_bd_i/rx_cap_1/inst/core_i/gap_sample_rd_index_q_reg[3]
INFO: [Physopt 32-662] Processed net traffic_replay_bd_i/rx_cap_1/inst/core_i/s_axil_rdata[1]_i_12_n_0.  Did not re-place instance traffic_replay_bd_i/rx_cap_1/inst/core_i/s_axil_rdata[1]_i_12
INFO: [Physopt 32-662] Processed net traffic_replay_bd_i/rx_cap_1/inst/core_i/s_axil_rdata[1]_i_1_n_0.  Did not re-place instance traffic_replay_bd_i/rx_cap_1/inst/core_i/s_axil_rdata[1]_i_1
INFO: [Physopt 32-662] Processed net traffic_replay_bd_i/rx_cap_1/inst/core_i/s_axil_rdata[1]_i_2_n_0.  Did not re-place instance traffic_replay_bd_i/rx_cap_1/inst/core_i/s_axil_rdata[1]_i_2
INFO: [Physopt 32-662] Processed net traffic_replay_bd_i/rx_cap_1/inst/core_i/s_axil_rdata[1]_i_6_n_0.  Did not re-place instance traffic_replay_bd_i/rx_cap_1/inst/core_i/s_axil_rdata[1]_i_6
INFO: [Physopt 32-662] Processed net traffic_replay_bd_i/rx_cap_1/inst/core_i/s_axil_rdata[1]_i_71_n_0.  Did not re-place instance traffic_replay_bd_i/rx_cap_1/inst/core_i/s_axil_rdata[1]_i_71
INFO: [Physopt 32-662] Processed net traffic_replay_bd_i/rx_cap_1/inst/core_i/s_axil_rdata[1].  Did not re-place instance traffic_replay_bd_i/rx_cap_1/inst/core_i/s_axil_rdata_reg[1]
INFO: [Physopt 32-662] Processed net traffic_replay_bd_i/rx_cap_1/inst/core_i/s_axil_rdata[28]_i_15_n_0.  Did not re-place instance traffic_replay_bd_i/rx_cap_1/inst/core_i/s_axil_rdata[28]_i_15
INFO: [Physopt 32-662] Processed net traffic_replay_bd_i/rx_cap_1/inst/core_i/s_axil_rdata[28]_i_1_n_0.  Did not re-place instance traffic_replay_bd_i/rx_cap_1/inst/core_i/s_axil_rdata[28]_i_1
INFO: [Physopt 32-662] Processed net traffic_replay_bd_i/rx_cap_1/inst/core_i/s_axil_rdata[28]_i_2_n_0.  Did not re-place instance traffic_replay_bd_i/rx_cap_1/inst/core_i/s_axil_rdata[28]_i_2
INFO: [Physopt 32-662] Processed net traffic_replay_bd_i/rx_cap_1/inst/core_i/s_axil_rdata[28]_i_30_n_0.  Did not re-place instance traffic_replay_bd_i/rx_cap_1/inst/core_i/s_axil_rdata[28]_i_30
INFO: [Physopt 32-662] Processed net traffic_replay_bd_i/rx_cap_1/inst/core_i/s_axil_rdata[28]_i_69_n_0.  Did not re-place instance traffic_replay_bd_i/rx_cap_1/inst/core_i/s_axil_rdata[28]_i_69
INFO: [Physopt 32-663] Processed net traffic_replay_bd_i/rx_cap_1/inst/core_i/s_axil_rdata[28].  Re-placed instance traffic_replay_bd_i/rx_cap_1/inst/core_i/s_axil_rdata_reg[28]
INFO: [Physopt 32-662] Processed net traffic_replay_bd_i/rx_cap_1/inst/core_i/gap_sample_rd_index_q_reg[0]_rep__9_n_0.  Did not re-place instance traffic_replay_bd_i/rx_cap_1/inst/core_i/gap_sample_rd_index_q_reg[0]_rep__9
INFO: [Physopt 32-662] Processed net traffic_replay_bd_i/rx_cap_1/inst/core_i/s_axil_rdata[14]_i_15_n_0.  Did not re-place instance traffic_replay_bd_i/rx_cap_1/inst/core_i/s_axil_rdata[14]_i_15
INFO: [Physopt 32-662] Processed net traffic_replay_bd_i/rx_cap_1/inst/core_i/s_axil_rdata[14]_i_2_n_0.  Did not re-place instance traffic_replay_bd_i/rx_cap_1/inst/core_i/s_axil_rdata[14]_i_2
INFO: [Physopt 32-662] Processed net traffic_replay_bd_i/rx_cap_1/inst/core_i/s_axil_rdata[14]_i_30_n_0.  Did not re-place instance traffic_replay_bd_i/rx_cap_1/inst/core_i/s_axil_rdata[14]_i_30
INFO: [Physopt 32-662] Processed net traffic_replay_bd_i/rx_cap_1/inst/core_i/s_axil_rdata[14]_i_61_n_0.  Did not re-place instance traffic_replay_bd_i/rx_cap_1/inst/core_i/s_axil_rdata[14]_i_61
INFO: [Physopt 32-662] Processed net traffic_replay_bd_i/rx_cap_1/inst/core_i/s_axil_rdata[14]_i_62_n_0.  Did not re-place instance traffic_replay_bd_i/rx_cap_1/inst/core_i/s_axil_rdata[14]_i_62
INFO: [Physopt 32-662] Processed net traffic_replay_bd_i/rx_cap_1/inst/core_i/s_axil_rdata[14]_i_71_n_0.  Did not re-place instance traffic_replay_bd_i/rx_cap_1/inst/core_i/s_axil_rdata[14]_i_71
INFO: [Physopt 32-662] Processed net traffic_replay_bd_i/rx_cap_0/inst/core_i/s_axil_rdata[16]_i_69_n_0.  Did not re-place instance traffic_replay_bd_i/rx_cap_0/inst/core_i/s_axil_rdata[16]_i_69
INFO: [Physopt 32-662] Processed net traffic_replay_bd_i/rx_cap_1/inst/core_i/gap_sample_rd_index_q_reg[0]_rep__13_n_0.  Did not re-place instance traffic_replay_bd_i/rx_cap_1/inst/core_i/gap_sample_rd_index_q_reg[0]_rep__13
INFO: [Physopt 32-663] Processed net traffic_replay_bd_i/rx_cap_1/inst/core_i/gap_sample_rd_index_q_reg[2]_rep__9_n_0.  Re-placed instance traffic_replay_bd_i/rx_cap_1/inst/core_i/gap_sample_rd_index_q_reg[2]_rep__9
INFO: [Physopt 32-662] Processed net traffic_replay_bd_i/rx_cap_1/inst/core_i/s_axil_rdata[18]_i_15_n_0.  Did not re-place instance traffic_replay_bd_i/rx_cap_1/inst/core_i/s_axil_rdata[18]_i_15
INFO: [Physopt 32-662] Processed net traffic_replay_bd_i/rx_cap_1/inst/core_i/s_axil_rdata[18]_i_2_n_0.  Did not re-place instance traffic_replay_bd_i/rx_cap_1/inst/core_i/s_axil_rdata[18]_i_2
INFO: [Physopt 32-662] Processed net traffic_replay_bd_i/rx_cap_1/inst/core_i/s_axil_rdata[18]_i_30_n_0.  Did not re-place instance traffic_replay_bd_i/rx_cap_1/inst/core_i/s_axil_rdata[18]_i_30
INFO: [Physopt 32-662] Processed net traffic_replay_bd_i/rx_cap_1/inst/core_i/s_axil_rdata[18]_i_61_n_0.  Did not re-place instance traffic_replay_bd_i/rx_cap_1/inst/core_i/s_axil_rdata[18]_i_61
INFO: [Physopt 32-662] Processed net traffic_replay_bd_i/rx_cap_1/inst/core_i/s_axil_rdata[26]_i_15_n_0.  Did not re-place instance traffic_replay_bd_i/rx_cap_1/inst/core_i/s_axil_rdata[26]_i_15
INFO: [Physopt 32-662] Processed net traffic_replay_bd_i/rx_cap_1/inst/core_i/s_axil_rdata[26]_i_2_n_0.  Did not re-place instance traffic_replay_bd_i/rx_cap_1/inst/core_i/s_axil_rdata[26]_i_2
INFO: [Physopt 32-662] Processed net traffic_replay_bd_i/rx_cap_1/inst/core_i/s_axil_rdata[26]_i_30_n_0.  Did not re-place instance traffic_replay_bd_i/rx_cap_1/inst/core_i/s_axil_rdata[26]_i_30
INFO: [Physopt 32-662] Processed net traffic_replay_bd_i/rx_cap_1/inst/core_i/s_axil_rdata[26]_i_61_n_0.  Did not re-place instance traffic_replay_bd_i/rx_cap_1/inst/core_i/s_axil_rdata[26]_i_61
INFO: [Physopt 32-662] Processed net traffic_replay_bd_i/rx_cap_1/inst/core_i/s_axil_rdata[9]_i_1_n_0.  Did not re-place instance traffic_replay_bd_i/rx_cap_1/inst/core_i/s_axil_rdata[9]_i_1
INFO: [Physopt 32-662] Processed net traffic_replay_bd_i/rx_cap_1/inst/core_i/s_axil_rdata[9].  Did not re-place instance traffic_replay_bd_i/rx_cap_1/inst/core_i/s_axil_rdata_reg[9]
INFO: [Physopt 32-663] Processed net traffic_replay_bd_i/rx_cap_1/inst/core_i/gap_sample_rd_index_q_reg[1]_rep__9_n_0.  Re-placed instance traffic_replay_bd_i/rx_cap_1/inst/core_i/gap_sample_rd_index_q_reg[1]_rep__9
INFO: [Physopt 32-663] Processed net traffic_replay_bd_i/rx_cap_1/inst/core_i/gap_sample_rd_index_q_reg[0]_rep__12_n_0.  Re-placed instance traffic_replay_bd_i/rx_cap_1/inst/core_i/gap_sample_rd_index_q_reg[0]_rep__12
INFO: [Physopt 32-662] Processed net traffic_replay_bd_i/rx_cap_1/inst/core_i/s_axil_rdata[16]_i_15_n_0.  Did not re-place instance traffic_replay_bd_i/rx_cap_1/inst/core_i/s_axil_rdata[16]_i_15
INFO: [Physopt 32-662] Processed net traffic_replay_bd_i/rx_cap_1/inst/core_i/s_axil_rdata[16]_i_1_n_0.  Did not re-place instance traffic_replay_bd_i/rx_cap_1/inst/core_i/s_axil_rdata[16]_i_1
INFO: [Physopt 32-662] Processed net traffic_replay_bd_i/rx_cap_1/inst/core_i/s_axil_rdata[16]_i_2_n_0.  Did not re-place instance traffic_replay_bd_i/rx_cap_1/inst/core_i/s_axil_rdata[16]_i_2
INFO: [Physopt 32-662] Processed net traffic_replay_bd_i/rx_cap_1/inst/core_i/s_axil_rdata[16]_i_30_n_0.  Did not re-place instance traffic_replay_bd_i/rx_cap_1/inst/core_i/s_axil_rdata[16]_i_30
INFO: [Physopt 32-662] Processed net traffic_replay_bd_i/rx_cap_1/inst/core_i/s_axil_rdata[16]_i_61_n_0.  Did not re-place instance traffic_replay_bd_i/rx_cap_1/inst/core_i/s_axil_rdata[16]_i_61
INFO: [Physopt 32-662] Processed net traffic_replay_bd_i/rx_cap_1/inst/core_i/s_axil_rdata[22]_i_15_n_0.  Did not re-place instance traffic_replay_bd_i/rx_cap_1/inst/core_i/s_axil_rdata[22]_i_15
INFO: [Physopt 32-662] Processed net traffic_replay_bd_i/rx_cap_1/inst/core_i/s_axil_rdata[22]_i_2_n_0.  Did not re-place instance traffic_replay_bd_i/rx_cap_1/inst/core_i/s_axil_rdata[22]_i_2
INFO: [Physopt 32-662] Processed net traffic_replay_bd_i/rx_cap_1/inst/core_i/s_axil_rdata[22]_i_30_n_0.  Did not re-place instance traffic_replay_bd_i/rx_cap_1/inst/core_i/s_axil_rdata[22]_i_30
INFO: [Physopt 32-662] Processed net traffic_replay_bd_i/rx_cap_1/inst/core_i/s_axil_rdata[22]_i_63_n_0.  Did not re-place instance traffic_replay_bd_i/rx_cap_1/inst/core_i/s_axil_rdata[22]_i_63
INFO: [Physopt 32-662] Processed net traffic_replay_bd_i/rx_cap_1/inst/core_i/s_axil_rdata[5]_i_17_n_0.  Did not re-place instance traffic_replay_bd_i/rx_cap_1/inst/core_i/s_axil_rdata[5]_i_17
INFO: [Physopt 32-662] Processed net traffic_replay_bd_i/rx_cap_1/inst/core_i/s_axil_rdata[5]_i_1_n_0.  Did not re-place instance traffic_replay_bd_i/rx_cap_1/inst/core_i/s_axil_rdata[5]_i_1
INFO: [Physopt 32-662] Processed net traffic_replay_bd_i/rx_cap_1/inst/core_i/s_axil_rdata[5]_i_2_n_0.  Did not re-place instance traffic_replay_bd_i/rx_cap_1/inst/core_i/s_axil_rdata[5]_i_2
INFO: [Physopt 32-662] Processed net traffic_replay_bd_i/rx_cap_1/inst/core_i/s_axil_rdata[5]_i_59_n_0.  Did not re-place instance traffic_replay_bd_i/rx_cap_1/inst/core_i/s_axil_rdata[5]_i_59
INFO: [Physopt 32-662] Processed net traffic_replay_bd_i/rx_cap_1/inst/core_i/s_axil_rdata[5]_i_7_n_0.  Did not re-place instance traffic_replay_bd_i/rx_cap_1/inst/core_i/s_axil_rdata[5]_i_7
INFO: [Physopt 32-662] Processed net traffic_replay_bd_i/rx_cap_1/inst/core_i/s_axil_rdata[16].  Did not re-place instance traffic_replay_bd_i/rx_cap_1/inst/core_i/s_axil_rdata_reg[16]
INFO: [Physopt 32-662] Processed net traffic_replay_bd_i/rx_cap_1/inst/core_i/s_axil_rdata[5].  Did not re-place instance traffic_replay_bd_i/rx_cap_1/inst/core_i/s_axil_rdata_reg[5]
INFO: [Physopt 32-662] Processed net traffic_replay_bd_i/rx_cap_1/inst/core_i/s_axil_rdata[0]_i_12_n_0.  Did not re-place instance traffic_replay_bd_i/rx_cap_1/inst/core_i/s_axil_rdata[0]_i_12
INFO: [Physopt 32-662] Processed net traffic_replay_bd_i/rx_cap_1/inst/core_i/s_axil_rdata[0]_i_62_n_0.  Did not re-place instance traffic_replay_bd_i/rx_cap_1/inst/core_i/s_axil_rdata[0]_i_62
INFO: [Physopt 32-662] Processed net traffic_replay_bd_i/rx_cap_1/inst/core_i/s_axil_rdata[0]_i_6_n_0.  Did not re-place instance traffic_replay_bd_i/rx_cap_1/inst/core_i/s_axil_rdata[0]_i_6
INFO: [Physopt 32-662] Processed net traffic_replay_bd_i/rx_cap_1/inst/core_i/s_axil_rdata[21]_i_15_n_0.  Did not re-place instance traffic_replay_bd_i/rx_cap_1/inst/core_i/s_axil_rdata[21]_i_15
INFO: [Physopt 32-662] Processed net traffic_replay_bd_i/rx_cap_1/inst/core_i/s_axil_rdata[21]_i_1_n_0.  Did not re-place instance traffic_replay_bd_i/rx_cap_1/inst/core_i/s_axil_rdata[21]_i_1
INFO: [Physopt 32-662] Processed net traffic_replay_bd_i/rx_cap_1/inst/core_i/s_axil_rdata[21]_i_2_n_0.  Did not re-place instance traffic_replay_bd_i/rx_cap_1/inst/core_i/s_axil_rdata[21]_i_2
INFO: [Physopt 32-662] Processed net traffic_replay_bd_i/rx_cap_1/inst/core_i/s_axil_rdata[21]_i_30_n_0.  Did not re-place instance traffic_replay_bd_i/rx_cap_1/inst/core_i/s_axil_rdata[21]_i_30
INFO: [Physopt 32-662] Processed net traffic_replay_bd_i/rx_cap_1/inst/core_i/s_axil_rdata[21]_i_60_n_0.  Did not re-place instance traffic_replay_bd_i/rx_cap_1/inst/core_i/s_axil_rdata[21]_i_60
INFO: [Physopt 32-662] Processed net traffic_replay_bd_i/rx_cap_1/inst/core_i/s_axil_rdata[22]_i_61_n_0.  Did not re-place instance traffic_replay_bd_i/rx_cap_1/inst/core_i/s_axil_rdata[22]_i_61
INFO: [Physopt 32-662] Processed net traffic_replay_bd_i/rx_cap_1/inst/core_i/s_axil_rdata[21].  Did not re-place instance traffic_replay_bd_i/rx_cap_1/inst/core_i/s_axil_rdata_reg[21]
INFO: [Physopt 32-662] Processed net traffic_replay_bd_i/rx_cap_1/inst/core_i/s_axil_rdata[0]_i_45_n_0.  Did not re-place instance traffic_replay_bd_i/rx_cap_1/inst/core_i/s_axil_rdata[0]_i_45
INFO: [Physopt 32-662] Processed net traffic_replay_bd_i/rx_cap_1/inst/core_i/s_axil_rdata[25]_i_15_n_0.  Did not re-place instance traffic_replay_bd_i/rx_cap_1/inst/core_i/s_axil_rdata[25]_i_15
INFO: [Physopt 32-662] Processed net traffic_replay_bd_i/rx_cap_1/inst/core_i/s_axil_rdata[25]_i_1_n_0.  Did not re-place instance traffic_replay_bd_i/rx_cap_1/inst/core_i/s_axil_rdata[25]_i_1
INFO: [Physopt 32-662] Processed net traffic_replay_bd_i/rx_cap_1/inst/core_i/s_axil_rdata[25]_i_2_n_0.  Did not re-place instance traffic_replay_bd_i/rx_cap_1/inst/core_i/s_axil_rdata[25]_i_2
INFO: [Physopt 32-662] Processed net traffic_replay_bd_i/rx_cap_1/inst/core_i/s_axil_rdata[25]_i_30_n_0.  Did not re-place instance traffic_replay_bd_i/rx_cap_1/inst/core_i/s_axil_rdata[25]_i_30
INFO: [Physopt 32-662] Processed net traffic_replay_bd_i/rx_cap_1/inst/core_i/s_axil_rdata[25]_i_61_n_0.  Did not re-place instance traffic_replay_bd_i/rx_cap_1/inst/core_i/s_axil_rdata[25]_i_61
INFO: [Physopt 32-662] Processed net traffic_replay_bd_i/rx_cap_1/inst/core_i/s_axil_rdata[25].  Did not re-place instance traffic_replay_bd_i/rx_cap_1/inst/core_i/s_axil_rdata_reg[25]
INFO: [Physopt 32-662] Processed net traffic_replay_bd_i/rx_cap_1/inst/core_i/s_axil_rdata[10]_i_45_n_0.  Did not re-place instance traffic_replay_bd_i/rx_cap_1/inst/core_i/s_axil_rdata[10]_i_45
INFO: [Physopt 32-662] Processed net traffic_replay_bd_i/rx_cap_1/inst/core_i/s_axil_rdata[11]_i_12_n_0.  Did not re-place instance traffic_replay_bd_i/rx_cap_1/inst/core_i/s_axil_rdata[11]_i_12
INFO: [Physopt 32-662] Processed net traffic_replay_bd_i/rx_cap_1/inst/core_i/s_axil_rdata[11]_i_2_n_0.  Did not re-place instance traffic_replay_bd_i/rx_cap_1/inst/core_i/s_axil_rdata[11]_i_2
INFO: [Physopt 32-662] Processed net traffic_replay_bd_i/rx_cap_1/inst/core_i/s_axil_rdata[11]_i_59_n_0.  Did not re-place instance traffic_replay_bd_i/rx_cap_1/inst/core_i/s_axil_rdata[11]_i_59
INFO: [Physopt 32-662] Processed net traffic_replay_bd_i/rx_cap_1/inst/core_i/s_axil_rdata[11]_i_6_n_0.  Did not re-place instance traffic_replay_bd_i/rx_cap_1/inst/core_i/s_axil_rdata[11]_i_6
INFO: [Physopt 32-662] Processed net traffic_replay_bd_i/rx_cap_1/inst/core_i/s_axil_rdata[14]_i_72_n_0.  Did not re-place instance traffic_replay_bd_i/rx_cap_1/inst/core_i/s_axil_rdata[14]_i_72
INFO: [Physopt 32-662] Processed net traffic_replay_bd_i/rx_cap_1/inst/core_i/s_axil_rdata[25]_i_60_n_0.  Did not re-place instance traffic_replay_bd_i/rx_cap_1/inst/core_i/s_axil_rdata[25]_i_60
INFO: [Physopt 32-662] Processed net traffic_replay_bd_i/rx_cap_1/inst/core_i/s_axil_rdata[29]_i_61_n_0.  Did not re-place instance traffic_replay_bd_i/rx_cap_1/inst/core_i/s_axil_rdata[29]_i_61
INFO: [Physopt 32-663] Processed net traffic_replay_bd_i/rx_cap_1/inst/core_i/gap_sample_rd_index_q_reg[5]_rep__17_n_0.  Re-placed instance traffic_replay_bd_i/rx_cap_1/inst/core_i/gap_sample_rd_index_q_reg[5]_rep__17
INFO: [Physopt 32-662] Processed net traffic_replay_bd_i/rx_cap_1/inst/core_i/s_axil_rdata[20]_i_1_n_0.  Did not re-place instance traffic_replay_bd_i/rx_cap_1/inst/core_i/s_axil_rdata[20]_i_1
INFO: [Physopt 32-663] Processed net traffic_replay_bd_i/rx_cap_1/inst/core_i/s_axil_rdata[20].  Re-placed instance traffic_replay_bd_i/rx_cap_1/inst/core_i/s_axil_rdata_reg[20]
INFO: [Physopt 32-663] Processed net traffic_replay_bd_i/rx_cap_1/inst/core_i/gap_sample_rd_index_q_reg[3]_rep__5_n_0.  Re-placed instance traffic_replay_bd_i/rx_cap_1/inst/core_i/gap_sample_rd_index_q_reg[3]_rep__5
INFO: [Physopt 32-662] Processed net traffic_replay_bd_i/rx_cap_1/inst/core_i/s_axil_rdata[5]_i_60_n_0.  Did not re-place instance traffic_replay_bd_i/rx_cap_1/inst/core_i/s_axil_rdata[5]_i_60
INFO: [Physopt 32-663] Processed net traffic_replay_bd_i/rx_cap_1/inst/core_i/gap_sample_rd_index_q_reg[5]_rep__14_n_0.  Re-placed instance traffic_replay_bd_i/rx_cap_1/inst/core_i/gap_sample_rd_index_q_reg[5]_rep__14
INFO: [Physopt 32-662] Processed net traffic_replay_bd_i/rx_cap_1/inst/core_i/s_axil_rdata[29]_i_73_n_0.  Did not re-place instance traffic_replay_bd_i/rx_cap_1/inst/core_i/s_axil_rdata[29]_i_73
INFO: [Physopt 32-663] Processed net traffic_replay_bd_i/ctrl_rx1_cc/inst/gen_clock_conv.gen_async_lite_conv.clock_conv_lite_fwd_ar/handshake/dest_hsdata_ff[13].  Re-placed instance traffic_replay_bd_i/ctrl_rx1_cc/inst/gen_clock_conv.gen_async_lite_conv.clock_conv_lite_fwd_ar/handshake/dest_hsdata_ff_reg[13]
INFO: [Physopt 32-663] Processed net traffic_replay_bd_i/rx_cap_1/inst/core_i/gap_sample_rd_index_q_reg[3]_rep__9_n_0.  Re-placed instance traffic_replay_bd_i/rx_cap_1/inst/core_i/gap_sample_rd_index_q_reg[3]_rep__9
INFO: [Physopt 32-662] Processed net traffic_replay_bd_i/rx_cap_1/inst/core_i/data35[11].  Did not re-place instance traffic_replay_bd_i/rx_cap_1/inst/core_i/s_axil_rdata[11]_i_11
INFO: [Physopt 32-662] Processed net traffic_replay_bd_i/rx_cap_1/inst/core_i/s_axil_rdata[11]_i_45_n_0.  Did not re-place instance traffic_replay_bd_i/rx_cap_1/inst/core_i/s_axil_rdata[11]_i_45
INFO: [Physopt 32-662] Processed net traffic_replay_bd_i/rx_cap_1/inst/core_i/s_axil_rdata[11]_i_4_n_0.  Did not re-place instance traffic_replay_bd_i/rx_cap_1/inst/core_i/s_axil_rdata[11]_i_4
INFO: [Physopt 32-663] Processed net traffic_replay_bd_i/rx_cap_1/inst/core_i/gap_sample_rd_index_q_reg[5]_rep__21_n_0.  Re-placed instance traffic_replay_bd_i/rx_cap_1/inst/core_i/gap_sample_rd_index_q_reg[5]_rep__21
INFO: [Physopt 32-663] Processed net traffic_replay_bd_i/rx_cap_1/inst/core_i/data35[5].  Re-placed instance traffic_replay_bd_i/rx_cap_1/inst/core_i/s_axil_rdata[5]_i_16
INFO: [Physopt 32-662] Processed net traffic_replay_bd_i/rx_cap_1/inst/core_i/s_axil_rdata[14]_i_74_n_0.  Did not re-place instance traffic_replay_bd_i/rx_cap_1/inst/core_i/s_axil_rdata[14]_i_74
INFO: [Physopt 32-662] Processed net traffic_replay_bd_i/rx_cap_1/inst/core_i/s_axil_rdata[5]_i_43_n_0.  Did not re-place instance traffic_replay_bd_i/rx_cap_1/inst/core_i/s_axil_rdata[5]_i_43
INFO: [Physopt 32-662] Processed net traffic_replay_bd_i/rx_cap_1/inst/core_i/s_axil_rdata[5]_i_5_n_0.  Did not re-place instance traffic_replay_bd_i/rx_cap_1/inst/core_i/s_axil_rdata[5]_i_5
INFO: [Physopt 32-663] Processed net traffic_replay_bd_i/rx_cap_1/inst/core_i/gap_sample_rd_index_q_reg[0]_rep__8_n_0.  Re-placed instance traffic_replay_bd_i/rx_cap_1/inst/core_i/gap_sample_rd_index_q_reg[0]_rep__8
INFO: [Physopt 32-663] Processed net traffic_replay_bd_i/replay_core_1/inst/core_i/ddr_reader_i/desc_rd_ptr_reg[0].  Re-placed instance traffic_replay_bd_i/replay_core_1/inst/core_i/ddr_reader_i/desc_rd_ptr_reg[0]
INFO: [Physopt 32-662] Processed net traffic_replay_bd_i/replay_core_1/inst/core_i/ddr_reader_i/desc_head_word_q[8]_i_6_n_0.  Did not re-place instance traffic_replay_bd_i/replay_core_1/inst/core_i/ddr_reader_i/desc_head_word_q[8]_i_6
INFO: [Physopt 32-662] Processed net traffic_replay_bd_i/replay_core_1/inst/core_i/regs_i/scan_run_addr[20]_i_8_n_0.  Did not re-place instance traffic_replay_bd_i/replay_core_1/inst/core_i/regs_i/scan_run_addr[20]_i_8
INFO: [Physopt 32-662] Processed net traffic_replay_bd_i/rx_cap_1/inst/core_i/s_axil_rdata[18]_i_60_n_0.  Did not re-place instance traffic_replay_bd_i/rx_cap_1/inst/core_i/s_axil_rdata[18]_i_60
INFO: [Physopt 32-662] Processed net traffic_replay_bd_i/rx_cap_1/inst/core_i/s_axil_rdata[20]_i_15_n_0.  Did not re-place instance traffic_replay_bd_i/rx_cap_1/inst/core_i/s_axil_rdata[20]_i_15
INFO: [Physopt 32-662] Processed net traffic_replay_bd_i/rx_cap_1/inst/core_i/s_axil_rdata[20]_i_2_n_0.  Did not re-place instance traffic_replay_bd_i/rx_cap_1/inst/core_i/s_axil_rdata[20]_i_2
INFO: [Physopt 32-662] Processed net traffic_replay_bd_i/rx_cap_1/inst/core_i/s_axil_rdata[20]_i_30_n_0.  Did not re-place instance traffic_replay_bd_i/rx_cap_1/inst/core_i/s_axil_rdata[20]_i_30
INFO: [Physopt 32-662] Processed net traffic_replay_bd_i/rx_cap_1/inst/core_i/s_axil_rdata[20]_i_63_n_0.  Did not re-place instance traffic_replay_bd_i/rx_cap_1/inst/core_i/s_axil_rdata[20]_i_63
INFO: [Physopt 32-662] Processed net traffic_replay_bd_i/replay_core_1/inst/core_i/ddr_reader_i/scan_run_addr[62].  Did not re-place instance traffic_replay_bd_i/replay_core_1/inst/core_i/ddr_reader_i/scan_run_addr_reg[62]
INFO: [Physopt 32-662] Processed net traffic_replay_bd_i/rx_cap_1/inst/core_i/s_axil_rdata[29]_i_60_n_0.  Did not re-place instance traffic_replay_bd_i/rx_cap_1/inst/core_i/s_axil_rdata[29]_i_60
INFO: [Physopt 32-662] Processed net traffic_replay_bd_i/rx_cap_1/inst/core_i/s_axil_rdata[5]_i_61_n_0.  Did not re-place instance traffic_replay_bd_i/rx_cap_1/inst/core_i/s_axil_rdata[5]_i_61
INFO: [Physopt 32-662] Processed net traffic_replay_bd_i/rx_cap_1/inst/core_i/s_axil_rdata[7]_i_61_n_0.  Did not re-place instance traffic_replay_bd_i/rx_cap_1/inst/core_i/s_axil_rdata[7]_i_61
INFO: [Physopt 32-662] Processed net traffic_replay_bd_i/rx_cap_1/inst/core_i/s_axil_rdata[6]_i_1_n_0.  Did not re-place instance traffic_replay_bd_i/rx_cap_1/inst/core_i/s_axil_rdata[6]_i_1
INFO: [Physopt 32-662] Processed net traffic_replay_bd_i/rx_cap_1/inst/core_i/s_axil_rdata[6].  Did not re-place instance traffic_replay_bd_i/rx_cap_1/inst/core_i/s_axil_rdata_reg[6]
INFO: [Physopt 32-663] Processed net traffic_replay_bd_i/rx_cap_1/inst/core_i/gap_sample_rd_index_q_reg[4]_rep__26_n_0.  Re-placed instance traffic_replay_bd_i/rx_cap_1/inst/core_i/gap_sample_rd_index_q_reg[4]_rep__26
INFO: [Physopt 32-662] Processed net traffic_replay_bd_i/rx_cap_1/inst/core_i/data35[21].  Did not re-place instance traffic_replay_bd_i/rx_cap_1/inst/core_i/s_axil_rdata[21]_i_4
INFO: [Physopt 32-662] Processed net traffic_replay_bd_i/rx_cap_1/inst/core_i/s_axil_rdata[21]_i_46_n_0.  Did not re-place instance traffic_replay_bd_i/rx_cap_1/inst/core_i/s_axil_rdata[21]_i_46
INFO: [Physopt 32-662] Processed net traffic_replay_bd_i/rx_cap_1/inst/core_i/s_axil_rdata[21]_i_62_n_0.  Did not re-place instance traffic_replay_bd_i/rx_cap_1/inst/core_i/s_axil_rdata[21]_i_62
INFO: [Physopt 32-662] Processed net traffic_replay_bd_i/rx_cap_1/inst/core_i/s_axil_rdata[29]_i_68_n_0.  Did not re-place instance traffic_replay_bd_i/rx_cap_1/inst/core_i/s_axil_rdata[29]_i_68
INFO: [Physopt 32-662] Processed net traffic_replay_bd_i/rx_cap_1/inst/core_i/gap_sample_rd_index_q_reg[2]_rep__29_n_0.  Did not re-place instance traffic_replay_bd_i/rx_cap_1/inst/core_i/gap_sample_rd_index_q_reg[2]_rep__29
INFO: [Physopt 32-662] Processed net traffic_replay_bd_i/rx_cap_1/inst/core_i/gap_sample_rd_index_q_reg[0]_rep__17_n_0_repN.  Did not re-place instance traffic_replay_bd_i/rx_cap_1/inst/core_i/gap_sample_rd_index_q_reg[0]_rep__17_replica
INFO: [Physopt 32-662] Processed net traffic_replay_bd_i/rx_cap_1/inst/core_i/data35[12].  Did not re-place instance traffic_replay_bd_i/rx_cap_1/inst/core_i/s_axil_rdata[12]_i_4
INFO: [Physopt 32-662] Processed net traffic_replay_bd_i/rx_cap_1/inst/core_i/s_axil_rdata[12]_i_33_n_0.  Did not re-place instance traffic_replay_bd_i/rx_cap_1/inst/core_i/s_axil_rdata[12]_i_33
INFO: [Physopt 32-662] Processed net traffic_replay_bd_i/rx_cap_1/inst/core_i/s_axil_rdata[21]_i_33_n_0.  Did not re-place instance traffic_replay_bd_i/rx_cap_1/inst/core_i/s_axil_rdata[21]_i_33
INFO: [Physopt 32-663] Processed net traffic_replay_bd_i/ctrl_rx1_cc/inst/gen_clock_conv.gen_async_lite_conv.clock_conv_lite_fwd_ar/handshake/dest_hsdata_ff[8].  Re-placed instance traffic_replay_bd_i/ctrl_rx1_cc/inst/gen_clock_conv.gen_async_lite_conv.clock_conv_lite_fwd_ar/handshake/dest_hsdata_ff_reg[8]
INFO: [Physopt 32-663] Processed net traffic_replay_bd_i/rx_cap_1/inst/core_i/gap_sample_rd_index_q_reg[5]_rep__11_n_0.  Re-placed instance traffic_replay_bd_i/rx_cap_1/inst/core_i/gap_sample_rd_index_q_reg[5]_rep__11
INFO: [Physopt 32-662] Processed net traffic_replay_bd_i/rx_cap_1/inst/core_i/data35[6].  Did not re-place instance traffic_replay_bd_i/rx_cap_1/inst/core_i/s_axil_rdata[6]_i_11
INFO: [Physopt 32-662] Processed net traffic_replay_bd_i/rx_cap_1/inst/core_i/s_axil_rdata[21]_i_31_n_0.  Did not re-place instance traffic_replay_bd_i/rx_cap_1/inst/core_i/s_axil_rdata[21]_i_31
INFO: [Physopt 32-662] Processed net traffic_replay_bd_i/rx_cap_1/inst/core_i/s_axil_rdata[25]_i_68_n_0.  Did not re-place instance traffic_replay_bd_i/rx_cap_1/inst/core_i/s_axil_rdata[25]_i_68
INFO: [Physopt 32-662] Processed net traffic_replay_bd_i/rx_cap_1/inst/core_i/s_axil_rdata[6]_i_2_n_0.  Did not re-place instance traffic_replay_bd_i/rx_cap_1/inst/core_i/s_axil_rdata[6]_i_2
INFO: [Physopt 32-662] Processed net traffic_replay_bd_i/rx_cap_1/inst/core_i/s_axil_rdata[6]_i_44_n_0.  Did not re-place instance traffic_replay_bd_i/rx_cap_1/inst/core_i/s_axil_rdata[6]_i_44
INFO: [Physopt 32-662] Processed net traffic_replay_bd_i/rx_cap_1/inst/core_i/s_axil_rdata[6]_i_4_n_0.  Did not re-place instance traffic_replay_bd_i/rx_cap_1/inst/core_i/s_axil_rdata[6]_i_4
INFO: [Physopt 32-662] Processed net traffic_replay_bd_i/replay_core_1/inst/core_i/ddr_reader_i/scan_run_addr[60].  Did not re-place instance traffic_replay_bd_i/replay_core_1/inst/core_i/ddr_reader_i/scan_run_addr_reg[60]
INFO: [Physopt 32-662] Processed net traffic_replay_bd_i/rx_cap_1/inst/core_i/s_axil_rdata[0]_i_72_n_0.  Did not re-place instance traffic_replay_bd_i/rx_cap_1/inst/core_i/s_axil_rdata[0]_i_72
INFO: [Physopt 32-662] Processed net traffic_replay_bd_i/rx_cap_1/inst/core_i/s_axil_rdata[14]_i_59_n_0.  Did not re-place instance traffic_replay_bd_i/rx_cap_1/inst/core_i/s_axil_rdata[14]_i_59
INFO: [Physopt 32-662] Processed net traffic_replay_bd_i/replay_core_1/inst/core_i/ddr_reader_i/scan_run_addr[58].  Did not re-place instance traffic_replay_bd_i/replay_core_1/inst/core_i/ddr_reader_i/scan_run_addr_reg[58]
INFO: [Physopt 32-662] Processed net traffic_replay_bd_i/rx_cap_1/inst/core_i/gap_sample_rd_index_q_reg[2]_rep__5_n_0.  Did not re-place instance traffic_replay_bd_i/rx_cap_1/inst/core_i/gap_sample_rd_index_q_reg[2]_rep__5
INFO: [Physopt 32-663] Processed net traffic_replay_bd_i/rx_cap_1/inst/core_i/gap_sample_rd_index_q_reg[2]_rep__18_n_0.  Re-placed instance traffic_replay_bd_i/rx_cap_1/inst/core_i/gap_sample_rd_index_q_reg[2]_rep__18
INFO: [Physopt 32-661] Optimized 37 nets.  Re-placed 37 instances.
INFO: [Physopt 32-775] End 1 Pass. Optimized 37 nets or cells. Created 0 new cell, deleted 0 existing cell and moved 37 existing cells
INFO: [Physopt 32-619] Estimated Timing Summary | WNS=-0.103 | TNS=-0.705 |
Netlist sorting complete. Time (s): cpu = 00:00:00.09 ; elapsed = 00:00:00.09 . Memory (MB): peak = 11615.543 ; gain = 0.000 ; free physical = 72374 ; free virtual = 95623
Phase 9 Single Cell Placement Optimization | Checksum: 25e97efa0

Time (s): cpu = 00:04:31 ; elapsed = 00:04:34 . Memory (MB): peak = 11615.543 ; gain = 0.000 ; free physical = 72373 ; free virtual = 95621

Phase 10 Multi Cell Placement Optimization
INFO: [Physopt 32-660] Identified 100 candidate nets for placement-based optimization.
INFO: [Physopt 32-662] Processed net traffic_replay_bd_i/ctrl_rx1_cc/inst/gen_clock_conv.gen_async_lite_conv.clock_conv_lite_fwd_ar/handshake/dest_hsdata_ff[0].  Did not re-place instance traffic_replay_bd_i/ctrl_rx1_cc/inst/gen_clock_conv.gen_async_lite_conv.clock_conv_lite_fwd_ar/handshake/dest_hsdata_ff_reg[0]/Q
INFO: [Physopt 32-662] Processed net traffic_replay_bd_i/rx_cap_1/inst/core_i/s_axil_rdata[31]_i_2_n_0.  Did not re-place instance traffic_replay_bd_i/rx_cap_1/inst/core_i/s_axil_rdata[31]_i_2/O
INFO: [Physopt 32-662] Processed net traffic_replay_bd_i/rx_cap_1/inst/core_i/s_axil_rdata[0]_i_1_n_0.  Did not re-place instance traffic_replay_bd_i/rx_cap_1/inst/core_i/s_axil_rdata[0]_i_1/O
INFO: [Physopt 32-662] Processed net traffic_replay_bd_i/rx_cap_1/inst/core_i/s_axil_rdata[31]_i_18_n_0.  Did not re-place instance traffic_replay_bd_i/rx_cap_1/inst/core_i/s_axil_rdata[31]_i_18_rewire/O
INFO: [Physopt 32-662] Processed net traffic_replay_bd_i/ctrl_rx1_cc/inst/gen_clock_conv.gen_async_lite_conv.clock_conv_lite_fwd_ar/handshake/dest_hsdata_ff[12].  Did not re-place instance traffic_replay_bd_i/ctrl_rx1_cc/inst/gen_clock_conv.gen_async_lite_conv.clock_conv_lite_fwd_ar/handshake/dest_hsdata_ff_reg[12]/Q
INFO: [Physopt 32-662] Processed net traffic_replay_bd_i/rx_cap_1/inst/core_i/data35[0].  Did not re-place instance traffic_replay_bd_i/rx_cap_1/inst/core_i/s_axil_rdata[0]_i_11/O
INFO: [Physopt 32-662] Processed net traffic_replay_bd_i/rx_cap_1/inst/core_i/s_axil_rdata[0]_i_2_n_0.  Did not re-place instance traffic_replay_bd_i/rx_cap_1/inst/core_i/s_axil_rdata[0]_i_2/O
INFO: [Physopt 32-662] Processed net traffic_replay_bd_i/rx_cap_1/inst/core_i/s_axil_rdata[0]_i_4_n_0.  Did not re-place instance traffic_replay_bd_i/rx_cap_1/inst/core_i/s_axil_rdata[0]_i_4/O
INFO: [Physopt 32-662] Processed net traffic_replay_bd_i/rx_cap_1/inst/core_i/s_axil_rdata[7]_i_12_n_0.  Did not re-place instance traffic_replay_bd_i/rx_cap_1/inst/core_i/s_axil_rdata[7]_i_12/O
INFO: [Physopt 32-662] Processed net traffic_replay_bd_i/rx_cap_1/inst/core_i/s_axil_rdata[7]_i_1_n_0.  Did not re-place instance traffic_replay_bd_i/rx_cap_1/inst/core_i/s_axil_rdata[7]_i_1/O
INFO: [Physopt 32-662] Processed net traffic_replay_bd_i/rx_cap_1/inst/core_i/s_axil_rdata[7]_i_2_n_0.  Did not re-place instance traffic_replay_bd_i/rx_cap_1/inst/core_i/s_axil_rdata[7]_i_2/O
INFO: [Physopt 32-662] Processed net traffic_replay_bd_i/rx_cap_1/inst/core_i/s_axil_rdata[7]_i_6_n_0.  Did not re-place instance traffic_replay_bd_i/rx_cap_1/inst/core_i/s_axil_rdata[7]_i_6/O
INFO: [Physopt 32-662] Processed net traffic_replay_bd_i/rx_cap_1/inst/core_i/s_axil_rdata[29]_i_1_n_0.  Did not re-place instance traffic_replay_bd_i/rx_cap_1/inst/core_i/s_axil_rdata[29]_i_1/O
INFO: [Physopt 32-662] Processed net traffic_replay_bd_i/rx_cap_1/inst/core_i/s_axil_rdata[29]_i_2_n_0.  Did not re-place instance traffic_replay_bd_i/rx_cap_1/inst/core_i/s_axil_rdata[29]_i_2/O
INFO: [Physopt 32-662] Processed net traffic_replay_bd_i/rx_cap_1/inst/core_i/s_axil_rdata[12]_i_1_n_0.  Did not re-place instance traffic_replay_bd_i/rx_cap_1/inst/core_i/s_axil_rdata[12]_i_1/O
INFO: [Physopt 32-662] Processed net traffic_replay_bd_i/rx_cap_1/inst/core_i/s_axil_rdata[12]_i_2_n_0.  Did not re-place instance traffic_replay_bd_i/rx_cap_1/inst/core_i/s_axil_rdata[12]_i_2/O
INFO: [Physopt 32-662] Processed net traffic_replay_bd_i/rx_cap_1/inst/core_i/s_axil_rdata[30]_i_1_n_0.  Did not re-place instance traffic_replay_bd_i/rx_cap_1/inst/core_i/s_axil_rdata[30]_i_1/O
INFO: [Physopt 32-662] Processed net traffic_replay_bd_i/rx_cap_1/inst/core_i/s_axil_rdata[13]_i_1_n_0.  Did not re-place instance traffic_replay_bd_i/rx_cap_1/inst/core_i/s_axil_rdata[13]_i_1/O
INFO: [Physopt 32-662] Processed net traffic_replay_bd_i/rx_cap_1/inst/core_i/s_axil_rdata[13]_i_2_n_0.  Did not re-place instance traffic_replay_bd_i/rx_cap_1/inst/core_i/s_axil_rdata[13]_i_2/O
INFO: [Physopt 32-662] Processed net traffic_replay_bd_i/rx_cap_1/inst/core_i/s_axil_rdata[31]_i_4_n_0.  Did not re-place instance traffic_replay_bd_i/rx_cap_1/inst/core_i/s_axil_rdata[31]_i_4/O
INFO: [Physopt 32-662] Processed net traffic_replay_bd_i/rx_cap_1/inst/core_i/rx_fifo_i/dest_hsdata_ff_reg[5][1].  Did not re-place instance traffic_replay_bd_i/rx_cap_1/inst/core_i/rx_fifo_i/s_axil_rdata[4]_i_1/O
INFO: [Physopt 32-662] Processed net traffic_replay_bd_i/rx_cap_1/inst/core_i/s_axil_rdata[4]_i_17_n_0.  Did not re-place instance traffic_replay_bd_i/rx_cap_1/inst/core_i/s_axil_rdata[4]_i_17/O
INFO: [Physopt 32-662] Processed net traffic_replay_bd_i/rx_cap_1/inst/core_i/s_axil_rdata[4]_i_2_n_0.  Did not re-place instance traffic_replay_bd_i/rx_cap_1/inst/core_i/s_axil_rdata[4]_i_2/O
INFO: [Physopt 32-662] Processed net traffic_replay_bd_i/rx_cap_1/inst/core_i/s_axil_rdata[4]_i_7_n_0.  Did not re-place instance traffic_replay_bd_i/rx_cap_1/inst/core_i/s_axil_rdata[4]_i_7/O
INFO: [Physopt 32-662] Processed net traffic_replay_bd_i/rx_cap_1/inst/core_i/s_axil_rdata[27]_i_1_n_0.  Did not re-place instance traffic_replay_bd_i/rx_cap_1/inst/core_i/s_axil_rdata[27]_i_1/O
INFO: [Physopt 32-662] Processed net traffic_replay_bd_i/rx_cap_1/inst/core_i/s_axil_rdata[9]_i_1_n_0.  Did not re-place instance traffic_replay_bd_i/rx_cap_1/inst/core_i/s_axil_rdata[9]_i_1/O
INFO: [Physopt 32-662] Processed net traffic_replay_bd_i/rx_cap_1/inst/core_i/s_axil_rdata[19]_i_1_n_0.  Did not re-place instance traffic_replay_bd_i/rx_cap_1/inst/core_i/s_axil_rdata[19]_i_1/O
INFO: [Physopt 32-662] Processed net traffic_replay_bd_i/rx_cap_1/inst/core_i/s_axil_rdata[19]_i_2_n_0.  Did not re-place instance traffic_replay_bd_i/rx_cap_1/inst/core_i/s_axil_rdata[19]_i_2/O
INFO: [Physopt 32-662] Processed net traffic_replay_bd_i/ctrl_rx1_cc/inst/gen_clock_conv.gen_async_lite_conv.clock_conv_lite_fwd_ar/handshake/dest_hsdata_ff[9].  Did not re-place instance traffic_replay_bd_i/ctrl_rx1_cc/inst/gen_clock_conv.gen_async_lite_conv.clock_conv_lite_fwd_ar/handshake/dest_hsdata_ff_reg[9]/Q
INFO: [Physopt 32-662] Processed net traffic_replay_bd_i/rx_cap_1/inst/core_i/s_axil_rdata[10]_i_12_n_0.  Did not re-place instance traffic_replay_bd_i/rx_cap_1/inst/core_i/s_axil_rdata[10]_i_12/O
INFO: [Physopt 32-662] Processed net traffic_replay_bd_i/rx_cap_1/inst/core_i/s_axil_rdata[10]_i_1_n_0.  Did not re-place instance traffic_replay_bd_i/rx_cap_1/inst/core_i/s_axil_rdata[10]_i_1/O
INFO: [Physopt 32-662] Processed net traffic_replay_bd_i/rx_cap_1/inst/core_i/s_axil_rdata[10]_i_2_n_0.  Did not re-place instance traffic_replay_bd_i/rx_cap_1/inst/core_i/s_axil_rdata[10]_i_2/O
INFO: [Physopt 32-662] Processed net traffic_replay_bd_i/rx_cap_1/inst/core_i/s_axil_rdata[10]_i_6_n_0.  Did not re-place instance traffic_replay_bd_i/rx_cap_1/inst/core_i/s_axil_rdata[10]_i_6/O
INFO: [Physopt 32-662] Processed net traffic_replay_bd_i/ctrl_rx1_cc/inst/gen_clock_conv.gen_async_lite_conv.clock_conv_lite_fwd_ar/handshake/dest_hsdata_ff[15].  Did not re-place instance traffic_replay_bd_i/ctrl_rx1_cc/inst/gen_clock_conv.gen_async_lite_conv.clock_conv_lite_fwd_ar/handshake/dest_hsdata_ff_reg[15]/Q
INFO: [Physopt 32-662] Processed net traffic_replay_bd_i/rx_cap_1/inst/core_i/s_axil_rdata[14]_i_1_n_0.  Did not re-place instance traffic_replay_bd_i/rx_cap_1/inst/core_i/s_axil_rdata[14]_i_1/O
INFO: [Physopt 32-662] Processed net traffic_replay_bd_i/rx_cap_1/inst/core_i/s_axil_rdata[14]_i_2_n_0.  Did not re-place instance traffic_replay_bd_i/rx_cap_1/inst/core_i/s_axil_rdata[14]_i_2/O
INFO: [Physopt 32-662] Processed net traffic_replay_bd_i/rx_cap_1/inst/core_i/s_axil_rdata[26]_i_1_n_0.  Did not re-place instance traffic_replay_bd_i/rx_cap_1/inst/core_i/s_axil_rdata[26]_i_1/O
INFO: [Physopt 32-662] Processed net traffic_replay_bd_i/rx_cap_1/inst/core_i/s_axil_rdata[26]_i_2_n_0.  Did not re-place instance traffic_replay_bd_i/rx_cap_1/inst/core_i/s_axil_rdata[26]_i_2/O
INFO: [Physopt 32-662] Processed net traffic_replay_bd_i/rx_cap_1/inst/core_i/s_axil_rdata[5]_i_17_n_0.  Did not re-place instance traffic_replay_bd_i/rx_cap_1/inst/core_i/s_axil_rdata[5]_i_17/O
INFO: [Physopt 32-662] Processed net traffic_replay_bd_i/rx_cap_1/inst/core_i/s_axil_rdata[5]_i_1_n_0.  Did not re-place instance traffic_replay_bd_i/rx_cap_1/inst/core_i/s_axil_rdata[5]_i_1/O
INFO: [Physopt 32-662] Processed net traffic_replay_bd_i/rx_cap_1/inst/core_i/s_axil_rdata[5]_i_2_n_0.  Did not re-place instance traffic_replay_bd_i/rx_cap_1/inst/core_i/s_axil_rdata[5]_i_2/O
INFO: [Physopt 32-662] Processed net traffic_replay_bd_i/rx_cap_1/inst/core_i/s_axil_rdata[5]_i_7_n_0.  Did not re-place instance traffic_replay_bd_i/rx_cap_1/inst/core_i/s_axil_rdata[5]_i_7/O
INFO: [Physopt 32-663] Processed net traffic_replay_bd_i/rx_cap_1/inst/core_i/s_axil_rdata[0]_i_12_n_0.  Re-placed instance traffic_replay_bd_i/rx_cap_1/inst/core_i/s_axil_rdata[0]_i_12/O
INFO: [Physopt 32-662] Processed net traffic_replay_bd_i/rx_cap_1/inst/core_i/s_axil_rdata[21]_i_1_n_0.  Did not re-place instance traffic_replay_bd_i/rx_cap_1/inst/core_i/s_axil_rdata[21]_i_1/O
INFO: [Physopt 32-662] Processed net traffic_replay_bd_i/rx_cap_1/inst/core_i/s_axil_rdata[21]_i_2_n_0.  Did not re-place instance traffic_replay_bd_i/rx_cap_1/inst/core_i/s_axil_rdata[21]_i_2/O
INFO: [Physopt 32-662] Processed net traffic_replay_bd_i/rx_cap_1/inst/core_i/s_axil_rdata[22]_i_1_n_0.  Did not re-place instance traffic_replay_bd_i/rx_cap_1/inst/core_i/s_axil_rdata[22]_i_1/O
INFO: [Physopt 32-662] Processed net traffic_replay_bd_i/rx_cap_1/inst/core_i/s_axil_rdata[22]_i_2_n_0.  Did not re-place instance traffic_replay_bd_i/rx_cap_1/inst/core_i/s_axil_rdata[22]_i_2/O
INFO: [Physopt 32-662] Processed net traffic_replay_bd_i/rx_cap_1/inst/core_i/s_axil_rdata[11]_i_1_n_0.  Did not re-place instance traffic_replay_bd_i/rx_cap_1/inst/core_i/s_axil_rdata[11]_i_1/O
INFO: [Physopt 32-662] Processed net traffic_replay_bd_i/rx_cap_1/inst/core_i/s_axil_rdata[25]_i_1_n_0.  Did not re-place instance traffic_replay_bd_i/rx_cap_1/inst/core_i/s_axil_rdata[25]_i_1/O
INFO: [Physopt 32-662] Processed net traffic_replay_bd_i/rx_cap_1/inst/core_i/s_axil_rdata[25]_i_2_n_0.  Did not re-place instance traffic_replay_bd_i/rx_cap_1/inst/core_i/s_axil_rdata[25]_i_2/O
INFO: [Physopt 32-662] Processed net traffic_replay_bd_i/rx_cap_1/inst/core_i/s_axil_rdata[11]_i_12_n_0.  Did not re-place instance traffic_replay_bd_i/rx_cap_1/inst/core_i/s_axil_rdata[11]_i_12/O
INFO: [Physopt 32-662] Processed net traffic_replay_bd_i/rx_cap_1/inst/core_i/s_axil_rdata[11]_i_2_n_0.  Did not re-place instance traffic_replay_bd_i/rx_cap_1/inst/core_i/s_axil_rdata[11]_i_2/O
INFO: [Physopt 32-662] Processed net traffic_replay_bd_i/rx_cap_1/inst/core_i/s_axil_rdata[11]_i_6_n_0.  Did not re-place instance traffic_replay_bd_i/rx_cap_1/inst/core_i/s_axil_rdata[11]_i_6/O
INFO: [Physopt 32-662] Processed net traffic_replay_bd_i/rx_cap_1/inst/core_i/data35[12].  Did not re-place instance traffic_replay_bd_i/rx_cap_1/inst/core_i/s_axil_rdata[12]_i_4/O
INFO: [Physopt 32-662] Processed net traffic_replay_bd_i/rx_cap_1/inst/core_i/data35[10].  Did not re-place instance traffic_replay_bd_i/rx_cap_1/inst/core_i/s_axil_rdata[10]_i_11/O
INFO: [Physopt 32-662] Processed net traffic_replay_bd_i/rx_cap_1/inst/core_i/s_axil_rdata[10]_i_4_n_0.  Did not re-place instance traffic_replay_bd_i/rx_cap_1/inst/core_i/s_axil_rdata[10]_i_4/O
INFO: [Physopt 32-662] Processed net traffic_replay_bd_i/rx_cap_1/inst/core_i/s_axil_rdata[18]_i_1_n_0.  Did not re-place instance traffic_replay_bd_i/rx_cap_1/inst/core_i/s_axil_rdata[18]_i_1/O
INFO: [Physopt 32-662] Processed net traffic_replay_bd_i/rx_cap_1/inst/core_i/s_axil_rdata[18]_i_2_n_0.  Did not re-place instance traffic_replay_bd_i/rx_cap_1/inst/core_i/s_axil_rdata[18]_i_2/O
INFO: [Physopt 32-661] Optimized 1 net.  Re-placed 2 instances.
INFO: [Physopt 32-775] End 1 Pass. Optimized 1 net or cell. Created 0 new cell, deleted 0 existing cell and moved 2 existing cells
INFO: [Physopt 32-619] Estimated Timing Summary | WNS=-0.103 | TNS=-0.705 |
Netlist sorting complete. Time (s): cpu = 00:00:00.07 ; elapsed = 00:00:00.07 . Memory (MB): peak = 11615.543 ; gain = 0.000 ; free physical = 72373 ; free virtual = 95622
Phase 10 Multi Cell Placement Optimization | Checksum: 197d86451

Time (s): cpu = 00:04:41 ; elapsed = 00:04:44 . Memory (MB): peak = 11615.543 ; gain = 0.000 ; free physical = 72372 ; free virtual = 95621

Phase 11 Rewire
INFO: [Physopt 32-246] Starting Signal Push optimization...
INFO: [Physopt 32-241] No nets found for rewiring () optimization.
INFO: [Physopt 32-232] Optimized 0 net. Created 0 new instance.
INFO: [Physopt 32-775] End 1 Pass. Optimized 0 net or cell. Created 0 new cell, deleted 0 existing cell and moved 0 existing cell
Netlist sorting complete. Time (s): cpu = 00:00:00.07 ; elapsed = 00:00:00.07 . Memory (MB): peak = 11615.543 ; gain = 0.000 ; free physical = 72373 ; free virtual = 95621
Phase 11 Rewire | Checksum: 197d86451

Time (s): cpu = 00:04:42 ; elapsed = 00:04:45 . Memory (MB): peak = 11615.543 ; gain = 0.000 ; free physical = 72373 ; free virtual = 95621

Phase 12 Critical Cell Optimization
INFO: [Physopt 32-46] Identified 30 candidate nets for critical-cell optimization.
INFO: [Physopt 32-81] Processed net traffic_replay_bd_i/rx_cap_1/inst/core_i/s_axil_rdata[31]_i_7_n_0_repN. Replicated 1 times.
INFO: [Physopt 32-572] Net traffic_replay_bd_i/rx_cap_1/inst/core_i/s_axil_rdata[31]_i_18_n_0 was not replicated.
Resolution: phys_opt_design can be forced to replicate a net driver using the option -force_replication_on_nets <list of net objects>.
INFO: [Physopt 32-571] Net traffic_replay_bd_i/rx_cap_1/inst/core_i/s_axil_rdata[31]_i_7_n_0 was not replicated.
INFO: [Physopt 32-572] Net traffic_replay_bd_i/rx_cap_1/inst/core_i/gap_sample_rd_index_q_reg[0]_rep__17_n_0_repN was not replicated.
Resolution: phys_opt_design can be forced to replicate a net driver using the option -force_replication_on_nets <list of net objects>.
INFO: [Physopt 32-571] Net traffic_replay_bd_i/rx_cap_1/inst/core_i/gap_sample_rd_index_q_reg[0]_rep__2_n_0_repN was not replicated.
INFO: [Physopt 32-571] Net traffic_replay_bd_i/rx_cap_1/inst/core_i/gap_sample_rd_index_q_reg[0]_rep__18_n_0_repN_3 was not replicated.
INFO: [Physopt 32-571] Net traffic_replay_bd_i/rx_cap_1/inst/core_i/gap_sample_rd_index_q_reg[3]_rep__13_n_0 was not replicated.
INFO: [Physopt 32-571] Net traffic_replay_bd_i/xdma_0/inst/udma_wrapper/dma_top/dma_pcie_req/dma_pcie_rq/RQ_FIFO/m_axis_rq_thead_d_ff[0][125]_i_6_n_0 was not replicated.
INFO: [Physopt 32-571] Net traffic_replay_bd_i/xdma_0/inst/udma_wrapper/dma_top/dma_pcie_req/dma_pcie_rq/RcbAvail_ff[8] was not replicated.
INFO: [Physopt 32-571] Net traffic_replay_bd_i/xdma_0/inst/udma_wrapper/dma_top/dma_pcie_req/dma_pcie_rq/WTLP_HDR_FIFO/RcbAvail_ff_reg[9] was not replicated.
INFO: [Physopt 32-571] Net traffic_replay_bd_i/replay_core_1/inst/core_i/stream_prefetch_fifo_i/p_0_in[1] was not replicated.
INFO: [Physopt 32-571] Net traffic_replay_bd_i/replay_core_1/inst/core_i/stream_reader_i/cmd_count_reg[0]_0 was not replicated.
INFO: [Physopt 32-571] Net traffic_replay_bd_i/replay_core_1/inst/core_i/stream_reader_i/cmd_count_reg[2] was not replicated.
INFO: [Physopt 32-571] Net traffic_replay_bd_i/xdma_0/inst/udma_wrapper/dma_top/dma_pcie_req/dma_pcie_rq/RQ_FIFO/D[1] was not replicated.
INFO: [Physopt 32-571] Net traffic_replay_bd_i/xdma_0/inst/udma_wrapper/dma_top/dma_pcie_req/dma_pcie_rq/RQ_FIFO/rreq_head_vld_ff_reg[0] was not replicated.
INFO: [Physopt 32-571] Net traffic_replay_bd_i/xdma_0/inst/udma_wrapper/dma_top/dma_pcie_req/axidma_rrq_arb/Fifowhead.fifoInfo/rreq_head_info_ff_reg[1][rcb][7][0] was not replicated.
INFO: [Physopt 32-571] Net traffic_replay_bd_i/replay_core_1/inst/core_i/stream_reader_i/cmd_count_reg[1] was not replicated.
INFO: [Physopt 32-571] Net traffic_replay_bd_i/replay_core_0/inst/core_i/ddr_reader_i/desc_head_beats_q[3]_i_5_n_0 was not replicated.
INFO: [Physopt 32-571] Net traffic_replay_bd_i/replay_core_0/inst/core_i/ddr_reader_i/desc_head_beats_q[10]_i_10_n_0 was not replicated.
INFO: [Physopt 32-571] Net traffic_replay_bd_i/replay_core_0/inst/core_i/ddr_reader_i/desc_head_beats_q[1]_i_5_n_0 was not replicated.
INFO: [Physopt 32-571] Net traffic_replay_bd_i/rx_cap_1/inst/core_i/gap_sample_rd_index_q_reg[0]_rep__2_n_0_repN_4 was not replicated.
INFO: [Physopt 32-571] Net traffic_replay_bd_i/rx_cap_1/inst/core_i/rx_fifo_clear_count_q[2] was not replicated.
INFO: [Physopt 32-571] Net traffic_replay_bd_i/rx_cap_1/inst/core_i/gap_sample_rd_index_q_reg[0]_rep__2_n_0_repN_1 was not replicated.
INFO: [Physopt 32-571] Net traffic_replay_bd_i/rx_cap_1/inst/core_i/gap_sample_mem_reg_256_319_0_6_i_1_n_0 was not replicated.
INFO: [Physopt 32-571] Net traffic_replay_bd_i/rx_cap_1/inst/core_i/rx_fifo_clear_count_q[3] was not replicated.
INFO: [Physopt 32-571] Net traffic_replay_bd_i/rx_cap_0/inst/core_i/s_axil_rdata[31]_i_7_n_0_repN was not replicated.
INFO: [Physopt 32-571] Net traffic_replay_bd_i/rx_cap_0/inst/core_i/s_axil_rdata[31]_i_18_n_0 was not replicated.
INFO: [Physopt 32-232] Optimized 1 net. Created 1 new instance.
INFO: [Physopt 32-775] End 1 Pass. Optimized 1 net or cell. Created 1 new cell, deleted 0 existing cell and moved 0 existing cell
INFO: [Physopt 32-619] Estimated Timing Summary | WNS=-0.059 | TNS=-0.520 |
Netlist sorting complete. Time (s): cpu = 00:00:00.13 ; elapsed = 00:00:00.13 . Memory (MB): peak = 11615.543 ; gain = 0.000 ; free physical = 72373 ; free virtual = 95621
Phase 12 Critical Cell Optimization | Checksum: 184f0b5de

Time (s): cpu = 00:04:45 ; elapsed = 00:04:48 . Memory (MB): peak = 11615.543 ; gain = 0.000 ; free physical = 72373 ; free virtual = 95621

Phase 13 SLR Crossing Optimization
WARNING: [Physopt 32-894] Found a constraint with the -through option on pin traffic_replay_bd_i/ddr_bank1_cc/inst/gen_clock_conv.gen_async_conv.asyncfifo_axi/inst_fifo_gen/gaxi_full_lite.gread_ch.grdch2.axi_rdch/grf.rf/rstblk/ngwrdrst.grst.g7serrst.gnsckt_wrst.rst_wr_reg2_inst/src_arst or the net immediately connecting to the pin. This constraint will block optimizations for this and all downstream leaf pins.
WARNING: [Physopt 32-894] Found a constraint with the -through option on pin traffic_replay_bd_i/ddr_smc_2/inst/s01_nodes/s01_w_node/inst/s_sc_xpm_cdc_async_rst_inst/src_arst or the net immediately connecting to the pin. This constraint will block optimizations for this and all downstream leaf pins.
WARNING: [Physopt 32-894] Found a constraint with the -through option on pin traffic_replay_bd_i/ddr_smc_3/inst/s01_nodes/s01_w_node/inst/s_sc_xpm_cdc_async_rst_inst/src_arst or the net immediately connecting to the pin. This constraint will block optimizations for this and all downstream leaf pins.
INFO: [Physopt 32-913] Selecting 1 candidate net for crossing SLR optimization.
INFO: [Physopt 32-775] End 1 Pass. Optimized 0 net or cell. Created 0 new cell, deleted 0 existing cell and moved 0 existing cell
Phase 13 SLR Crossing Optimization | Checksum: 184f0b5de

Time (s): cpu = 00:04:48 ; elapsed = 00:04:51 . Memory (MB): peak = 11615.543 ; gain = 0.000 ; free physical = 72364 ; free virtual = 95613

Phase 14 Fanout Optimization
INFO: [Physopt 32-76] Pass 1. Identified 30 candidate nets for fanout optimization.
INFO: [Physopt 32-81] Processed net traffic_replay_bd_i/rx_cap_1/inst/core_i/gap_sample_rd_index_q_reg[1]_rep__17_n_0. Replicated 3 times.
INFO: [Physopt 32-81] Processed net traffic_replay_bd_i/rx_cap_1/inst/core_i/gap_sample_rd_index_q_reg[0]_rep__5_n_0. Replicated 2 times.
INFO: [Physopt 32-81] Processed net traffic_replay_bd_i/rx_cap_1/inst/core_i/gap_sample_rd_index_q_reg[0]_rep__1_n_0. Replicated 3 times.
INFO: [Physopt 32-81] Processed net traffic_replay_bd_i/rx_cap_1/inst/core_i/gap_sample_rd_index_q_reg[3]_rep__6_n_0. Replicated 3 times.
INFO: [Physopt 32-81] Processed net traffic_replay_bd_i/rx_cap_1/inst/core_i/gap_sample_rd_index_q_reg[1]_rep__5_n_0. Replicated 2 times.
INFO: [Physopt 32-81] Processed net traffic_replay_bd_i/rx_cap_1/inst/core_i/gap_sample_rd_index_q_reg[0]_rep__17_n_0. Replicated 1 times.
INFO: [Physopt 32-81] Processed net traffic_replay_bd_i/rx_cap_1/inst/core_i/gap_sample_rd_index_q_reg[0]_rep__9_n_0. Replicated 2 times.
INFO: [Physopt 32-81] Processed net traffic_replay_bd_i/rx_cap_1/inst/core_i/gap_sample_rd_index_q_reg[0]_rep__13_n_0. Replicated 3 times.
INFO: [Physopt 32-81] Processed net traffic_replay_bd_i/rx_cap_1/inst/core_i/gap_sample_rd_index_q_reg[3]_rep__17_n_0. Replicated 2 times.
INFO: [Physopt 32-81] Processed net traffic_replay_bd_i/rx_cap_1/inst/core_i/gap_sample_rd_index_q_reg[0]_rep__25_n_0. Replicated 3 times.
INFO: [Physopt 32-81] Processed net traffic_replay_bd_i/rx_cap_1/inst/core_i/gap_sample_rd_index_q_reg[2]_rep__29_n_0. Replicated 3 times.
INFO: [Physopt 32-81] Processed net traffic_replay_bd_i/rx_cap_1/inst/core_i/gap_sample_rd_index_q_reg[2]_rep__5_n_0. Replicated 2 times.
INFO: [Physopt 32-81] Processed net traffic_replay_bd_i/rx_cap_1/inst/core_i/gap_sample_rd_index_q_reg[2]_rep__12_n_0. Replicated 2 times.
INFO: [Physopt 32-81] Processed net traffic_replay_bd_i/rx_cap_1/inst/core_i/gap_sample_rd_index_q_reg[5]_rep__26_n_0. Replicated 2 times.
INFO: [Physopt 32-81] Processed net traffic_replay_bd_i/rx_cap_1/inst/core_i/gap_sample_rd_index_q_reg[0]_rep__4_n_0. Replicated 2 times.
INFO: [Physopt 32-81] Processed net traffic_replay_bd_i/rx_cap_1/inst/core_i/gap_sample_rd_index_q_reg[5]_rep__17_n_0. Replicated 3 times.
INFO: [Physopt 32-81] Processed net traffic_replay_bd_i/rx_cap_1/inst/core_i/gap_sample_rd_index_q_reg[3]_rep__1_n_0. Replicated 3 times.
INFO: [Physopt 32-81] Processed net traffic_replay_bd_i/rx_cap_1/inst/core_i/gap_sample_rd_index_q_reg[0]_rep__11_n_0. Replicated 3 times.
INFO: [Physopt 32-81] Processed net traffic_replay_bd_i/rx_cap_1/inst/core_i/gap_sample_rd_index_q_reg[5]_rep__14_n_0. Replicated 4 times.
INFO: [Physopt 32-81] Processed net traffic_replay_bd_i/rx_cap_1/inst/core_i/gap_sample_rd_index_q_reg[1]_rep__15_n_0. Replicated 3 times.
INFO: [Physopt 32-81] Processed net traffic_replay_bd_i/replay_core_1/inst/core_i/ddr_reader_i/desc_word_mem_reg_r1_0_63_28_31_i_3_n_0. Replicated 1 times.
INFO: [Physopt 32-81] Processed net traffic_replay_bd_i/rx_cap_1/inst/core_i/gap_sample_rd_index_q_reg[0]_rep__19_n_0_repN_2. Replicated 2 times.
INFO: [Physopt 32-572] Net traffic_replay_bd_i/rx_cap_1/inst/core_i/gap_sample_rd_index_q_reg[0]_rep__17_n_0_repN_2 was not replicated.
Resolution: phys_opt_design can be forced to replicate a net driver using the option -force_replication_on_nets <list of net objects>.
INFO: [Physopt 32-81] Processed net traffic_replay_bd_i/rx_cap_1/inst/core_i/gap_sample_rd_index_q_reg[0]_rep__29_n_0_repN_3. Replicated 1 times.
INFO: [Physopt 32-572] Net traffic_replay_bd_i/rx_cap_1/inst/core_i/gap_sample_rd_index_q_reg[0]_rep__14_n_0_repN was not replicated.
Resolution: phys_opt_design can be forced to replicate a net driver using the option -force_replication_on_nets <list of net objects>.
INFO: [Physopt 32-601] Processed net traffic_replay_bd_i/rx_cap_1/inst/core_i/gap_sample_rd_index_q_reg[1]_rep__33_n_0_repN_4. Net driver traffic_replay_bd_i/rx_cap_1/inst/core_i/gap_sample_rd_index_q_reg[1]_rep__33_replica_4 was replaced.
INFO: [Physopt 32-81] Processed net traffic_replay_bd_i/rx_cap_1/inst/core_i/gap_sample_rd_index_q__0[0]_repN_5. Replicated 1 times.
INFO: [Physopt 32-81] Processed net traffic_replay_bd_i/rx_cap_1/inst/core_i/gap_sample_rd_index_q_reg[5]_rep__13_n_0_repN_2. Replicated 1 times.
INFO: [Physopt 32-572] Net traffic_replay_bd_i/rx_cap_1/inst/core_i/gap_sample_rd_index_q__0[1]_repN_1 was not replicated.
Resolution: phys_opt_design can be forced to replicate a net driver using the option -force_replication_on_nets <list of net objects>.
INFO: [Physopt 32-81] Processed net traffic_replay_bd_i/rx_cap_1/inst/core_i/gap_sample_rd_index_q_reg[0]_rep__19_n_0_repN. Replicated 1 times.
INFO: [Physopt 32-232] Optimized 27 nets. Created 58 new instances.
INFO: [Physopt 32-775] End 1 Pass. Optimized 27 nets or cells. Created 58 new cells, deleted 0 existing cell and moved 0 existing cell
INFO: [Physopt 32-619] Estimated Timing Summary | WNS=-0.054 | TNS=-0.080 |
Netlist sorting complete. Time (s): cpu = 00:00:00.22 ; elapsed = 00:00:00.24 . Memory (MB): peak = 11615.543 ; gain = 0.000 ; free physical = 72369 ; free virtual = 95618
Phase 14 Fanout Optimization | Checksum: 20b22954c

Time (s): cpu = 00:05:37 ; elapsed = 00:05:40 . Memory (MB): peak = 11615.543 ; gain = 0.000 ; free physical = 72369 ; free virtual = 95618

Phase 15 Single Cell Placement Optimization
INFO: [Physopt 32-660] Identified 250 candidate nets for placement-based optimization.
INFO: [Physopt 32-663] Processed net traffic_replay_bd_i/rx_cap_1/inst/core_i/s_axil_rdata[31]_i_7_n_0_repN_1.  Re-placed instance traffic_replay_bd_i/rx_cap_1/inst/core_i/s_axil_rdata[31]_i_7_replica
INFO: [Physopt 32-662] Processed net traffic_replay_bd_i/rx_cap_1/inst/core_i/s_axil_rdata[31]_i_18_n_0.  Did not re-place instance traffic_replay_bd_i/rx_cap_1/inst/core_i/s_axil_rdata[31]_i_18_rewire
INFO: [Physopt 32-663] Processed net traffic_replay_bd_i/ctrl_rx1_cc/inst/gen_clock_conv.gen_async_lite_conv.clock_conv_lite_fwd_ar/handshake/dest_hsdata_ff[12].  Re-placed instance traffic_replay_bd_i/ctrl_rx1_cc/inst/gen_clock_conv.gen_async_lite_conv.clock_conv_lite_fwd_ar/handshake/dest_hsdata_ff_reg[12]
INFO: [Common 17-14] Message 'Physopt 32-663' appears 100 times and further instances of the messages will be disabled. Use the Tcl command set_msg_config to change the current settings.
INFO: [Physopt 32-662] Processed net traffic_replay_bd_i/rx_cap_1/inst/core_i/s_axil_rdata[31]_i_2_n_0.  Did not re-place instance traffic_replay_bd_i/rx_cap_1/inst/core_i/s_axil_rdata[31]_i_2
INFO: [Physopt 32-662] Processed net traffic_replay_bd_i/rx_cap_1/inst/core_i/s_axil_rdata[31].  Did not re-place instance traffic_replay_bd_i/rx_cap_1/inst/core_i/s_axil_rdata_reg[31]
INFO: [Physopt 32-662] Processed net traffic_replay_bd_i/rx_cap_1/inst/core_i/s_axil_rdata[12]_i_15_n_0.  Did not re-place instance traffic_replay_bd_i/rx_cap_1/inst/core_i/s_axil_rdata[12]_i_15
INFO: [Physopt 32-662] Processed net traffic_replay_bd_i/rx_cap_1/inst/core_i/s_axil_rdata[12]_i_1_n_0.  Did not re-place instance traffic_replay_bd_i/rx_cap_1/inst/core_i/s_axil_rdata[12]_i_1
INFO: [Physopt 32-662] Processed net traffic_replay_bd_i/rx_cap_1/inst/core_i/s_axil_rdata[12]_i_2_n_0.  Did not re-place instance traffic_replay_bd_i/rx_cap_1/inst/core_i/s_axil_rdata[12]_i_2
INFO: [Physopt 32-662] Processed net traffic_replay_bd_i/rx_cap_1/inst/core_i/s_axil_rdata[12]_i_30_n_0.  Did not re-place instance traffic_replay_bd_i/rx_cap_1/inst/core_i/s_axil_rdata[12]_i_30
INFO: [Physopt 32-662] Processed net traffic_replay_bd_i/rx_cap_1/inst/core_i/s_axil_rdata[12]_i_59_n_0.  Did not re-place instance traffic_replay_bd_i/rx_cap_1/inst/core_i/s_axil_rdata[12]_i_59
INFO: [Physopt 32-662] Processed net traffic_replay_bd_i/rx_cap_1/inst/core_i/s_axil_rdata[12].  Did not re-place instance traffic_replay_bd_i/rx_cap_1/inst/core_i/s_axil_rdata_reg[12]
INFO: [Physopt 32-662] Processed net traffic_replay_bd_i/ctrl_rx1_cc/inst/gen_clock_conv.gen_async_lite_conv.clock_conv_lite_fwd_ar/handshake/dest_hsdata_ff[9].  Did not re-place instance traffic_replay_bd_i/ctrl_rx1_cc/inst/gen_clock_conv.gen_async_lite_conv.clock_conv_lite_fwd_ar/handshake/dest_hsdata_ff_reg[9]
INFO: [Physopt 32-662] Processed net traffic_replay_bd_i/ctrl_rx1_cc/inst/gen_clock_conv.gen_async_lite_conv.clock_conv_lite_fwd_ar/handshake/dest_hsdata_ff[15].  Did not re-place instance traffic_replay_bd_i/ctrl_rx1_cc/inst/gen_clock_conv.gen_async_lite_conv.clock_conv_lite_fwd_ar/handshake/dest_hsdata_ff_reg[15]
INFO: [Physopt 32-662] Processed net traffic_replay_bd_i/rx_cap_1/inst/core_i/gap_sample_rd_index_q_reg[0]_rep__17_n_0_repN.  Did not re-place instance traffic_replay_bd_i/rx_cap_1/inst/core_i/gap_sample_rd_index_q_reg[0]_rep__17_replica
INFO: [Physopt 32-662] Processed net traffic_replay_bd_i/rx_cap_1/inst/core_i/s_axil_rdata[0]_i_1_n_0.  Did not re-place instance traffic_replay_bd_i/rx_cap_1/inst/core_i/s_axil_rdata[0]_i_1
INFO: [Physopt 32-662] Processed net traffic_replay_bd_i/rx_cap_1/inst/core_i/s_axil_rdata[0]_i_2_n_0.  Did not re-place instance traffic_replay_bd_i/rx_cap_1/inst/core_i/s_axil_rdata[0]_i_2
INFO: [Physopt 32-662] Processed net traffic_replay_bd_i/rx_cap_1/inst/core_i/s_axil_rdata[0]_i_45_n_0.  Did not re-place instance traffic_replay_bd_i/rx_cap_1/inst/core_i/s_axil_rdata[0]_i_45
INFO: [Physopt 32-662] Processed net traffic_replay_bd_i/rx_cap_1/inst/core_i/s_axil_rdata[0]_i_4_n_0.  Did not re-place instance traffic_replay_bd_i/rx_cap_1/inst/core_i/s_axil_rdata[0]_i_4
INFO: [Physopt 32-662] Processed net traffic_replay_bd_i/rx_cap_1/inst/core_i/s_axil_rdata[0].  Did not re-place instance traffic_replay_bd_i/rx_cap_1/inst/core_i/s_axil_rdata_reg[0]
INFO: [Physopt 32-662] Processed net traffic_replay_bd_i/ddr_axi_regslice/inst/aw.aw_pipe/m_valid_i_i_1_n_0.  Did not re-place instance traffic_replay_bd_i/ddr_axi_regslice/inst/aw.aw_pipe/m_valid_i_i_1
INFO: [Physopt 32-662] Processed net traffic_replay_bd_i/ddr_axi_regslice/inst/aw.aw_pipe/m_axi_awvalid.  Did not re-place instance traffic_replay_bd_i/ddr_axi_regslice/inst/aw.aw_pipe/m_valid_i_reg
INFO: [Physopt 32-662] Processed net traffic_replay_bd_i/rx_cap_1/inst/core_i/s_axil_rdata[5]_i_17_n_0.  Did not re-place instance traffic_replay_bd_i/rx_cap_1/inst/core_i/s_axil_rdata[5]_i_17
INFO: [Physopt 32-662] Processed net traffic_replay_bd_i/rx_cap_1/inst/core_i/s_axil_rdata[5]_i_1_n_0.  Did not re-place instance traffic_replay_bd_i/rx_cap_1/inst/core_i/s_axil_rdata[5]_i_1
INFO: [Physopt 32-662] Processed net traffic_replay_bd_i/rx_cap_1/inst/core_i/s_axil_rdata[5]_i_2_n_0.  Did not re-place instance traffic_replay_bd_i/rx_cap_1/inst/core_i/s_axil_rdata[5]_i_2
INFO: [Physopt 32-662] Processed net traffic_replay_bd_i/rx_cap_1/inst/core_i/s_axil_rdata[5]_i_61_n_0.  Did not re-place instance traffic_replay_bd_i/rx_cap_1/inst/core_i/s_axil_rdata[5]_i_61
INFO: [Physopt 32-662] Processed net traffic_replay_bd_i/rx_cap_1/inst/core_i/s_axil_rdata[5]_i_7_n_0.  Did not re-place instance traffic_replay_bd_i/rx_cap_1/inst/core_i/s_axil_rdata[5]_i_7
INFO: [Physopt 32-662] Processed net traffic_replay_bd_i/rx_cap_1/inst/core_i/s_axil_rdata[5].  Did not re-place instance traffic_replay_bd_i/rx_cap_1/inst/core_i/s_axil_rdata_reg[5]
INFO: [Physopt 32-662] Processed net traffic_replay_bd_i/rx_cap_1/inst/core_i/s_axil_rdata[31]_i_7_n_0.  Did not re-place instance traffic_replay_bd_i/rx_cap_1/inst/core_i/s_axil_rdata[31]_i_7_rewire
INFO: [Physopt 32-662] Processed net traffic_replay_bd_i/rx_cap_1/inst/core_i/s_axil_rdata[11]_i_1_n_0.  Did not re-place instance traffic_replay_bd_i/rx_cap_1/inst/core_i/s_axil_rdata[11]_i_1
INFO: [Physopt 32-662] Processed net traffic_replay_bd_i/rx_cap_1/inst/core_i/s_axil_rdata[11].  Did not re-place instance traffic_replay_bd_i/rx_cap_1/inst/core_i/s_axil_rdata_reg[11]
INFO: [Physopt 32-662] Processed net traffic_replay_bd_i/rx_cap_1/inst/core_i/rx_fifo_i/dest_hsdata_ff_reg[5][1].  Did not re-place instance traffic_replay_bd_i/rx_cap_1/inst/core_i/rx_fifo_i/s_axil_rdata[4]_i_1
INFO: [Physopt 32-662] Processed net traffic_replay_bd_i/rx_cap_1/inst/core_i/s_axil_rdata[4].  Did not re-place instance traffic_replay_bd_i/rx_cap_1/inst/core_i/s_axil_rdata_reg[4]
INFO: [Physopt 32-662] Processed net traffic_replay_bd_i/rx_cap_1/inst/core_i/s_axil_rdata[4]_i_2_n_0.  Did not re-place instance traffic_replay_bd_i/rx_cap_1/inst/core_i/s_axil_rdata[4]_i_2
INFO: [Physopt 32-662] Processed net traffic_replay_bd_i/rx_cap_1/inst/core_i/s_axil_rdata[4]_i_54_n_0.  Did not re-place instance traffic_replay_bd_i/rx_cap_1/inst/core_i/s_axil_rdata[4]_i_54
INFO: [Physopt 32-662] Processed net traffic_replay_bd_i/rx_cap_1/inst/core_i/s_axil_rdata[4]_i_5_n_0.  Did not re-place instance traffic_replay_bd_i/rx_cap_1/inst/core_i/s_axil_rdata[4]_i_5
INFO: [Physopt 32-662] Processed net traffic_replay_bd_i/rx_cap_1/inst/core_i/s_axil_rdata[30]_i_1_n_0.  Did not re-place instance traffic_replay_bd_i/rx_cap_1/inst/core_i/s_axil_rdata[30]_i_1
INFO: [Physopt 32-662] Processed net traffic_replay_bd_i/rx_cap_1/inst/core_i/s_axil_rdata[30].  Did not re-place instance traffic_replay_bd_i/rx_cap_1/inst/core_i/s_axil_rdata_reg[30]
INFO: [Physopt 32-662] Processed net traffic_replay_bd_i/rx_cap_1/inst/core_i/p_0_in__1.  Did not re-place instance traffic_replay_bd_i/rx_cap_1/inst/core_i/gap_sample_mem_reg_0_63_0_6_i_3
INFO: [Physopt 32-662] Processed net traffic_replay_bd_i/rx_cap_1/inst/core_i/gap_sample_mem_reg_192_255_0_6_i_1_n_0.  Did not re-place instance traffic_replay_bd_i/rx_cap_1/inst/core_i/gap_sample_mem_reg_192_255_0_6_i_1
INFO: [Physopt 32-662] Processed net traffic_replay_bd_i/rx_cap_1/inst/core_i/fifo_pipe_valid_q_reg_0.  Did not re-place instance traffic_replay_bd_i/rx_cap_1/inst/core_i/gap_sample_wr_ptr_q[11]_i_3_rewire
INFO: [Physopt 32-662] Processed net traffic_replay_bd_i/rx_cap_1/inst/core_i/gap_sample_wr_ptr_q[9]_i_2_n_0.  Did not re-place instance traffic_replay_bd_i/rx_cap_1/inst/core_i/gap_sample_wr_ptr_q[9]_i_2
INFO: [Physopt 32-662] Processed net traffic_replay_bd_i/rx_cap_1/inst/core_i/rx_fifo_i/rx_fifo_clear_count_q_reg[3].  Did not re-place instance traffic_replay_bd_i/rx_cap_1/inst/core_i/rx_fifo_i/clear_wclk_1_i_2
INFO: [Physopt 32-662] Processed net traffic_replay_bd_i/rx_cap_1/inst/core_i/data35[21].  Did not re-place instance traffic_replay_bd_i/rx_cap_1/inst/core_i/s_axil_rdata[21]_i_4
INFO: [Physopt 32-662] Processed net traffic_replay_bd_i/rx_cap_1/inst/core_i/s_axil_rdata[11]_i_12_n_0.  Did not re-place instance traffic_replay_bd_i/rx_cap_1/inst/core_i/s_axil_rdata[11]_i_12
INFO: [Physopt 32-662] Processed net traffic_replay_bd_i/rx_cap_1/inst/core_i/s_axil_rdata[11]_i_2_n_0.  Did not re-place instance traffic_replay_bd_i/rx_cap_1/inst/core_i/s_axil_rdata[11]_i_2
INFO: [Physopt 32-662] Processed net traffic_replay_bd_i/rx_cap_1/inst/core_i/s_axil_rdata[11]_i_6_n_0.  Did not re-place instance traffic_replay_bd_i/rx_cap_1/inst/core_i/s_axil_rdata[11]_i_6
INFO: [Physopt 32-662] Processed net traffic_replay_bd_i/rx_cap_1/inst/core_i/s_axil_rdata[11]_i_74_n_0.  Did not re-place instance traffic_replay_bd_i/rx_cap_1/inst/core_i/s_axil_rdata[11]_i_74
INFO: [Physopt 32-662] Processed net traffic_replay_bd_i/rx_cap_1/inst/core_i/s_axil_rdata[12]_i_73_n_0.  Did not re-place instance traffic_replay_bd_i/rx_cap_1/inst/core_i/s_axil_rdata[12]_i_73
INFO: [Physopt 32-662] Processed net traffic_replay_bd_i/rx_cap_1/inst/core_i/s_axil_rdata[21]_i_1_n_0.  Did not re-place instance traffic_replay_bd_i/rx_cap_1/inst/core_i/s_axil_rdata[21]_i_1
INFO: [Physopt 32-662] Processed net traffic_replay_bd_i/rx_cap_1/inst/core_i/s_axil_rdata[21]_i_2_n_0.  Did not re-place instance traffic_replay_bd_i/rx_cap_1/inst/core_i/s_axil_rdata[21]_i_2
INFO: [Physopt 32-662] Processed net traffic_replay_bd_i/rx_cap_1/inst/core_i/s_axil_rdata[21]_i_34_n_0.  Did not re-place instance traffic_replay_bd_i/rx_cap_1/inst/core_i/s_axil_rdata[21]_i_34
INFO: [Physopt 32-662] Processed net traffic_replay_bd_i/rx_cap_1/inst/core_i/s_axil_rdata[21].  Did not re-place instance traffic_replay_bd_i/rx_cap_1/inst/core_i/s_axil_rdata_reg[21]
INFO: [Physopt 32-662] Processed net traffic_replay_bd_i/rx_cap_1/inst/core_i/s_axil_rdata[29].  Did not re-place instance traffic_replay_bd_i/rx_cap_1/inst/core_i/s_axil_rdata_reg[29]
INFO: [Physopt 32-662] Processed net traffic_replay_bd_i/rx_cap_1/inst/core_i/s_axil_rdata[29]_i_1_n_0.  Did not re-place instance traffic_replay_bd_i/rx_cap_1/inst/core_i/s_axil_rdata[29]_i_1
INFO: [Physopt 32-662] Processed net traffic_replay_bd_i/rx_cap_1/inst/core_i/s_axil_rdata[29]_i_20_n_0.  Did not re-place instance traffic_replay_bd_i/rx_cap_1/inst/core_i/s_axil_rdata[29]_i_20
INFO: [Physopt 32-662] Processed net traffic_replay_bd_i/rx_cap_1/inst/core_i/s_axil_rdata[29]_i_29_n_0.  Did not re-place instance traffic_replay_bd_i/rx_cap_1/inst/core_i/s_axil_rdata[29]_i_29
INFO: [Physopt 32-662] Processed net traffic_replay_bd_i/rx_cap_1/inst/core_i/s_axil_rdata[29]_i_2_n_0.  Did not re-place instance traffic_replay_bd_i/rx_cap_1/inst/core_i/s_axil_rdata[29]_i_2
INFO: [Physopt 32-662] Processed net traffic_replay_bd_i/rx_cap_1/inst/core_i/s_axil_rdata[29]_i_59_n_0.  Did not re-place instance traffic_replay_bd_i/rx_cap_1/inst/core_i/s_axil_rdata[29]_i_59
INFO: [Physopt 32-662] Processed net traffic_replay_bd_i/rx_cap_1/inst/core_i/s_axil_rdata[29]_i_61_n_0.  Did not re-place instance traffic_replay_bd_i/rx_cap_1/inst/core_i/s_axil_rdata[29]_i_61
INFO: [Physopt 32-662] Processed net traffic_replay_bd_i/rx_cap_1/inst/core_i/data35[10].  Did not re-place instance traffic_replay_bd_i/rx_cap_1/inst/core_i/s_axil_rdata[10]_i_11
INFO: [Physopt 32-662] Processed net traffic_replay_bd_i/rx_cap_1/inst/core_i/s_axil_rdata[10]_i_1_n_0.  Did not re-place instance traffic_replay_bd_i/rx_cap_1/inst/core_i/s_axil_rdata[10]_i_1
INFO: [Physopt 32-662] Processed net traffic_replay_bd_i/rx_cap_1/inst/core_i/s_axil_rdata[10]_i_2_n_0.  Did not re-place instance traffic_replay_bd_i/rx_cap_1/inst/core_i/s_axil_rdata[10]_i_2
INFO: [Physopt 32-662] Processed net traffic_replay_bd_i/rx_cap_1/inst/core_i/s_axil_rdata[10]_i_45_n_0.  Did not re-place instance traffic_replay_bd_i/rx_cap_1/inst/core_i/s_axil_rdata[10]_i_45
INFO: [Physopt 32-662] Processed net traffic_replay_bd_i/rx_cap_1/inst/core_i/s_axil_rdata[10]_i_4_n_0.  Did not re-place instance traffic_replay_bd_i/rx_cap_1/inst/core_i/s_axil_rdata[10]_i_4
INFO: [Physopt 32-662] Processed net traffic_replay_bd_i/rx_cap_1/inst/core_i/s_axil_rdata[10].  Did not re-place instance traffic_replay_bd_i/rx_cap_1/inst/core_i/s_axil_rdata_reg[10]
INFO: [Physopt 32-662] Processed net traffic_replay_bd_i/ctrl_rx1_cc/inst/gen_clock_conv.gen_async_lite_conv.clock_conv_lite_fwd_ar/handshake/xpm_cdc_single_src2dest_inst/syncstages_ff[2].  Did not re-place instance traffic_replay_bd_i/ctrl_rx1_cc/inst/gen_clock_conv.gen_async_lite_conv.clock_conv_lite_fwd_ar/handshake/xpm_cdc_single_src2dest_inst/syncstages_ff_reg[2]
INFO: [Physopt 32-662] Processed net traffic_replay_bd_i/ctrl_rx1_cc/inst/gen_clock_conv.gen_async_lite_conv.clock_conv_lite_fwd_ar/handshake/dest_hsdata_en_repN.  Did not re-place instance traffic_replay_bd_i/ctrl_rx1_cc/inst/gen_clock_conv.gen_async_lite_conv.clock_conv_lite_fwd_ar/handshake/dest_hsdata_en_inferred_i_1_replica
INFO: [Physopt 32-662] Processed net traffic_replay_bd_i/ctrl_rx1_cc/inst/gen_clock_conv.gen_async_lite_conv.clock_conv_lite_fwd_ar/handshake/dest_hsdata_ff[6].  Did not re-place instance traffic_replay_bd_i/ctrl_rx1_cc/inst/gen_clock_conv.gen_async_lite_conv.clock_conv_lite_fwd_ar/handshake/dest_hsdata_ff_reg[6]
INFO: [Physopt 32-662] Processed net traffic_replay_bd_i/rx_cap_1/inst/core_i/gap_sample_rd_index_q_reg[1]_rep__13_n_0.  Did not re-place instance traffic_replay_bd_i/rx_cap_1/inst/core_i/gap_sample_rd_index_q_reg[1]_rep__13
INFO: [Physopt 32-662] Processed net traffic_replay_bd_i/rx_cap_1/inst/core_i/s_axil_rdata[13]_i_15_n_0.  Did not re-place instance traffic_replay_bd_i/rx_cap_1/inst/core_i/s_axil_rdata[13]_i_15
INFO: [Physopt 32-662] Processed net traffic_replay_bd_i/rx_cap_1/inst/core_i/s_axil_rdata[13]_i_1_n_0.  Did not re-place instance traffic_replay_bd_i/rx_cap_1/inst/core_i/s_axil_rdata[13]_i_1
INFO: [Physopt 32-662] Processed net traffic_replay_bd_i/rx_cap_1/inst/core_i/s_axil_rdata[13]_i_2_n_0.  Did not re-place instance traffic_replay_bd_i/rx_cap_1/inst/core_i/s_axil_rdata[13]_i_2
INFO: [Physopt 32-662] Processed net traffic_replay_bd_i/rx_cap_1/inst/core_i/s_axil_rdata[13]_i_30_n_0.  Did not re-place instance traffic_replay_bd_i/rx_cap_1/inst/core_i/s_axil_rdata[13]_i_30
INFO: [Physopt 32-662] Processed net traffic_replay_bd_i/rx_cap_1/inst/core_i/s_axil_rdata[13]_i_74_n_0.  Did not re-place instance traffic_replay_bd_i/rx_cap_1/inst/core_i/s_axil_rdata[13]_i_74
INFO: [Physopt 32-662] Processed net traffic_replay_bd_i/rx_cap_1/inst/core_i/s_axil_rdata[17]_i_15_n_0.  Did not re-place instance traffic_replay_bd_i/rx_cap_1/inst/core_i/s_axil_rdata[17]_i_15
INFO: [Physopt 32-662] Processed net traffic_replay_bd_i/rx_cap_1/inst/core_i/s_axil_rdata[17]_i_1_n_0.  Did not re-place instance traffic_replay_bd_i/rx_cap_1/inst/core_i/s_axil_rdata[17]_i_1
INFO: [Physopt 32-662] Processed net traffic_replay_bd_i/rx_cap_1/inst/core_i/s_axil_rdata[17]_i_2_n_0.  Did not re-place instance traffic_replay_bd_i/rx_cap_1/inst/core_i/s_axil_rdata[17]_i_2
INFO: [Physopt 32-662] Processed net traffic_replay_bd_i/rx_cap_1/inst/core_i/s_axil_rdata[17]_i_30_n_0.  Did not re-place instance traffic_replay_bd_i/rx_cap_1/inst/core_i/s_axil_rdata[17]_i_30
INFO: [Physopt 32-662] Processed net traffic_replay_bd_i/rx_cap_1/inst/core_i/s_axil_rdata[17]_i_65_n_0.  Did not re-place instance traffic_replay_bd_i/rx_cap_1/inst/core_i/s_axil_rdata[17]_i_65
INFO: [Physopt 32-662] Processed net traffic_replay_bd_i/rx_cap_1/inst/core_i/s_axil_rdata[23]_i_15_n_0.  Did not re-place instance traffic_replay_bd_i/rx_cap_1/inst/core_i/s_axil_rdata[23]_i_15
INFO: [Physopt 32-662] Processed net traffic_replay_bd_i/rx_cap_1/inst/core_i/s_axil_rdata[23]_i_1_n_0.  Did not re-place instance traffic_replay_bd_i/rx_cap_1/inst/core_i/s_axil_rdata[23]_i_1
INFO: [Physopt 32-662] Processed net traffic_replay_bd_i/rx_cap_1/inst/core_i/s_axil_rdata[23]_i_2_n_0.  Did not re-place instance traffic_replay_bd_i/rx_cap_1/inst/core_i/s_axil_rdata[23]_i_2
INFO: [Physopt 32-662] Processed net traffic_replay_bd_i/rx_cap_1/inst/core_i/s_axil_rdata[23]_i_30_n_0.  Did not re-place instance traffic_replay_bd_i/rx_cap_1/inst/core_i/s_axil_rdata[23]_i_30
INFO: [Physopt 32-662] Processed net traffic_replay_bd_i/rx_cap_1/inst/core_i/s_axil_rdata[23]_i_72_n_0.  Did not re-place instance traffic_replay_bd_i/rx_cap_1/inst/core_i/s_axil_rdata[23]_i_72
INFO: [Physopt 32-662] Processed net traffic_replay_bd_i/rx_cap_1/inst/core_i/s_axil_rdata[25]_i_15_n_0.  Did not re-place instance traffic_replay_bd_i/rx_cap_1/inst/core_i/s_axil_rdata[25]_i_15
INFO: [Physopt 32-662] Processed net traffic_replay_bd_i/rx_cap_1/inst/core_i/s_axil_rdata[25]_i_1_n_0.  Did not re-place instance traffic_replay_bd_i/rx_cap_1/inst/core_i/s_axil_rdata[25]_i_1
INFO: [Physopt 32-662] Processed net traffic_replay_bd_i/rx_cap_1/inst/core_i/s_axil_rdata[25]_i_2_n_0.  Did not re-place instance traffic_replay_bd_i/rx_cap_1/inst/core_i/s_axil_rdata[25]_i_2
INFO: [Physopt 32-662] Processed net traffic_replay_bd_i/rx_cap_1/inst/core_i/s_axil_rdata[25]_i_30_n_0.  Did not re-place instance traffic_replay_bd_i/rx_cap_1/inst/core_i/s_axil_rdata[25]_i_30
INFO: [Physopt 32-662] Processed net traffic_replay_bd_i/rx_cap_1/inst/core_i/s_axil_rdata[25]_i_60_n_0.  Did not re-place instance traffic_replay_bd_i/rx_cap_1/inst/core_i/s_axil_rdata[25]_i_60
INFO: [Physopt 32-662] Processed net traffic_replay_bd_i/rx_cap_1/inst/core_i/s_axil_rdata[25]_i_68_n_0.  Did not re-place instance traffic_replay_bd_i/rx_cap_1/inst/core_i/s_axil_rdata[25]_i_68
INFO: [Physopt 32-662] Processed net traffic_replay_bd_i/rx_cap_1/inst/core_i/s_axil_rdata[13].  Did not re-place instance traffic_replay_bd_i/rx_cap_1/inst/core_i/s_axil_rdata_reg[13]
INFO: [Physopt 32-662] Processed net traffic_replay_bd_i/rx_cap_1/inst/core_i/s_axil_rdata[17].  Did not re-place instance traffic_replay_bd_i/rx_cap_1/inst/core_i/s_axil_rdata_reg[17]
INFO: [Physopt 32-662] Processed net traffic_replay_bd_i/rx_cap_1/inst/core_i/s_axil_rdata[23].  Did not re-place instance traffic_replay_bd_i/rx_cap_1/inst/core_i/s_axil_rdata_reg[23]
INFO: [Physopt 32-662] Processed net traffic_replay_bd_i/rx_cap_1/inst/core_i/s_axil_rdata[25].  Did not re-place instance traffic_replay_bd_i/rx_cap_1/inst/core_i/s_axil_rdata_reg[25]
INFO: [Physopt 32-662] Processed net traffic_replay_bd_i/rx_cap_1/inst/core_i/data35[9].  Did not re-place instance traffic_replay_bd_i/rx_cap_1/inst/core_i/s_axil_rdata[9]_i_11
INFO: [Physopt 32-662] Processed net traffic_replay_bd_i/rx_cap_1/inst/core_i/s_axil_rdata[0]_i_52_n_0.  Did not re-place instance traffic_replay_bd_i/rx_cap_1/inst/core_i/s_axil_rdata[0]_i_52
INFO: [Physopt 32-662] Processed net traffic_replay_bd_i/rx_cap_1/inst/core_i/s_axil_rdata[9]_i_1_n_0.  Did not re-place instance traffic_replay_bd_i/rx_cap_1/inst/core_i/s_axil_rdata[9]_i_1
INFO: [Physopt 32-662] Processed net traffic_replay_bd_i/rx_cap_1/inst/core_i/s_axil_rdata[9]_i_2_n_0.  Did not re-place instance traffic_replay_bd_i/rx_cap_1/inst/core_i/s_axil_rdata[9]_i_2
INFO: [Physopt 32-662] Processed net traffic_replay_bd_i/rx_cap_1/inst/core_i/s_axil_rdata[9]_i_4_n_0.  Did not re-place instance traffic_replay_bd_i/rx_cap_1/inst/core_i/s_axil_rdata[9]_i_4
INFO: [Physopt 32-662] Processed net traffic_replay_bd_i/rx_cap_1/inst/core_i/s_axil_rdata[9]_i_57_n_0.  Did not re-place instance traffic_replay_bd_i/rx_cap_1/inst/core_i/s_axil_rdata[9]_i_57
INFO: [Physopt 32-662] Processed net traffic_replay_bd_i/rx_cap_1/inst/core_i/s_axil_rdata[9].  Did not re-place instance traffic_replay_bd_i/rx_cap_1/inst/core_i/s_axil_rdata_reg[9]
INFO: [Physopt 32-662] Processed net traffic_replay_bd_i/rx_cap_1/inst/core_i/s_axil_rdata[14]_i_1_n_0.  Did not re-place instance traffic_replay_bd_i/rx_cap_1/inst/core_i/s_axil_rdata[14]_i_1
INFO: [Physopt 32-662] Processed net traffic_replay_bd_i/rx_cap_1/inst/core_i/s_axil_rdata[14].  Did not re-place instance traffic_replay_bd_i/rx_cap_1/inst/core_i/s_axil_rdata_reg[14]
INFO: [Physopt 32-662] Processed net traffic_replay_bd_i/rx_cap_1/inst/core_i/gap_sample_rd_index_q_reg[0]_rep__8_n_0.  Did not re-place instance traffic_replay_bd_i/rx_cap_1/inst/core_i/gap_sample_rd_index_q_reg[0]_rep__8
INFO: [Physopt 32-662] Processed net traffic_replay_bd_i/rx_cap_1/inst/core_i/s_axil_rdata[12]_i_60_n_0.  Did not re-place instance traffic_replay_bd_i/rx_cap_1/inst/core_i/s_axil_rdata[12]_i_60
INFO: [Physopt 32-662] Processed net traffic_replay_bd_i/rx_cap_1/inst/core_i/s_axil_rdata[20]_i_15_n_0.  Did not re-place instance traffic_replay_bd_i/rx_cap_1/inst/core_i/s_axil_rdata[20]_i_15
INFO: [Physopt 32-662] Processed net traffic_replay_bd_i/rx_cap_1/inst/core_i/s_axil_rdata[20]_i_1_n_0.  Did not re-place instance traffic_replay_bd_i/rx_cap_1/inst/core_i/s_axil_rdata[20]_i_1
INFO: [Physopt 32-662] Processed net traffic_replay_bd_i/rx_cap_1/inst/core_i/s_axil_rdata[20]_i_2_n_0.  Did not re-place instance traffic_replay_bd_i/rx_cap_1/inst/core_i/s_axil_rdata[20]_i_2
INFO: [Physopt 32-662] Processed net traffic_replay_bd_i/rx_cap_1/inst/core_i/s_axil_rdata[20]_i_30_n_0.  Did not re-place instance traffic_replay_bd_i/rx_cap_1/inst/core_i/s_axil_rdata[20]_i_30
INFO: [Physopt 32-662] Processed net traffic_replay_bd_i/rx_cap_1/inst/core_i/s_axil_rdata[20]_i_63_n_0.  Did not re-place instance traffic_replay_bd_i/rx_cap_1/inst/core_i/s_axil_rdata[20]_i_63
INFO: [Physopt 32-662] Processed net traffic_replay_bd_i/rx_cap_1/inst/core_i/s_axil_rdata[25]_i_61_n_0.  Did not re-place instance traffic_replay_bd_i/rx_cap_1/inst/core_i/s_axil_rdata[25]_i_61
INFO: [Physopt 32-662] Processed net traffic_replay_bd_i/rx_cap_1/inst/core_i/s_axil_rdata[26]_i_15_n_0.  Did not re-place instance traffic_replay_bd_i/rx_cap_1/inst/core_i/s_axil_rdata[26]_i_15
INFO: [Physopt 32-662] Processed net traffic_replay_bd_i/rx_cap_1/inst/core_i/s_axil_rdata[26]_i_1_n_0.  Did not re-place instance traffic_replay_bd_i/rx_cap_1/inst/core_i/s_axil_rdata[26]_i_1
INFO: [Physopt 32-662] Processed net traffic_replay_bd_i/rx_cap_1/inst/core_i/s_axil_rdata[26]_i_2_n_0.  Did not re-place instance traffic_replay_bd_i/rx_cap_1/inst/core_i/s_axil_rdata[26]_i_2
INFO: [Physopt 32-662] Processed net traffic_replay_bd_i/rx_cap_1/inst/core_i/s_axil_rdata[26]_i_61_n_0.  Did not re-place instance traffic_replay_bd_i/rx_cap_1/inst/core_i/s_axil_rdata[26]_i_61
INFO: [Physopt 32-662] Processed net traffic_replay_bd_i/rx_cap_1/inst/core_i/s_axil_rdata[20].  Did not re-place instance traffic_replay_bd_i/rx_cap_1/inst/core_i/s_axil_rdata_reg[20]
INFO: [Physopt 32-662] Processed net traffic_replay_bd_i/rx_cap_1/inst/core_i/s_axil_rdata[26].  Did not re-place instance traffic_replay_bd_i/rx_cap_1/inst/core_i/s_axil_rdata_reg[26]
INFO: [Physopt 32-662] Processed net traffic_replay_bd_i/xdma_0/inst/udma_wrapper/dma_top/dma_pcie_req/dma_pcie_rq/RQ_FIFO/rreq_head_ld_shf_0.  Did not re-place instance traffic_replay_bd_i/xdma_0/inst/udma_wrapper/dma_top/dma_pcie_req/dma_pcie_rq/RQ_FIFO/rreq_head_info_ff[0][rcb][7]_i_2
INFO: [Physopt 32-662] Processed net traffic_replay_bd_i/xdma_0/inst/udma_wrapper/dma_top/dma_pcie_req/dma_pcie_rq/RQ_FIFO/rreq_head_rcb_ok_ff[1]_i_19_n_0.  Did not re-place instance traffic_replay_bd_i/xdma_0/inst/udma_wrapper/dma_top/dma_pcie_req/dma_pcie_rq/RQ_FIFO/rreq_head_rcb_ok_ff[1]_i_19
INFO: [Physopt 32-662] Processed net traffic_replay_bd_i/xdma_0/inst/udma_wrapper/dma_top/dma_pcie_req/dma_pcie_rq/WTLP_HDR_FIFO/p_0_in123_out.  Did not re-place instance traffic_replay_bd_i/xdma_0/inst/udma_wrapper/dma_top/dma_pcie_req/dma_pcie_rq/WTLP_HDR_FIFO/m_axis_rq_thead_d_ff[0][125]_i_5
INFO: [Physopt 32-662] Processed net traffic_replay_bd_i/xdma_0/inst/udma_wrapper/dma_top/dma_pcie_req/dma_pcie_rq/RQ_FIFO/wtlp_dat_vld_ff[1]_i_5_n_0.  Did not re-place instance traffic_replay_bd_i/xdma_0/inst/udma_wrapper/dma_top/dma_pcie_req/dma_pcie_rq/RQ_FIFO/wtlp_dat_vld_ff[1]_i_5
INFO: [Physopt 32-662] Processed net traffic_replay_bd_i/xdma_0/inst/udma_wrapper/dma_top/dma_pcie_req/dma_pcie_rq/RQ_FIFO/reqdtlpSm_cs[1]_i_2_n_0.  Did not re-place instance traffic_replay_bd_i/xdma_0/inst/udma_wrapper/dma_top/dma_pcie_req/dma_pcie_rq/RQ_FIFO/reqdtlpSm_cs[1]_i_2
INFO: [Physopt 32-662] Processed net traffic_replay_bd_i/xdma_0/inst/udma_wrapper/dma_top/dma_pcie_req/dma_pcie_rq/RQ_FIFO/rreq_head_rcb_ok_ff[1]_i_13_n_0.  Did not re-place instance traffic_replay_bd_i/xdma_0/inst/udma_wrapper/dma_top/dma_pcie_req/dma_pcie_rq/RQ_FIFO/rreq_head_rcb_ok_ff[1]_i_13
INFO: [Physopt 32-662] Processed net traffic_replay_bd_i/xdma_0/inst/udma_wrapper/dma_top/dma_pcie_req/dma_pcie_rq/RQ_FIFO/rreq_head_rcb_ok_ff[1]_i_20_n_0.  Did not re-place instance traffic_replay_bd_i/xdma_0/inst/udma_wrapper/dma_top/dma_pcie_req/dma_pcie_rq/RQ_FIFO/rreq_head_rcb_ok_ff[1]_i_20
INFO: [Physopt 32-662] Processed net traffic_replay_bd_i/xdma_0/inst/udma_wrapper/dma_top/dma_pcie_req/dma_pcie_rq/RQ_FIFO/rreq_head_rcb_ok_ff[1]_i_12_n_0.  Did not re-place instance traffic_replay_bd_i/xdma_0/inst/udma_wrapper/dma_top/dma_pcie_req/dma_pcie_rq/RQ_FIFO/rreq_head_rcb_ok_ff[1]_i_12
INFO: [Physopt 32-662] Processed net traffic_replay_bd_i/xdma_0/inst/udma_wrapper/dma_top/dma_pcie_req/dma_pcie_rq/RQ_FIFO/m_axis_rq_thead_d_ff[0][125]_i_6_n_0.  Did not re-place instance traffic_replay_bd_i/xdma_0/inst/udma_wrapper/dma_top/dma_pcie_req/dma_pcie_rq/RQ_FIFO/m_axis_rq_thead_d_ff[0][125]_i_6
INFO: [Physopt 32-662] Processed net traffic_replay_bd_i/xdma_0/inst/udma_wrapper/dma_top/dma_pcie_req/dma_pcie_rq/RQ_FIFO/rreq_head_rcb_ok_ff[1]_i_21_n_0.  Did not re-place instance traffic_replay_bd_i/xdma_0/inst/udma_wrapper/dma_top/dma_pcie_req/dma_pcie_rq/RQ_FIFO/rreq_head_rcb_ok_ff[1]_i_21
INFO: [Physopt 32-662] Processed net traffic_replay_bd_i/xdma_0/inst/udma_wrapper/dma_top/dma_pcie_req/dma_pcie_rq/RQ_FIFO/rreq_head_rcb_ok_ff[1]_i_2_n_0.  Did not re-place instance traffic_replay_bd_i/xdma_0/inst/udma_wrapper/dma_top/dma_pcie_req/dma_pcie_rq/RQ_FIFO/rreq_head_rcb_ok_ff[1]_i_2
INFO: [Physopt 32-662] Processed net traffic_replay_bd_i/xdma_0/inst/udma_wrapper/dma_top/dma_pcie_req/dma_pcie_rq/rreq_head_rcb_ok_ff_reg_n_0_[1].  Did not re-place instance traffic_replay_bd_i/xdma_0/inst/udma_wrapper/dma_top/dma_pcie_req/dma_pcie_rq/rreq_head_rcb_ok_ff_reg[1]
INFO: [Physopt 32-662] Processed net traffic_replay_bd_i/rx_cap_1/inst/core_i/gap_sample_rd_index_q_reg[0]_rep__1_n_0_repN_2.  Did not re-place instance traffic_replay_bd_i/rx_cap_1/inst/core_i/gap_sample_rd_index_q_reg[0]_rep__1_replica_2
INFO: [Physopt 32-662] Processed net traffic_replay_bd_i/replay_core_1/inst/core_i/stream_prefetch_fifo_i/payload_ram/xpm_memory_base_inst/gen_wr_a.gen_word_narrow.mem_reg_bram_0_i_3_n_0.  Did not re-place instance traffic_replay_bd_i/replay_core_1/inst/core_i/stream_prefetch_fifo_i/payload_ram/xpm_memory_base_inst/gen_wr_a.gen_word_narrow.mem_reg_bram_0_i_3
INFO: [Physopt 32-662] Processed net traffic_replay_bd_i/replay_core_1/inst/core_i/stream_prefetch_fifo_i/p_0_in[1].  Did not re-place instance traffic_replay_bd_i/replay_core_1/inst/core_i/stream_prefetch_fifo_i/payload_ram_i_1__0
INFO: [Physopt 32-662] Processed net traffic_replay_bd_i/replay_core_1/inst/core_i/stream_reader_i/cmd_count_reg[0]_0.  Did not re-place instance traffic_replay_bd_i/replay_core_1/inst/core_i/stream_reader_i/m_axi_rready_INST_0_i_2
INFO: [Physopt 32-662] Processed net traffic_replay_bd_i/replay_core_1/inst/core_i/stream_reader_i/cmd_count_reg[2].  Did not re-place instance traffic_replay_bd_i/replay_core_1/inst/core_i/stream_reader_i/cmd_count_reg[2]
INFO: [Physopt 32-662] Processed net traffic_replay_bd_i/replay_core_1/inst/core_i/stream_reader_i/m_axi_rready_INST_0_i_6_n_0.  Did not re-place instance traffic_replay_bd_i/replay_core_1/inst/core_i/stream_reader_i/m_axi_rready_INST_0_i_6
INFO: [Physopt 32-662] Processed net traffic_replay_bd_i/rx_cap_1/inst/core_i/s_axil_rdata[0]_i_44_n_0.  Did not re-place instance traffic_replay_bd_i/rx_cap_1/inst/core_i/s_axil_rdata[0]_i_44
INFO: [Physopt 32-662] Processed net traffic_replay_bd_i/rx_cap_1/inst/core_i/s_axil_rdata[16]_i_15_n_0.  Did not re-place instance traffic_replay_bd_i/rx_cap_1/inst/core_i/s_axil_rdata[16]_i_15
INFO: [Physopt 32-662] Processed net traffic_replay_bd_i/rx_cap_1/inst/core_i/s_axil_rdata[16]_i_1_n_0.  Did not re-place instance traffic_replay_bd_i/rx_cap_1/inst/core_i/s_axil_rdata[16]_i_1
INFO: [Physopt 32-662] Processed net traffic_replay_bd_i/rx_cap_1/inst/core_i/s_axil_rdata[16]_i_2_n_0.  Did not re-place instance traffic_replay_bd_i/rx_cap_1/inst/core_i/s_axil_rdata[16]_i_2
INFO: [Physopt 32-662] Processed net traffic_replay_bd_i/rx_cap_1/inst/core_i/s_axil_rdata[16]_i_30_n_0.  Did not re-place instance traffic_replay_bd_i/rx_cap_1/inst/core_i/s_axil_rdata[16]_i_30
INFO: [Physopt 32-662] Processed net traffic_replay_bd_i/rx_cap_1/inst/core_i/s_axil_rdata[16]_i_65_n_0.  Did not re-place instance traffic_replay_bd_i/rx_cap_1/inst/core_i/s_axil_rdata[16]_i_65
INFO: [Physopt 32-662] Processed net traffic_replay_bd_i/rx_cap_1/inst/core_i/s_axil_rdata[28]_i_15_n_0.  Did not re-place instance traffic_replay_bd_i/rx_cap_1/inst/core_i/s_axil_rdata[28]_i_15
INFO: [Physopt 32-662] Processed net traffic_replay_bd_i/rx_cap_1/inst/core_i/s_axil_rdata[28]_i_1_n_0.  Did not re-place instance traffic_replay_bd_i/rx_cap_1/inst/core_i/s_axil_rdata[28]_i_1
INFO: [Physopt 32-662] Processed net traffic_replay_bd_i/rx_cap_1/inst/core_i/s_axil_rdata[28]_i_2_n_0.  Did not re-place instance traffic_replay_bd_i/rx_cap_1/inst/core_i/s_axil_rdata[28]_i_2
INFO: [Physopt 32-662] Processed net traffic_replay_bd_i/rx_cap_1/inst/core_i/s_axil_rdata[28]_i_30_n_0.  Did not re-place instance traffic_replay_bd_i/rx_cap_1/inst/core_i/s_axil_rdata[28]_i_30
INFO: [Physopt 32-662] Processed net traffic_replay_bd_i/rx_cap_1/inst/core_i/s_axil_rdata[28]_i_69_n_0.  Did not re-place instance traffic_replay_bd_i/rx_cap_1/inst/core_i/s_axil_rdata[28]_i_69
INFO: [Physopt 32-662] Processed net traffic_replay_bd_i/rx_cap_1/inst/core_i/s_axil_rdata[5]_i_60_n_0.  Did not re-place instance traffic_replay_bd_i/rx_cap_1/inst/core_i/s_axil_rdata[5]_i_60
INFO: [Physopt 32-662] Processed net traffic_replay_bd_i/rx_cap_1/inst/core_i/s_axil_rdata[5]_i_67_n_0.  Did not re-place instance traffic_replay_bd_i/rx_cap_1/inst/core_i/s_axil_rdata[5]_i_67
INFO: [Physopt 32-662] Processed net traffic_replay_bd_i/rx_cap_1/inst/core_i/s_axil_rdata[16].  Did not re-place instance traffic_replay_bd_i/rx_cap_1/inst/core_i/s_axil_rdata_reg[16]
INFO: [Physopt 32-662] Processed net traffic_replay_bd_i/rx_cap_1/inst/core_i/s_axil_rdata[28].  Did not re-place instance traffic_replay_bd_i/rx_cap_1/inst/core_i/s_axil_rdata_reg[28]
INFO: [Physopt 32-662] Processed net traffic_replay_bd_i/xdma_0/inst/udma_wrapper/dma_top/dma_pcie_req/dma_pcie_rq/RQ_FIFO/D[1].  Did not re-place instance traffic_replay_bd_i/xdma_0/inst/udma_wrapper/dma_top/dma_pcie_req/dma_pcie_rq/RQ_FIFO/rdIssued_ff[1]_i_1
INFO: [Physopt 32-662] Processed net traffic_replay_bd_i/xdma_0/inst/udma_wrapper/dma_top/dma_pcie_req/dma_pcie_rq/RQ_FIFO/rreq_head_vld_ff_reg[0].  Did not re-place instance traffic_replay_bd_i/xdma_0/inst/udma_wrapper/dma_top/dma_pcie_req/dma_pcie_rq/RQ_FIFO/rreq_head_info_ff[1][tag][7]_i_1
INFO: [Physopt 32-662] Processed net traffic_replay_bd_i/xdma_0/inst/udma_wrapper/dma_top/dma_pcie_req/axidma_rrq_arb/Fifowhead.fifoInfo/rreq_head_info_ff_reg[1][rcb][7][0].  Did not re-place instance traffic_replay_bd_i/xdma_0/inst/udma_wrapper/dma_top/dma_pcie_req/axidma_rrq_arb/Fifowhead.fifoInfo/rreq_head_info_ff[1][rcb][1]_i_1
INFO: [Physopt 32-662] Processed net traffic_replay_bd_i/rx_cap_1/inst/core_i/gap_sample_rd_index_q_reg[1]_rep__1_n_0.  Did not re-place instance traffic_replay_bd_i/rx_cap_1/inst/core_i/gap_sample_rd_index_q_reg[1]_rep__1
INFO: [Physopt 32-662] Processed net traffic_replay_bd_i/rx_cap_1/inst/core_i/gap_sample_rd_index_q_reg[3]_rep__5_n_0.  Did not re-place instance traffic_replay_bd_i/rx_cap_1/inst/core_i/gap_sample_rd_index_q_reg[3]_rep__5
INFO: [Physopt 32-662] Processed net traffic_replay_bd_i/rx_cap_1/inst/core_i/gap_sample_rd_index_q_reg[4]_rep__6_n_0.  Did not re-place instance traffic_replay_bd_i/rx_cap_1/inst/core_i/gap_sample_rd_index_q_reg[4]_rep__6
INFO: [Physopt 32-662] Processed net traffic_replay_bd_i/replay_core_1/inst/core_i/ddr_reader_i/desc_head_word_q[8]_i_6_n_0.  Did not re-place instance traffic_replay_bd_i/replay_core_1/inst/core_i/ddr_reader_i/desc_head_word_q[8]_i_6
INFO: [Physopt 32-662] Processed net traffic_replay_bd_i/replay_core_1/inst/core_i/regs_i/scan_run_addr[20]_i_8_n_0.  Did not re-place instance traffic_replay_bd_i/replay_core_1/inst/core_i/regs_i/scan_run_addr[20]_i_8
INFO: [Physopt 32-662] Processed net traffic_replay_bd_i/rx_cap_1/inst/core_i/s_axil_rdata[13]_i_61_n_0.  Did not re-place instance traffic_replay_bd_i/rx_cap_1/inst/core_i/s_axil_rdata[13]_i_61
INFO: [Physopt 32-662] Processed net traffic_replay_bd_i/rx_cap_1/inst/core_i/s_axil_rdata[14]_i_15_n_0.  Did not re-place instance traffic_replay_bd_i/rx_cap_1/inst/core_i/s_axil_rdata[14]_i_15
INFO: [Physopt 32-662] Processed net traffic_replay_bd_i/rx_cap_1/inst/core_i/s_axil_rdata[14]_i_2_n_0.  Did not re-place instance traffic_replay_bd_i/rx_cap_1/inst/core_i/s_axil_rdata[14]_i_2
INFO: [Physopt 32-662] Processed net traffic_replay_bd_i/rx_cap_1/inst/core_i/s_axil_rdata[14]_i_30_n_0.  Did not re-place instance traffic_replay_bd_i/rx_cap_1/inst/core_i/s_axil_rdata[14]_i_30
INFO: [Physopt 32-662] Processed net traffic_replay_bd_i/rx_cap_1/inst/core_i/s_axil_rdata[14]_i_72_n_0.  Did not re-place instance traffic_replay_bd_i/rx_cap_1/inst/core_i/s_axil_rdata[14]_i_72
INFO: [Physopt 32-662] Processed net traffic_replay_bd_i/replay_core_1/inst/core_i/ddr_reader_i/scan_run_addr[62].  Did not re-place instance traffic_replay_bd_i/replay_core_1/inst/core_i/ddr_reader_i/scan_run_addr_reg[62]
INFO: [Physopt 32-662] Processed net traffic_replay_bd_i/rx_cap_1/inst/core_i/s_axil_rdata[0]_i_53_n_0.  Did not re-place instance traffic_replay_bd_i/rx_cap_1/inst/core_i/s_axil_rdata[0]_i_53
INFO: [Physopt 32-662] Processed net traffic_replay_bd_i/rx_cap_1/inst/core_i/s_axil_rdata[22]_i_15_n_0.  Did not re-place instance traffic_replay_bd_i/rx_cap_1/inst/core_i/s_axil_rdata[22]_i_15
INFO: [Physopt 32-662] Processed net traffic_replay_bd_i/rx_cap_1/inst/core_i/s_axil_rdata[22]_i_1_n_0.  Did not re-place instance traffic_replay_bd_i/rx_cap_1/inst/core_i/s_axil_rdata[22]_i_1
INFO: [Physopt 32-662] Processed net traffic_replay_bd_i/rx_cap_1/inst/core_i/s_axil_rdata[22]_i_2_n_0.  Did not re-place instance traffic_replay_bd_i/rx_cap_1/inst/core_i/s_axil_rdata[22]_i_2
INFO: [Physopt 32-662] Processed net traffic_replay_bd_i/rx_cap_1/inst/core_i/s_axil_rdata[22]_i_30_n_0.  Did not re-place instance traffic_replay_bd_i/rx_cap_1/inst/core_i/s_axil_rdata[22]_i_30
INFO: [Physopt 32-662] Processed net traffic_replay_bd_i/rx_cap_1/inst/core_i/s_axil_rdata[22]_i_63_n_0.  Did not re-place instance traffic_replay_bd_i/rx_cap_1/inst/core_i/s_axil_rdata[22]_i_63
INFO: [Physopt 32-662] Processed net traffic_replay_bd_i/rx_cap_1/inst/core_i/s_axil_rdata[29]_i_67_n_0.  Did not re-place instance traffic_replay_bd_i/rx_cap_1/inst/core_i/s_axil_rdata[29]_i_67
INFO: [Physopt 32-662] Processed net traffic_replay_bd_i/rx_cap_1/inst/core_i/s_axil_rdata[22].  Did not re-place instance traffic_replay_bd_i/rx_cap_1/inst/core_i/s_axil_rdata_reg[22]
INFO: [Physopt 32-662] Processed net traffic_replay_bd_i/rx_cap_1/inst/core_i/s_axil_rdata[10]_i_12_n_0.  Did not re-place instance traffic_replay_bd_i/rx_cap_1/inst/core_i/s_axil_rdata[10]_i_12
INFO: [Physopt 32-662] Processed net traffic_replay_bd_i/rx_cap_1/inst/core_i/s_axil_rdata[10]_i_59_n_0.  Did not re-place instance traffic_replay_bd_i/rx_cap_1/inst/core_i/s_axil_rdata[10]_i_59
INFO: [Physopt 32-662] Processed net traffic_replay_bd_i/rx_cap_1/inst/core_i/s_axil_rdata[10]_i_6_n_0.  Did not re-place instance traffic_replay_bd_i/rx_cap_1/inst/core_i/s_axil_rdata[10]_i_6
INFO: [Physopt 32-662] Processed net traffic_replay_bd_i/rx_cap_1/inst/core_i/s_axil_rdata[13]_i_73_n_0.  Did not re-place instance traffic_replay_bd_i/rx_cap_1/inst/core_i/s_axil_rdata[13]_i_73
INFO: [Physopt 32-662] Processed net traffic_replay_bd_i/rx_cap_1/inst/core_i/s_axil_rdata[1]_i_12_n_0.  Did not re-place instance traffic_replay_bd_i/rx_cap_1/inst/core_i/s_axil_rdata[1]_i_12
INFO: [Physopt 32-662] Processed net traffic_replay_bd_i/rx_cap_1/inst/core_i/s_axil_rdata[1]_i_1_n_0.  Did not re-place instance traffic_replay_bd_i/rx_cap_1/inst/core_i/s_axil_rdata[1]_i_1
INFO: [Physopt 32-662] Processed net traffic_replay_bd_i/rx_cap_1/inst/core_i/s_axil_rdata[1]_i_2_n_0.  Did not re-place instance traffic_replay_bd_i/rx_cap_1/inst/core_i/s_axil_rdata[1]_i_2
INFO: [Physopt 32-662] Processed net traffic_replay_bd_i/rx_cap_1/inst/core_i/s_axil_rdata[1]_i_6_n_0.  Did not re-place instance traffic_replay_bd_i/rx_cap_1/inst/core_i/s_axil_rdata[1]_i_6
INFO: [Physopt 32-662] Processed net traffic_replay_bd_i/rx_cap_1/inst/core_i/s_axil_rdata[1]_i_71_n_0.  Did not re-place instance traffic_replay_bd_i/rx_cap_1/inst/core_i/s_axil_rdata[1]_i_71
INFO: [Physopt 32-662] Processed net traffic_replay_bd_i/rx_cap_1/inst/core_i/s_axil_rdata[1].  Did not re-place instance traffic_replay_bd_i/rx_cap_1/inst/core_i/s_axil_rdata_reg[1]
INFO: [Physopt 32-662] Processed net traffic_replay_bd_i/replay_core_1/inst/core_i/stream_reader_i/cmd_count_reg[1].  Did not re-place instance traffic_replay_bd_i/replay_core_1/inst/core_i/stream_reader_i/cmd_count_reg[1]
INFO: [Physopt 32-662] Processed net traffic_replay_bd_i/rx_cap_1/inst/core_i/s_axil_rdata[4]_i_17_n_0.  Did not re-place instance traffic_replay_bd_i/rx_cap_1/inst/core_i/s_axil_rdata[4]_i_17
INFO: [Physopt 32-662] Processed net traffic_replay_bd_i/rx_cap_1/inst/core_i/s_axil_rdata[4]_i_61_n_0.  Did not re-place instance traffic_replay_bd_i/rx_cap_1/inst/core_i/s_axil_rdata[4]_i_61
INFO: [Physopt 32-662] Processed net traffic_replay_bd_i/rx_cap_1/inst/core_i/s_axil_rdata[4]_i_7_n_0.  Did not re-place instance traffic_replay_bd_i/rx_cap_1/inst/core_i/s_axil_rdata[4]_i_7
INFO: [Physopt 32-662] Processed net traffic_replay_bd_i/rx_cap_1/inst/core_i/s_axil_rdata[5]_i_58_n_0.  Did not re-place instance traffic_replay_bd_i/rx_cap_1/inst/core_i/s_axil_rdata[5]_i_58
INFO: [Physopt 32-662] Processed net traffic_replay_bd_i/rx_cap_1/inst/core_i/s_axil_rdata[0]_i_46_n_0.  Did not re-place instance traffic_replay_bd_i/rx_cap_1/inst/core_i/s_axil_rdata[0]_i_46
INFO: [Physopt 32-662] Processed net traffic_replay_bd_i/rx_cap_1/inst/core_i/s_axil_rdata[18]_i_15_n_0.  Did not re-place instance traffic_replay_bd_i/rx_cap_1/inst/core_i/s_axil_rdata[18]_i_15
INFO: [Physopt 32-662] Processed net traffic_replay_bd_i/rx_cap_1/inst/core_i/s_axil_rdata[18]_i_1_n_0.  Did not re-place instance traffic_replay_bd_i/rx_cap_1/inst/core_i/s_axil_rdata[18]_i_1
INFO: [Physopt 32-662] Processed net traffic_replay_bd_i/rx_cap_1/inst/core_i/s_axil_rdata[18]_i_2_n_0.  Did not re-place instance traffic_replay_bd_i/rx_cap_1/inst/core_i/s_axil_rdata[18]_i_2
INFO: [Physopt 32-662] Processed net traffic_replay_bd_i/rx_cap_1/inst/core_i/s_axil_rdata[18]_i_30_n_0.  Did not re-place instance traffic_replay_bd_i/rx_cap_1/inst/core_i/s_axil_rdata[18]_i_30
INFO: [Physopt 32-662] Processed net traffic_replay_bd_i/rx_cap_1/inst/core_i/s_axil_rdata[18]_i_65_n_0.  Did not re-place instance traffic_replay_bd_i/rx_cap_1/inst/core_i/s_axil_rdata[18]_i_65
INFO: [Physopt 32-662] Processed net traffic_replay_bd_i/replay_core_1/inst/core_i/ddr_reader_i/scan_run_addr[60].  Did not re-place instance traffic_replay_bd_i/replay_core_1/inst/core_i/ddr_reader_i/scan_run_addr_reg[60]
INFO: [Physopt 32-662] Processed net traffic_replay_bd_i/rx_cap_1/inst/core_i/s_axil_rdata[18].  Did not re-place instance traffic_replay_bd_i/rx_cap_1/inst/core_i/s_axil_rdata_reg[18]
INFO: [Physopt 32-662] Processed net traffic_replay_bd_i/rx_cap_1/inst/core_i/data35[5].  Did not re-place instance traffic_replay_bd_i/rx_cap_1/inst/core_i/s_axil_rdata[5]_i_16
INFO: [Physopt 32-662] Processed net traffic_replay_bd_i/rx_cap_1/inst/core_i/s_axil_rdata[5]_i_43_n_0.  Did not re-place instance traffic_replay_bd_i/rx_cap_1/inst/core_i/s_axil_rdata[5]_i_43
INFO: [Physopt 32-662] Processed net traffic_replay_bd_i/rx_cap_1/inst/core_i/s_axil_rdata[5]_i_59_n_0.  Did not re-place instance traffic_replay_bd_i/rx_cap_1/inst/core_i/s_axil_rdata[5]_i_59
INFO: [Physopt 32-662] Processed net traffic_replay_bd_i/rx_cap_1/inst/core_i/s_axil_rdata[5]_i_5_n_0.  Did not re-place instance traffic_replay_bd_i/rx_cap_1/inst/core_i/s_axil_rdata[5]_i_5
INFO: [Physopt 32-662] Processed net traffic_replay_bd_i/replay_core_1/inst/core_i/ddr_reader_i/scan_run_addr[58].  Did not re-place instance traffic_replay_bd_i/replay_core_1/inst/core_i/ddr_reader_i/scan_run_addr_reg[58]
INFO: [Physopt 32-662] Processed net traffic_replay_bd_i/rx_cap_1/inst/core_i/gap_sample_rd_index_q_reg[3]_rep__21_n_0.  Did not re-place instance traffic_replay_bd_i/rx_cap_1/inst/core_i/gap_sample_rd_index_q_reg[3]_rep__21
INFO: [Physopt 32-662] Processed net traffic_replay_bd_i/rx_cap_1/inst/core_i/gap_sample_rd_index_q_reg[2]_rep__26_n_0.  Did not re-place instance traffic_replay_bd_i/rx_cap_1/inst/core_i/gap_sample_rd_index_q_reg[2]_rep__26
INFO: [Physopt 32-662] Processed net traffic_replay_bd_i/replay_core_1/inst/core_i/ddr_reader_i/desc_head_word_q[12]_i_6_n_0.  Did not re-place instance traffic_replay_bd_i/replay_core_1/inst/core_i/ddr_reader_i/desc_head_word_q[12]_i_6
INFO: [Physopt 32-662] Processed net traffic_replay_bd_i/replay_core_1/inst/core_i/regs_i/scan_run_addr[20]_i_4_n_0.  Did not re-place instance traffic_replay_bd_i/replay_core_1/inst/core_i/regs_i/scan_run_addr[20]_i_4
INFO: [Physopt 32-662] Processed net traffic_replay_bd_i/rx_cap_1/inst/core_i/data35[8].  Did not re-place instance traffic_replay_bd_i/rx_cap_1/inst/core_i/s_axil_rdata[8]_i_11
INFO: [Physopt 32-662] Processed net traffic_replay_bd_i/rx_cap_1/inst/core_i/s_axil_rdata[21]_i_46_n_0.  Did not re-place instance traffic_replay_bd_i/rx_cap_1/inst/core_i/s_axil_rdata[21]_i_46
INFO: [Physopt 32-662] Processed net traffic_replay_bd_i/rx_cap_1/inst/core_i/s_axil_rdata[8].  Did not re-place instance traffic_replay_bd_i/rx_cap_1/inst/core_i/s_axil_rdata_reg[8]
INFO: [Physopt 32-662] Processed net traffic_replay_bd_i/rx_cap_1/inst/core_i/s_axil_rdata[8]_i_1_n_0.  Did not re-place instance traffic_replay_bd_i/rx_cap_1/inst/core_i/s_axil_rdata[8]_i_1
INFO: [Physopt 32-662] Processed net traffic_replay_bd_i/rx_cap_1/inst/core_i/s_axil_rdata[8]_i_2_n_0.  Did not re-place instance traffic_replay_bd_i/rx_cap_1/inst/core_i/s_axil_rdata[8]_i_2
INFO: [Physopt 32-662] Processed net traffic_replay_bd_i/rx_cap_1/inst/core_i/s_axil_rdata[8]_i_46_n_0.  Did not re-place instance traffic_replay_bd_i/rx_cap_1/inst/core_i/s_axil_rdata[8]_i_46
INFO: [Physopt 32-661] Optimized 42 nets.  Re-placed 42 instances.
INFO: [Physopt 32-775] End 1 Pass. Optimized 42 nets or cells. Created 0 new cell, deleted 0 existing cell and moved 42 existing cells
INFO: [Physopt 32-619] Estimated Timing Summary | WNS=-0.040 | TNS=-0.046 |
Netlist sorting complete. Time (s): cpu = 00:00:00.08 ; elapsed = 00:00:00.07 . Memory (MB): peak = 11615.543 ; gain = 0.000 ; free physical = 72369 ; free virtual = 95618
Phase 15 Single Cell Placement Optimization | Checksum: 1debc256f

Time (s): cpu = 00:06:04 ; elapsed = 00:06:08 . Memory (MB): peak = 11615.543 ; gain = 0.000 ; free physical = 72368 ; free virtual = 95617

Phase 16 Multi Cell Placement Optimization
INFO: [Physopt 32-660] Identified 100 candidate nets for placement-based optimization.
INFO: [Physopt 32-662] Processed net traffic_replay_bd_i/rx_cap_1/inst/core_i/s_axil_rdata[31]_i_7_n_0_repN_1.  Did not re-place instance traffic_replay_bd_i/rx_cap_1/inst/core_i/s_axil_rdata[31]_i_7_replica/O
INFO: [Physopt 32-662] Processed net traffic_replay_bd_i/ctrl_rx1_cc/inst/gen_clock_conv.gen_async_lite_conv.clock_conv_lite_fwd_ar/handshake/dest_hsdata_ff[12].  Did not re-place instance traffic_replay_bd_i/ctrl_rx1_cc/inst/gen_clock_conv.gen_async_lite_conv.clock_conv_lite_fwd_ar/handshake/dest_hsdata_ff_reg[12]/Q
INFO: [Physopt 32-662] Processed net traffic_replay_bd_i/rx_cap_1/inst/core_i/s_axil_rdata[31]_i_2_n_0.  Did not re-place instance traffic_replay_bd_i/rx_cap_1/inst/core_i/s_axil_rdata[31]_i_2/O
INFO: [Physopt 32-662] Processed net traffic_replay_bd_i/ctrl_rx1_cc/inst/gen_clock_conv.gen_async_lite_conv.clock_conv_lite_fwd_ar/handshake/dest_hsdata_ff[9].  Did not re-place instance traffic_replay_bd_i/ctrl_rx1_cc/inst/gen_clock_conv.gen_async_lite_conv.clock_conv_lite_fwd_ar/handshake/dest_hsdata_ff_reg[9]/Q
INFO: [Physopt 32-662] Processed net traffic_replay_bd_i/rx_cap_1/inst/core_i/s_axil_rdata[12]_i_1_n_0.  Did not re-place instance traffic_replay_bd_i/rx_cap_1/inst/core_i/s_axil_rdata[12]_i_1/O
INFO: [Physopt 32-662] Processed net traffic_replay_bd_i/rx_cap_1/inst/core_i/s_axil_rdata[12]_i_2_n_0.  Did not re-place instance traffic_replay_bd_i/rx_cap_1/inst/core_i/s_axil_rdata[12]_i_2/O
INFO: [Physopt 32-662] Processed net traffic_replay_bd_i/ctrl_rx1_cc/inst/gen_clock_conv.gen_async_lite_conv.clock_conv_lite_fwd_ar/handshake/dest_hsdata_ff[15].  Did not re-place instance traffic_replay_bd_i/ctrl_rx1_cc/inst/gen_clock_conv.gen_async_lite_conv.clock_conv_lite_fwd_ar/handshake/dest_hsdata_ff_reg[15]/Q
INFO: [Physopt 32-661] Optimized 0 net.  Re-placed 0 instance.
INFO: [Physopt 32-775] End 1 Pass. Optimized 0 net or cell. Created 0 new cell, deleted 0 existing cell and moved 0 existing cell
Netlist sorting complete. Time (s): cpu = 00:00:00.07 ; elapsed = 00:00:00.06 . Memory (MB): peak = 11615.543 ; gain = 0.000 ; free physical = 72368 ; free virtual = 95617
Phase 16 Multi Cell Placement Optimization | Checksum: 1b242968b

Time (s): cpu = 00:06:06 ; elapsed = 00:06:10 . Memory (MB): peak = 11615.543 ; gain = 0.000 ; free physical = 72368 ; free virtual = 95617

Phase 17 Rewire
INFO: [Physopt 32-246] Starting Signal Push optimization...
INFO: [Physopt 32-77] Pass 1. Identified 1 candidate net for rewire optimization.
INFO: [Physopt 32-134] Processed net traffic_replay_bd_i/rx_cap_1/inst/core_i/s_axil_rdata[31]_i_7_n_0_repN_1. Rewiring did not optimize the net.
INFO: [Physopt 32-232] Optimized 0 net. Created 0 new instance.
INFO: [Physopt 32-775] End 1 Pass. Optimized 0 net or cell. Created 0 new cell, deleted 0 existing cell and moved 0 existing cell
Netlist sorting complete. Time (s): cpu = 00:00:00.07 ; elapsed = 00:00:00.07 . Memory (MB): peak = 11615.543 ; gain = 0.000 ; free physical = 72368 ; free virtual = 95617
Netlist sorting complete. Time (s): cpu = 00:00:00.07 ; elapsed = 00:00:00.07 . Memory (MB): peak = 11615.543 ; gain = 0.000 ; free physical = 72368 ; free virtual = 95617
Phase 17 Rewire | Checksum: 1b242968b

Time (s): cpu = 00:06:07 ; elapsed = 00:06:11 . Memory (MB): peak = 11615.543 ; gain = 0.000 ; free physical = 72368 ; free virtual = 95617

Phase 18 Critical Cell Optimization
INFO: [Physopt 32-46] Identified 30 candidate nets for critical-cell optimization.
INFO: [Physopt 32-572] Net traffic_replay_bd_i/rx_cap_1/inst/core_i/s_axil_rdata[31]_i_7_n_0_repN_1 was not replicated.
Resolution: phys_opt_design can be forced to replicate a net driver using the option -force_replication_on_nets <list of net objects>.
INFO: [Physopt 32-572] Net traffic_replay_bd_i/rx_cap_1/inst/core_i/s_axil_rdata[31]_i_18_n_0 was not replicated.
Resolution: phys_opt_design can be forced to replicate a net driver using the option -force_replication_on_nets <list of net objects>.
INFO: [Physopt 32-572] Net traffic_replay_bd_i/rx_cap_1/inst/core_i/gap_sample_rd_index_q_reg[0]_rep__5_n_0 was not replicated.
Resolution: phys_opt_design can be forced to replicate a net driver using the option -force_replication_on_nets <list of net objects>.
INFO: [Physopt 32-571] Net traffic_replay_bd_i/rx_cap_1/inst/core_i/s_axil_rdata[31]_i_7_n_0 was not replicated.
INFO: [Physopt 32-571] Net traffic_replay_bd_i/rx_cap_1/inst/core_i/gap_sample_rd_index_q_reg[0]_rep__17_n_0_repN was not replicated.
INFO: [Physopt 32-571] Net traffic_replay_bd_i/rx_cap_1/inst/core_i/gap_sample_rd_index_q_reg[0]_rep__2_n_0_repN_4 was not replicated.
INFO: [Physopt 32-571] Net traffic_replay_bd_i/rx_cap_1/inst/core_i/gap_sample_rd_index_q_reg[0]_rep__25_n_0 was not replicated.
INFO: [Physopt 32-571] Net traffic_replay_bd_i/rx_cap_1/inst/core_i/gap_sample_rd_index_q_reg[0]_rep__9_n_0 was not replicated.
INFO: [Physopt 32-571] Net traffic_replay_bd_i/rx_cap_1/inst/core_i/gap_sample_rd_index_q_reg[0]_rep__2_n_0_repN_1 was not replicated.
INFO: [Physopt 32-571] Net traffic_replay_bd_i/rx_cap_1/inst/core_i/s_axil_rvalid_reg_0 was not replicated.
INFO: [Physopt 32-571] Net traffic_replay_bd_i/rx_cap_1/inst/core_i/gap_sample_rd_index_q_reg[1]_rep__18_n_0_repN was not replicated.
INFO: [Physopt 32-571] Net traffic_replay_bd_i/rx_cap_1/inst/core_i/gap_sample_rd_index_q_reg[3]_rep__1_n_0_repN_1 was not replicated.
INFO: [Physopt 32-571] Net traffic_replay_bd_i/replay_core_0/inst/core_i/ddr_reader_i/desc_rd_ptr_reg[5] was not replicated.
INFO: [Physopt 32-571] Net traffic_replay_bd_i/rx_cap_1/inst/core_i/gap_sample_rd_index_q_reg[0]_rep__13_n_0 was not replicated.
INFO: [Physopt 32-571] Net traffic_replay_bd_i/xdma_0/inst/udma_wrapper/dma_top/dma_pcie_req/dma_pcie_rq/canissueRd_ff[1]_i_10_n_0 was not replicated.
INFO: [Physopt 32-571] Net traffic_replay_bd_i/xdma_0/inst/udma_wrapper/dma_top/dma_pcie_req/dma_pcie_rq/canissueRd_ff[1]_i_4_n_0 was not replicated.
INFO: [Physopt 32-571] Net traffic_replay_bd_i/xdma_0/inst/udma_wrapper/dma_top/dma_pcie_req/dma_pcie_rq/canissueRd_ff[1]_i_5_n_0 was not replicated.
INFO: [Physopt 32-571] Net traffic_replay_bd_i/rx_cap_1/inst/core_i/gap_sample_mem_reg_192_255_0_6_i_1_n_0 was not replicated.
INFO: [Physopt 32-571] Net traffic_replay_bd_i/rx_cap_1/inst/core_i/gap_sample_wr_ptr_q[9]_i_2_n_0 was not replicated.
INFO: [Physopt 32-571] Net traffic_replay_bd_i/rx_cap_1/inst/core_i/rx_fifo_i/E[0] was not replicated.
INFO: [Physopt 32-571] Net traffic_replay_bd_i/rx_cap_1/inst/core_i/rx_fifo_clear_count_q[2] was not replicated.
INFO: [Physopt 32-571] Net traffic_replay_bd_i/rx_cap_1/inst/core_i/rx_fifo_i/rx_fifo_clear_count_q_reg[3] was not replicated.
INFO: [Physopt 32-571] Net traffic_replay_bd_i/rx_cap_1/inst/core_i/gap_sample_rd_index_q_reg[3]_rep__29_n_0_repN_1 was not replicated.
INFO: [Physopt 32-571] Net traffic_replay_bd_i/rx_cap_1/inst/core_i/gap_sample_rd_index_q_reg[3]_rep__29_n_0_repN_2 was not replicated.
INFO: [Physopt 32-571] Net traffic_replay_bd_i/rx_cap_1/inst/core_i/rx_fifo_clear_count_q[3] was not replicated.
INFO: [Physopt 32-571] Net traffic_replay_bd_i/replay_core_0/inst/core_i/ddr_reader_i/desc_word_mem_reg_r1_0_63_0_6_i_10_n_0 was not replicated.
INFO: [Physopt 32-571] Net traffic_replay_bd_i/replay_core_0/inst/core_i/regs_i/ACTIVE_LOW_PR_OUT_DFF[0].FDRE_PER_N_6 was not replicated.
INFO: [Physopt 32-571] Net traffic_replay_bd_i/replay_core_0/inst/core_i/ddr_reader_i/payload_fifo_i/E[0] was not replicated.
INFO: [Physopt 32-232] Optimized 0 net. Created 0 new instance.
INFO: [Physopt 32-775] End 1 Pass. Optimized 0 net or cell. Created 0 new cell, deleted 0 existing cell and moved 0 existing cell
Netlist sorting complete. Time (s): cpu = 00:00:00.09 ; elapsed = 00:00:00.09 . Memory (MB): peak = 11615.543 ; gain = 0.000 ; free physical = 72367 ; free virtual = 95616
Phase 18 Critical Cell Optimization | Checksum: 1def0d2f7

Time (s): cpu = 00:06:11 ; elapsed = 00:06:15 . Memory (MB): peak = 11615.543 ; gain = 0.000 ; free physical = 72367 ; free virtual = 95616

Phase 19 DSP Register Optimization
INFO: [Physopt 32-456] No candidate cells for DSP register optimization found in the design.
INFO: [Physopt 32-775] End 1 Pass. Optimized 0 net or cell. Created 0 new cell, deleted 0 existing cell and moved 0 existing cell
Phase 19 DSP Register Optimization | Checksum: 1def0d2f7

Time (s): cpu = 00:06:11 ; elapsed = 00:06:15 . Memory (MB): peak = 11615.543 ; gain = 0.000 ; free physical = 72367 ; free virtual = 95616

Phase 20 BRAM Register Optimization
INFO: [Physopt 32-614] Property 'READ_WIDTH_B' on BRAM cell 'traffic_replay_bd_i/ddr4_0/inst/u_ddr4_mem_intfc/u_ddr_cal_top/u_ddr_cal/u_ddr_cal_addr_decode/u_ddr_cal_cplx/u_ddr_cal_cplx_data/rd_addr_101_reg_rep' Port 'B' is 0. Skip BRAM Register Optimization on the port
INFO: [Physopt 32-614] Property 'READ_WIDTH_B' on BRAM cell 'traffic_replay_bd_i/ddr4_1/inst/u_ddr4_mem_intfc/u_ddr_cal_top/u_ddr_cal/u_ddr_cal_addr_decode/u_ddr_cal_cplx/u_ddr_cal_cplx_data/rd_addr_101_reg_rep' Port 'B' is 0. Skip BRAM Register Optimization on the port
INFO: [Physopt 32-614] Property 'READ_WIDTH_B' on BRAM cell 'traffic_replay_bd_i/ddr4_2/inst/u_ddr4_mem_intfc/u_ddr_cal_top/u_ddr_cal/u_ddr_cal_addr_decode/u_ddr_cal_cplx/u_ddr_cal_cplx_data/rd_addr_101_reg_rep' Port 'B' is 0. Skip BRAM Register Optimization on the port
INFO: [Physopt 32-614] Property 'READ_WIDTH_B' on BRAM cell 'traffic_replay_bd_i/ddr4_3/inst/u_ddr4_mem_intfc/u_ddr_cal_top/u_ddr_cal/u_ddr_cal_addr_decode/u_ddr_cal_cplx/u_ddr_cal_cplx_data/rd_addr_101_reg_rep' Port 'B' is 0. Skip BRAM Register Optimization on the port
INFO: [Physopt 32-526] No candidate cells for BRAM register optimization found in the design
INFO: [Physopt 32-775] End 1 Pass. Optimized 0 net or cell. Created 0 new cell, deleted 0 existing cell and moved 0 existing cell
Phase 20 BRAM Register Optimization | Checksum: 1def0d2f7

Time (s): cpu = 00:06:12 ; elapsed = 00:06:15 . Memory (MB): peak = 11615.543 ; gain = 0.000 ; free physical = 72367 ; free virtual = 95616

Phase 21 URAM Register Optimization
INFO: [Physopt 32-846] No candidate cells for URAM register optimization found in the design
INFO: [Physopt 32-775] End 2 Pass. Optimized 0 net or cell. Created 0 new cell, deleted 0 existing cell and moved 0 existing cell
Phase 21 URAM Register Optimization | Checksum: 1def0d2f7

Time (s): cpu = 00:06:12 ; elapsed = 00:06:16 . Memory (MB): peak = 11615.543 ; gain = 0.000 ; free physical = 72367 ; free virtual = 95616

Phase 22 Shift Register Optimization
INFO: [Physopt 32-775] End 1 Pass. Optimized 0 net or cell. Created 0 new cell, deleted 0 existing cell and moved 0 existing cell
Phase 22 Shift Register Optimization | Checksum: 1def0d2f7

Time (s): cpu = 00:06:12 ; elapsed = 00:06:16 . Memory (MB): peak = 11615.543 ; gain = 0.000 ; free physical = 72367 ; free virtual = 95616

Phase 23 DSP Register Optimization
INFO: [Physopt 32-456] No candidate cells for DSP register optimization found in the design.
INFO: [Physopt 32-775] End 1 Pass. Optimized 0 net or cell. Created 0 new cell, deleted 0 existing cell and moved 0 existing cell
Phase 23 DSP Register Optimization | Checksum: 1def0d2f7

Time (s): cpu = 00:06:12 ; elapsed = 00:06:16 . Memory (MB): peak = 11615.543 ; gain = 0.000 ; free physical = 72367 ; free virtual = 95616

Phase 24 BRAM Register Optimization
INFO: [Physopt 32-614] Property 'READ_WIDTH_B' on BRAM cell 'traffic_replay_bd_i/ddr4_0/inst/u_ddr4_mem_intfc/u_ddr_cal_top/u_ddr_cal/u_ddr_cal_addr_decode/u_ddr_cal_cplx/u_ddr_cal_cplx_data/rd_addr_101_reg_rep' Port 'B' is 0. Skip BRAM Register Optimization on the port
INFO: [Physopt 32-614] Property 'READ_WIDTH_B' on BRAM cell 'traffic_replay_bd_i/ddr4_1/inst/u_ddr4_mem_intfc/u_ddr_cal_top/u_ddr_cal/u_ddr_cal_addr_decode/u_ddr_cal_cplx/u_ddr_cal_cplx_data/rd_addr_101_reg_rep' Port 'B' is 0. Skip BRAM Register Optimization on the port
INFO: [Physopt 32-614] Property 'READ_WIDTH_B' on BRAM cell 'traffic_replay_bd_i/ddr4_2/inst/u_ddr4_mem_intfc/u_ddr_cal_top/u_ddr_cal/u_ddr_cal_addr_decode/u_ddr_cal_cplx/u_ddr_cal_cplx_data/rd_addr_101_reg_rep' Port 'B' is 0. Skip BRAM Register Optimization on the port
INFO: [Physopt 32-614] Property 'READ_WIDTH_B' on BRAM cell 'traffic_replay_bd_i/ddr4_3/inst/u_ddr4_mem_intfc/u_ddr_cal_top/u_ddr_cal/u_ddr_cal_addr_decode/u_ddr_cal_cplx/u_ddr_cal_cplx_data/rd_addr_101_reg_rep' Port 'B' is 0. Skip BRAM Register Optimization on the port
INFO: [Physopt 32-526] No candidate cells for BRAM register optimization found in the design
INFO: [Physopt 32-775] End 1 Pass. Optimized 0 net or cell. Created 0 new cell, deleted 0 existing cell and moved 0 existing cell
Phase 24 BRAM Register Optimization | Checksum: 1def0d2f7

Time (s): cpu = 00:06:13 ; elapsed = 00:06:16 . Memory (MB): peak = 11615.543 ; gain = 0.000 ; free physical = 72367 ; free virtual = 95616

Phase 25 URAM Register Optimization
INFO: [Physopt 32-846] No candidate cells for URAM register optimization found in the design
INFO: [Physopt 32-775] End 2 Pass. Optimized 0 net or cell. Created 0 new cell, deleted 0 existing cell and moved 0 existing cell
Phase 25 URAM Register Optimization | Checksum: 1def0d2f7

Time (s): cpu = 00:06:13 ; elapsed = 00:06:17 . Memory (MB): peak = 11615.543 ; gain = 0.000 ; free physical = 72367 ; free virtual = 95616

Phase 26 Shift Register Optimization
INFO: [Physopt 32-775] End 1 Pass. Optimized 0 net or cell. Created 0 new cell, deleted 0 existing cell and moved 0 existing cell
Phase 26 Shift Register Optimization | Checksum: 1def0d2f7

Time (s): cpu = 00:06:13 ; elapsed = 00:06:17 . Memory (MB): peak = 11615.543 ; gain = 0.000 ; free physical = 72367 ; free virtual = 95616

Phase 27 Critical Pin Optimization
INFO: [Physopt 32-606] Identified 100 candidate nets for critical-pin optimization.
INFO: [Physopt 32-608] Optimized 38 nets.  Swapped 1326 pins.
INFO: [Physopt 32-775] End 1 Pass. Optimized 38 nets or cells. Created 0 new cell, deleted 0 existing cell and moved 1326 existing cells
INFO: [Physopt 32-619] Estimated Timing Summary | WNS=-0.040 | TNS=-0.040 |
Netlist sorting complete. Time (s): cpu = 00:00:00.09 ; elapsed = 00:00:00.09 . Memory (MB): peak = 11615.543 ; gain = 0.000 ; free physical = 72394 ; free virtual = 95643
Phase 27 Critical Pin Optimization | Checksum: 1def0d2f7

Time (s): cpu = 00:06:16 ; elapsed = 00:06:24 . Memory (MB): peak = 11615.543 ; gain = 0.000 ; free physical = 72392 ; free virtual = 95641

Phase 28 Very High Fanout Optimization
INFO: [Physopt 32-1132] Very high fanout net 'traffic_replay_bd_i/ddr4_0/inst/u_ddr4_mem_intfc/u_ddr_mc/u_ddr_mc_ecc/rd_data_addr_mc2ni[0]' is not considered as a candidate in VHFN optimzation. Its physical fanout number is changed from 774 to 152. To force replication, set the FORCE_MAX_FANOUT property on the net to a number less than 152.
INFO: [Physopt 32-1132] Very high fanout net 'traffic_replay_bd_i/ddr4_0/inst/u_ddr4_mem_intfc/u_ddr_mc/u_ddr_mc_ecc/rd_data_addr_dly_reg[0]_rep_0' is not considered as a candidate in VHFN optimzation. Its physical fanout number is changed from 274 to 65. To force replication, set the FORCE_MAX_FANOUT property on the net to a number less than 65.
INFO: [Physopt 32-1132] Very high fanout net 'traffic_replay_bd_i/ddr4_0/inst/u_ddr4_mem_intfc/u_ddr_mc/u_ddr_mc_ecc/rd_data_addr_dly_reg[0]_rep__0_n_0' is not considered as a candidate in VHFN optimzation. Its physical fanout number is changed from 432 to 55. To force replication, set the FORCE_MAX_FANOUT property on the net to a number less than 55.
INFO: [Physopt 32-1132] Very high fanout net 'traffic_replay_bd_i/ddr4_0/inst/u_ddr4_mem_intfc/u_ddr_mc/u_ddr_mc_ecc/rd_data_addr_mc2ni[1]' is not considered as a candidate in VHFN optimzation. Its physical fanout number is changed from 774 to 152. To force replication, set the FORCE_MAX_FANOUT property on the net to a number less than 152.
INFO: [Physopt 32-1132] Very high fanout net 'traffic_replay_bd_i/ddr4_0/inst/u_ddr4_mem_intfc/u_ddr_mc/u_ddr_mc_ecc/rd_data_addr_dly_reg[1]_rep_0' is not considered as a candidate in VHFN optimzation. Its physical fanout number is changed from 274 to 65. To force replication, set the FORCE_MAX_FANOUT property on the net to a number less than 65.
INFO: [Physopt 32-1132] Very high fanout net 'traffic_replay_bd_i/ddr4_0/inst/u_ddr4_mem_intfc/u_ddr_mc/u_ddr_mc_ecc/rd_data_addr_dly_reg[1]_rep__0_n_0' is not considered as a candidate in VHFN optimzation. Its physical fanout number is changed from 432 to 55. To force replication, set the FORCE_MAX_FANOUT property on the net to a number less than 55.
INFO: [Physopt 32-1132] Very high fanout net 'traffic_replay_bd_i/ddr4_0/inst/u_ddr4_mem_intfc/u_ddr_mc/u_ddr_mc_ecc/rd_data_addr_mc2ni[2]' is not considered as a candidate in VHFN optimzation. Its physical fanout number is changed from 774 to 152. To force replication, set the FORCE_MAX_FANOUT property on the net to a number less than 152.
INFO: [Physopt 32-1132] Very high fanout net 'traffic_replay_bd_i/ddr4_0/inst/u_ddr4_mem_intfc/u_ddr_mc/u_ddr_mc_ecc/rd_data_addr_dly_reg[2]_rep_0' is not considered as a candidate in VHFN optimzation. Its physical fanout number is changed from 274 to 65. To force replication, set the FORCE_MAX_FANOUT property on the net to a number less than 65.
INFO: [Physopt 32-1132] Very high fanout net 'traffic_replay_bd_i/ddr4_0/inst/u_ddr4_mem_intfc/u_ddr_mc/u_ddr_mc_ecc/rd_data_addr_dly_reg[2]_rep__0_n_0' is not considered as a candidate in VHFN optimzation. Its physical fanout number is changed from 432 to 55. To force replication, set the FORCE_MAX_FANOUT property on the net to a number less than 55.
INFO: [Physopt 32-1132] Very high fanout net 'traffic_replay_bd_i/ddr4_0/inst/u_ddr4_mem_intfc/u_ddr_mc/u_ddr_mc_ecc/rd_data_addr_mc2ni[3]' is not considered as a candidate in VHFN optimzation. Its physical fanout number is changed from 292 to 90. To force replication, set the FORCE_MAX_FANOUT property on the net to a number less than 90.
INFO: [Physopt 32-1132] Very high fanout net 'traffic_replay_bd_i/ddr4_0/inst/u_ddr4_mem_intfc/u_ddr_mc/u_ddr_mc_ecc/rd_data_addr_dly_reg[3]_rep_0' is not considered as a candidate in VHFN optimzation. Its physical fanout number is changed from 303 to 94. To force replication, set the FORCE_MAX_FANOUT property on the net to a number less than 94.
INFO: [Physopt 32-1132] Very high fanout net 'traffic_replay_bd_i/ddr4_0/inst/u_ddr4_mem_intfc/u_ddr_mc/u_ddr_mc_ecc/rd_data_addr_dly_reg[3]_rep__0_0' is not considered as a candidate in VHFN optimzation. Its physical fanout number is changed from 283 to 88. To force replication, set the FORCE_MAX_FANOUT property on the net to a number less than 88.
INFO: [Physopt 32-1132] Very high fanout net 'traffic_replay_bd_i/ddr4_0/inst/u_ddr4_mem_intfc/u_ddr_mc/u_ddr_mc_ecc/rd_data_addr_dly_reg[3]_rep__1_n_0' is not considered as a candidate in VHFN optimzation. Its physical fanout number is changed from 688 to 87. To force replication, set the FORCE_MAX_FANOUT property on the net to a number less than 87.
INFO: [Physopt 32-1132] Very high fanout net 'traffic_replay_bd_i/ddr4_0/inst/u_ddr4_mem_intfc/u_ddr_mc/u_ddr_mc_ecc/rd_data_addr_mc2ni[4]' is not considered as a candidate in VHFN optimzation. Its physical fanout number is changed from 292 to 90. To force replication, set the FORCE_MAX_FANOUT property on the net to a number less than 90.
INFO: [Physopt 32-1132] Very high fanout net 'traffic_replay_bd_i/ddr4_0/inst/u_ddr4_mem_intfc/u_ddr_mc/u_ddr_mc_ecc/rd_data_addr_dly_reg[4]_rep_0' is not considered as a candidate in VHFN optimzation. Its physical fanout number is changed from 303 to 94. To force replication, set the FORCE_MAX_FANOUT property on the net to a number less than 94.
INFO: [Physopt 32-1132] Very high fanout net 'traffic_replay_bd_i/ddr4_0/inst/u_ddr4_mem_intfc/u_ddr_mc/u_ddr_mc_ecc/rd_data_addr_dly_reg[4]_rep__0_0' is not considered as a candidate in VHFN optimzation. Its physical fanout number is changed from 283 to 88. To force replication, set the FORCE_MAX_FANOUT property on the net to a number less than 88.
INFO: [Physopt 32-1132] Very high fanout net 'traffic_replay_bd_i/ddr4_0/inst/u_ddr4_mem_intfc/u_ddr_mc/u_ddr_mc_ecc/rmw_rd_done_dly' is not considered as a candidate in VHFN optimzation. Its physical fanout number is changed from 688 to 87. To force replication, set the FORCE_MAX_FANOUT property on the net to a number less than 87.
INFO: [Physopt 32-1132] Very high fanout net 'traffic_replay_bd_i/ddr4_0/inst/u_ddr4_mem_intfc/u_ddr_ui/u_ddr_ui_wr_data/wdf_rdy_ns' is not considered as a candidate in VHFN optimzation. Its physical fanout number is changed from 768 to 97. To force replication, set the FORCE_MAX_FANOUT property on the net to a number less than 97.
INFO: [Physopt 32-1132] Very high fanout net 'traffic_replay_bd_i/ddr4_0/inst/u_ddr4_mem_intfc/u_ddr_ui/u_ddr_ui_wr_data/wb_wr_data_addr_w[2]' is not considered as a candidate in VHFN optimzation. Its physical fanout number is changed from 769 to 98. To force replication, set the FORCE_MAX_FANOUT property on the net to a number less than 98.
INFO: [Physopt 32-1132] Very high fanout net 'traffic_replay_bd_i/ddr4_0/inst/u_ddr4_mem_intfc/u_ddr_ui/u_ddr_ui_wr_data/wb_wr_data_addr_w[1]' is not considered as a candidate in VHFN optimzation. Its physical fanout number is changed from 769 to 98. To force replication, set the FORCE_MAX_FANOUT property on the net to a number less than 98.
INFO: [Physopt 32-1132] Very high fanout net 'traffic_replay_bd_i/ddr4_0/inst/u_ddr4_mem_intfc/u_ddr_ui/u_ddr_ui_wr_data/wb_wr_data_addr0_ns' is not considered as a candidate in VHFN optimzation. Its physical fanout number is changed from 769 to 98. To force replication, set the FORCE_MAX_FANOUT property on the net to a number less than 98.
INFO: [Physopt 32-1132] Very high fanout net 'traffic_replay_bd_i/ddr4_0/inst/u_ddr4_mem_intfc/u_ddr_ui/u_ddr_ui_wr_data/wb_wr_data_addr_w[4]' is not considered as a candidate in VHFN optimzation. Its physical fanout number is changed from 769 to 98. To force replication, set the FORCE_MAX_FANOUT property on the net to a number less than 98.
INFO: [Physopt 32-1132] Very high fanout net 'traffic_replay_bd_i/ddr4_0/inst/u_ddr4_mem_intfc/u_ddr_ui/u_ddr_ui_wr_data/wb_wr_data_addr_w[3]' is not considered as a candidate in VHFN optimzation. Its physical fanout number is changed from 769 to 98. To force replication, set the FORCE_MAX_FANOUT property on the net to a number less than 98.
INFO: [Physopt 32-1132] Very high fanout net 'traffic_replay_bd_i/ddr4_1/inst/u_ddr4_mem_intfc/u_ddr_mc/u_ddr_mc_ecc/rd_data_addr_mc2ni[0]' is not considered as a candidate in VHFN optimzation. Its physical fanout number is changed from 774 to 152. To force replication, set the FORCE_MAX_FANOUT property on the net to a number less than 152.
INFO: [Physopt 32-1132] Very high fanout net 'traffic_replay_bd_i/ddr4_1/inst/u_ddr4_mem_intfc/u_ddr_mc/u_ddr_mc_ecc/rd_data_addr_dly_reg[0]_rep_0' is not considered as a candidate in VHFN optimzation. Its physical fanout number is changed from 274 to 65. To force replication, set the FORCE_MAX_FANOUT property on the net to a number less than 65.
INFO: [Physopt 32-1132] Very high fanout net 'traffic_replay_bd_i/ddr4_1/inst/u_ddr4_mem_intfc/u_ddr_mc/u_ddr_mc_ecc/rd_data_addr_dly_reg[0]_rep__0_n_0' is not considered as a candidate in VHFN optimzation. Its physical fanout number is changed from 432 to 55. To force replication, set the FORCE_MAX_FANOUT property on the net to a number less than 55.
INFO: [Physopt 32-1132] Very high fanout net 'traffic_replay_bd_i/ddr4_1/inst/u_ddr4_mem_intfc/u_ddr_mc/u_ddr_mc_ecc/rd_data_addr_mc2ni[1]' is not considered as a candidate in VHFN optimzation. Its physical fanout number is changed from 774 to 152. To force replication, set the FORCE_MAX_FANOUT property on the net to a number less than 152.
INFO: [Physopt 32-1132] Very high fanout net 'traffic_replay_bd_i/ddr4_1/inst/u_ddr4_mem_intfc/u_ddr_mc/u_ddr_mc_ecc/rd_data_addr_dly_reg[1]_rep_0' is not considered as a candidate in VHFN optimzation. Its physical fanout number is changed from 274 to 65. To force replication, set the FORCE_MAX_FANOUT property on the net to a number less than 65.
INFO: [Physopt 32-1132] Very high fanout net 'traffic_replay_bd_i/ddr4_1/inst/u_ddr4_mem_intfc/u_ddr_mc/u_ddr_mc_ecc/rd_data_addr_dly_reg[1]_rep__0_n_0' is not considered as a candidate in VHFN optimzation. Its physical fanout number is changed from 432 to 55. To force replication, set the FORCE_MAX_FANOUT property on the net to a number less than 55.
INFO: [Physopt 32-1132] Very high fanout net 'traffic_replay_bd_i/ddr4_1/inst/u_ddr4_mem_intfc/u_ddr_mc/u_ddr_mc_ecc/rd_data_addr_mc2ni[2]' is not considered as a candidate in VHFN optimzation. Its physical fanout number is changed from 774 to 152. To force replication, set the FORCE_MAX_FANOUT property on the net to a number less than 152.
INFO: [Physopt 32-1132] Very high fanout net 'traffic_replay_bd_i/ddr4_1/inst/u_ddr4_mem_intfc/u_ddr_mc/u_ddr_mc_ecc/rd_data_addr_dly_reg[2]_rep_0' is not considered as a candidate in VHFN optimzation. Its physical fanout number is changed from 274 to 65. To force replication, set the FORCE_MAX_FANOUT property on the net to a number less than 65.
INFO: [Physopt 32-1132] Very high fanout net 'traffic_replay_bd_i/ddr4_1/inst/u_ddr4_mem_intfc/u_ddr_mc/u_ddr_mc_ecc/rd_data_addr_dly_reg[2]_rep__0_n_0' is not considered as a candidate in VHFN optimzation. Its physical fanout number is changed from 432 to 55. To force replication, set the FORCE_MAX_FANOUT property on the net to a number less than 55.
INFO: [Physopt 32-1132] Very high fanout net 'traffic_replay_bd_i/ddr4_1/inst/u_ddr4_mem_intfc/u_ddr_mc/u_ddr_mc_ecc/rd_data_addr_mc2ni[3]' is not considered as a candidate in VHFN optimzation. Its physical fanout number is changed from 292 to 90. To force replication, set the FORCE_MAX_FANOUT property on the net to a number less than 90.
INFO: [Physopt 32-1132] Very high fanout net 'traffic_replay_bd_i/ddr4_1/inst/u_ddr4_mem_intfc/u_ddr_mc/u_ddr_mc_ecc/rd_data_addr_dly_reg[3]_rep_0' is not considered as a candidate in VHFN optimzation. Its physical fanout number is changed from 303 to 94. To force replication, set the FORCE_MAX_FANOUT property on the net to a number less than 94.
INFO: [Physopt 32-1132] Very high fanout net 'traffic_replay_bd_i/ddr4_1/inst/u_ddr4_mem_intfc/u_ddr_mc/u_ddr_mc_ecc/rd_data_addr_dly_reg[3]_rep__0_0' is not considered as a candidate in VHFN optimzation. Its physical fanout number is changed from 283 to 88. To force replication, set the FORCE_MAX_FANOUT property on the net to a number less than 88.
INFO: [Physopt 32-1132] Very high fanout net 'traffic_replay_bd_i/ddr4_1/inst/u_ddr4_mem_intfc/u_ddr_mc/u_ddr_mc_ecc/rd_data_addr_dly_reg[3]_rep__1_n_0' is not considered as a candidate in VHFN optimzation. Its physical fanout number is changed from 688 to 87. To force replication, set the FORCE_MAX_FANOUT property on the net to a number less than 87.
INFO: [Physopt 32-1132] Very high fanout net 'traffic_replay_bd_i/ddr4_1/inst/u_ddr4_mem_intfc/u_ddr_mc/u_ddr_mc_ecc/rd_data_addr_mc2ni[4]' is not considered as a candidate in VHFN optimzation. Its physical fanout number is changed from 292 to 90. To force replication, set the FORCE_MAX_FANOUT property on the net to a number less than 90.
INFO: [Physopt 32-1132] Very high fanout net 'traffic_replay_bd_i/ddr4_1/inst/u_ddr4_mem_intfc/u_ddr_mc/u_ddr_mc_ecc/rd_data_addr_dly_reg[4]_rep_0' is not considered as a candidate in VHFN optimzation. Its physical fanout number is changed from 303 to 94. To force replication, set the FORCE_MAX_FANOUT property on the net to a number less than 94.
INFO: [Physopt 32-1132] Very high fanout net 'traffic_replay_bd_i/ddr4_1/inst/u_ddr4_mem_intfc/u_ddr_mc/u_ddr_mc_ecc/rd_data_addr_dly_reg[4]_rep__0_0' is not considered as a candidate in VHFN optimzation. Its physical fanout number is changed from 283 to 88. To force replication, set the FORCE_MAX_FANOUT property on the net to a number less than 88.
INFO: [Physopt 32-1132] Very high fanout net 'traffic_replay_bd_i/ddr4_1/inst/u_ddr4_mem_intfc/u_ddr_mc/u_ddr_mc_ecc/rmw_rd_done_dly' is not considered as a candidate in VHFN optimzation. Its physical fanout number is changed from 688 to 87. To force replication, set the FORCE_MAX_FANOUT property on the net to a number less than 87.
INFO: [Physopt 32-1132] Very high fanout net 'traffic_replay_bd_i/ddr4_1/inst/u_ddr4_mem_intfc/u_ddr_ui/u_ddr_ui_wr_data/wdf_rdy_ns' is not considered as a candidate in VHFN optimzation. Its physical fanout number is changed from 768 to 97. To force replication, set the FORCE_MAX_FANOUT property on the net to a number less than 97.
INFO: [Physopt 32-1132] Very high fanout net 'traffic_replay_bd_i/ddr4_1/inst/u_ddr4_mem_intfc/u_ddr_ui/u_ddr_ui_wr_data/wb_wr_data_addr_w[2]' is not considered as a candidate in VHFN optimzation. Its physical fanout number is changed from 769 to 98. To force replication, set the FORCE_MAX_FANOUT property on the net to a number less than 98.
INFO: [Physopt 32-1132] Very high fanout net 'traffic_replay_bd_i/ddr4_1/inst/u_ddr4_mem_intfc/u_ddr_ui/u_ddr_ui_wr_data/wb_wr_data_addr_w[1]' is not considered as a candidate in VHFN optimzation. Its physical fanout number is changed from 769 to 98. To force replication, set the FORCE_MAX_FANOUT property on the net to a number less than 98.
INFO: [Physopt 32-1132] Very high fanout net 'traffic_replay_bd_i/ddr4_1/inst/u_ddr4_mem_intfc/u_ddr_ui/u_ddr_ui_wr_data/wb_wr_data_addr0_ns' is not considered as a candidate in VHFN optimzation. Its physical fanout number is changed from 769 to 98. To force replication, set the FORCE_MAX_FANOUT property on the net to a number less than 98.
INFO: [Physopt 32-1132] Very high fanout net 'traffic_replay_bd_i/ddr4_1/inst/u_ddr4_mem_intfc/u_ddr_ui/u_ddr_ui_wr_data/wb_wr_data_addr_w[4]' is not considered as a candidate in VHFN optimzation. Its physical fanout number is changed from 769 to 98. To force replication, set the FORCE_MAX_FANOUT property on the net to a number less than 98.
INFO: [Physopt 32-1132] Very high fanout net 'traffic_replay_bd_i/ddr4_1/inst/u_ddr4_mem_intfc/u_ddr_ui/u_ddr_ui_wr_data/wb_wr_data_addr_w[3]' is not considered as a candidate in VHFN optimzation. Its physical fanout number is changed from 769 to 98. To force replication, set the FORCE_MAX_FANOUT property on the net to a number less than 98.
INFO: [Physopt 32-1132] Very high fanout net 'traffic_replay_bd_i/ddr4_2/inst/u_ddr4_mem_intfc/u_ddr_mc/u_ddr_mc_ecc/rd_data_addr_mc2ni[0]' is not considered as a candidate in VHFN optimzation. Its physical fanout number is changed from 774 to 152. To force replication, set the FORCE_MAX_FANOUT property on the net to a number less than 152.
INFO: [Physopt 32-1132] Very high fanout net 'traffic_replay_bd_i/ddr4_2/inst/u_ddr4_mem_intfc/u_ddr_mc/u_ddr_mc_ecc/rd_data_addr_dly_reg[0]_rep_0' is not considered as a candidate in VHFN optimzation. Its physical fanout number is changed from 274 to 65. To force replication, set the FORCE_MAX_FANOUT property on the net to a number less than 65.
INFO: [Physopt 32-1132] Very high fanout net 'traffic_replay_bd_i/ddr4_2/inst/u_ddr4_mem_intfc/u_ddr_mc/u_ddr_mc_ecc/rd_data_addr_dly_reg[0]_rep__0_n_0' is not considered as a candidate in VHFN optimzation. Its physical fanout number is changed from 432 to 55. To force replication, set the FORCE_MAX_FANOUT property on the net to a number less than 55.
INFO: [Physopt 32-1132] Very high fanout net 'traffic_replay_bd_i/ddr4_2/inst/u_ddr4_mem_intfc/u_ddr_mc/u_ddr_mc_ecc/rd_data_addr_mc2ni[1]' is not considered as a candidate in VHFN optimzation. Its physical fanout number is changed from 774 to 152. To force replication, set the FORCE_MAX_FANOUT property on the net to a number less than 152.
INFO: [Physopt 32-1132] Very high fanout net 'traffic_replay_bd_i/ddr4_2/inst/u_ddr4_mem_intfc/u_ddr_mc/u_ddr_mc_ecc/rd_data_addr_dly_reg[1]_rep_0' is not considered as a candidate in VHFN optimzation. Its physical fanout number is changed from 274 to 65. To force replication, set the FORCE_MAX_FANOUT property on the net to a number less than 65.
INFO: [Physopt 32-1132] Very high fanout net 'traffic_replay_bd_i/ddr4_2/inst/u_ddr4_mem_intfc/u_ddr_mc/u_ddr_mc_ecc/rd_data_addr_dly_reg[1]_rep__0_n_0' is not considered as a candidate in VHFN optimzation. Its physical fanout number is changed from 432 to 55. To force replication, set the FORCE_MAX_FANOUT property on the net to a number less than 55.
INFO: [Physopt 32-1132] Very high fanout net 'traffic_replay_bd_i/ddr4_2/inst/u_ddr4_mem_intfc/u_ddr_mc/u_ddr_mc_ecc/rd_data_addr_mc2ni[2]' is not considered as a candidate in VHFN optimzation. Its physical fanout number is changed from 774 to 152. To force replication, set the FORCE_MAX_FANOUT property on the net to a number less than 152.
INFO: [Physopt 32-1132] Very high fanout net 'traffic_replay_bd_i/ddr4_2/inst/u_ddr4_mem_intfc/u_ddr_mc/u_ddr_mc_ecc/rd_data_addr_dly_reg[2]_rep_0' is not considered as a candidate in VHFN optimzation. Its physical fanout number is changed from 274 to 65. To force replication, set the FORCE_MAX_FANOUT property on the net to a number less than 65.
INFO: [Physopt 32-1132] Very high fanout net 'traffic_replay_bd_i/ddr4_2/inst/u_ddr4_mem_intfc/u_ddr_mc/u_ddr_mc_ecc/rd_data_addr_dly_reg[2]_rep__0_n_0' is not considered as a candidate in VHFN optimzation. Its physical fanout number is changed from 432 to 55. To force replication, set the FORCE_MAX_FANOUT property on the net to a number less than 55.
INFO: [Physopt 32-1132] Very high fanout net 'traffic_replay_bd_i/ddr4_2/inst/u_ddr4_mem_intfc/u_ddr_mc/u_ddr_mc_ecc/rd_data_addr_mc2ni[3]' is not considered as a candidate in VHFN optimzation. Its physical fanout number is changed from 292 to 90. To force replication, set the FORCE_MAX_FANOUT property on the net to a number less than 90.
INFO: [Physopt 32-1132] Very high fanout net 'traffic_replay_bd_i/ddr4_2/inst/u_ddr4_mem_intfc/u_ddr_mc/u_ddr_mc_ecc/rd_data_addr_dly_reg[3]_rep_0' is not considered as a candidate in VHFN optimzation. Its physical fanout number is changed from 303 to 94. To force replication, set the FORCE_MAX_FANOUT property on the net to a number less than 94.
INFO: [Physopt 32-1132] Very high fanout net 'traffic_replay_bd_i/ddr4_2/inst/u_ddr4_mem_intfc/u_ddr_mc/u_ddr_mc_ecc/rd_data_addr_dly_reg[3]_rep__0_0' is not considered as a candidate in VHFN optimzation. Its physical fanout number is changed from 283 to 88. To force replication, set the FORCE_MAX_FANOUT property on the net to a number less than 88.
INFO: [Physopt 32-1132] Very high fanout net 'traffic_replay_bd_i/ddr4_2/inst/u_ddr4_mem_intfc/u_ddr_mc/u_ddr_mc_ecc/rd_data_addr_dly_reg[3]_rep__1_n_0' is not considered as a candidate in VHFN optimzation. Its physical fanout number is changed from 688 to 87. To force replication, set the FORCE_MAX_FANOUT property on the net to a number less than 87.
INFO: [Physopt 32-1132] Very high fanout net 'traffic_replay_bd_i/ddr4_2/inst/u_ddr4_mem_intfc/u_ddr_mc/u_ddr_mc_ecc/rd_data_addr_mc2ni[4]' is not considered as a candidate in VHFN optimzation. Its physical fanout number is changed from 292 to 90. To force replication, set the FORCE_MAX_FANOUT property on the net to a number less than 90.
INFO: [Physopt 32-1132] Very high fanout net 'traffic_replay_bd_i/ddr4_2/inst/u_ddr4_mem_intfc/u_ddr_mc/u_ddr_mc_ecc/rd_data_addr_dly_reg[4]_rep_0' is not considered as a candidate in VHFN optimzation. Its physical fanout number is changed from 303 to 94. To force replication, set the FORCE_MAX_FANOUT property on the net to a number less than 94.
INFO: [Physopt 32-1132] Very high fanout net 'traffic_replay_bd_i/ddr4_2/inst/u_ddr4_mem_intfc/u_ddr_mc/u_ddr_mc_ecc/rd_data_addr_dly_reg[4]_rep__0_0' is not considered as a candidate in VHFN optimzation. Its physical fanout number is changed from 283 to 88. To force replication, set the FORCE_MAX_FANOUT property on the net to a number less than 88.
INFO: [Physopt 32-1132] Very high fanout net 'traffic_replay_bd_i/ddr4_2/inst/u_ddr4_mem_intfc/u_ddr_mc/u_ddr_mc_ecc/rmw_rd_done_dly' is not considered as a candidate in VHFN optimzation. Its physical fanout number is changed from 688 to 87. To force replication, set the FORCE_MAX_FANOUT property on the net to a number less than 87.
INFO: [Physopt 32-1132] Very high fanout net 'traffic_replay_bd_i/ddr4_2/inst/u_ddr4_mem_intfc/u_ddr_ui/u_ddr_ui_wr_data/wdf_rdy_ns' is not considered as a candidate in VHFN optimzation. Its physical fanout number is changed from 768 to 97. To force replication, set the FORCE_MAX_FANOUT property on the net to a number less than 97.
INFO: [Physopt 32-1132] Very high fanout net 'traffic_replay_bd_i/ddr4_2/inst/u_ddr4_mem_intfc/u_ddr_ui/u_ddr_ui_wr_data/wb_wr_data_addr_w[2]' is not considered as a candidate in VHFN optimzation. Its physical fanout number is changed from 769 to 98. To force replication, set the FORCE_MAX_FANOUT property on the net to a number less than 98.
INFO: [Physopt 32-1132] Very high fanout net 'traffic_replay_bd_i/ddr4_2/inst/u_ddr4_mem_intfc/u_ddr_ui/u_ddr_ui_wr_data/wb_wr_data_addr_w[1]' is not considered as a candidate in VHFN optimzation. Its physical fanout number is changed from 769 to 98. To force replication, set the FORCE_MAX_FANOUT property on the net to a number less than 98.
INFO: [Physopt 32-1132] Very high fanout net 'traffic_replay_bd_i/ddr4_2/inst/u_ddr4_mem_intfc/u_ddr_ui/u_ddr_ui_wr_data/wb_wr_data_addr0_ns' is not considered as a candidate in VHFN optimzation. Its physical fanout number is changed from 769 to 98. To force replication, set the FORCE_MAX_FANOUT property on the net to a number less than 98.
INFO: [Physopt 32-1132] Very high fanout net 'traffic_replay_bd_i/ddr4_2/inst/u_ddr4_mem_intfc/u_ddr_ui/u_ddr_ui_wr_data/wb_wr_data_addr_w[4]' is not considered as a candidate in VHFN optimzation. Its physical fanout number is changed from 769 to 98. To force replication, set the FORCE_MAX_FANOUT property on the net to a number less than 98.
INFO: [Physopt 32-1132] Very high fanout net 'traffic_replay_bd_i/ddr4_2/inst/u_ddr4_mem_intfc/u_ddr_ui/u_ddr_ui_wr_data/wb_wr_data_addr_w[3]' is not considered as a candidate in VHFN optimzation. Its physical fanout number is changed from 769 to 98. To force replication, set the FORCE_MAX_FANOUT property on the net to a number less than 98.
INFO: [Physopt 32-1132] Very high fanout net 'traffic_replay_bd_i/ddr4_3/inst/u_ddr4_mem_intfc/u_ddr_mc/u_ddr_mc_ecc/rd_data_addr_mc2ni[0]' is not considered as a candidate in VHFN optimzation. Its physical fanout number is changed from 774 to 152. To force replication, set the FORCE_MAX_FANOUT property on the net to a number less than 152.
INFO: [Physopt 32-1132] Very high fanout net 'traffic_replay_bd_i/ddr4_3/inst/u_ddr4_mem_intfc/u_ddr_mc/u_ddr_mc_ecc/rd_data_addr_dly_reg[0]_rep_0' is not considered as a candidate in VHFN optimzation. Its physical fanout number is changed from 274 to 65. To force replication, set the FORCE_MAX_FANOUT property on the net to a number less than 65.
INFO: [Physopt 32-1132] Very high fanout net 'traffic_replay_bd_i/ddr4_3/inst/u_ddr4_mem_intfc/u_ddr_mc/u_ddr_mc_ecc/rd_data_addr_dly_reg[0]_rep__0_n_0' is not considered as a candidate in VHFN optimzation. Its physical fanout number is changed from 432 to 55. To force replication, set the FORCE_MAX_FANOUT property on the net to a number less than 55.
INFO: [Physopt 32-1132] Very high fanout net 'traffic_replay_bd_i/ddr4_3/inst/u_ddr4_mem_intfc/u_ddr_mc/u_ddr_mc_ecc/rd_data_addr_mc2ni[1]' is not considered as a candidate in VHFN optimzation. Its physical fanout number is changed from 774 to 152. To force replication, set the FORCE_MAX_FANOUT property on the net to a number less than 152.
INFO: [Physopt 32-1132] Very high fanout net 'traffic_replay_bd_i/ddr4_3/inst/u_ddr4_mem_intfc/u_ddr_mc/u_ddr_mc_ecc/rd_data_addr_dly_reg[1]_rep_0' is not considered as a candidate in VHFN optimzation. Its physical fanout number is changed from 274 to 65. To force replication, set the FORCE_MAX_FANOUT property on the net to a number less than 65.
INFO: [Physopt 32-1132] Very high fanout net 'traffic_replay_bd_i/ddr4_3/inst/u_ddr4_mem_intfc/u_ddr_mc/u_ddr_mc_ecc/rd_data_addr_dly_reg[1]_rep__0_n_0' is not considered as a candidate in VHFN optimzation. Its physical fanout number is changed from 432 to 55. To force replication, set the FORCE_MAX_FANOUT property on the net to a number less than 55.
INFO: [Physopt 32-1132] Very high fanout net 'traffic_replay_bd_i/ddr4_3/inst/u_ddr4_mem_intfc/u_ddr_mc/u_ddr_mc_ecc/rd_data_addr_mc2ni[2]' is not considered as a candidate in VHFN optimzation. Its physical fanout number is changed from 774 to 152. To force replication, set the FORCE_MAX_FANOUT property on the net to a number less than 152.
INFO: [Physopt 32-1132] Very high fanout net 'traffic_replay_bd_i/ddr4_3/inst/u_ddr4_mem_intfc/u_ddr_mc/u_ddr_mc_ecc/rd_data_addr_dly_reg[2]_rep_0' is not considered as a candidate in VHFN optimzation. Its physical fanout number is changed from 274 to 65. To force replication, set the FORCE_MAX_FANOUT property on the net to a number less than 65.
INFO: [Physopt 32-1132] Very high fanout net 'traffic_replay_bd_i/ddr4_3/inst/u_ddr4_mem_intfc/u_ddr_mc/u_ddr_mc_ecc/rd_data_addr_dly_reg[2]_rep__0_n_0' is not considered as a candidate in VHFN optimzation. Its physical fanout number is changed from 432 to 55. To force replication, set the FORCE_MAX_FANOUT property on the net to a number less than 55.
INFO: [Physopt 32-1132] Very high fanout net 'traffic_replay_bd_i/ddr4_3/inst/u_ddr4_mem_intfc/u_ddr_mc/u_ddr_mc_ecc/rd_data_addr_mc2ni[3]' is not considered as a candidate in VHFN optimzation. Its physical fanout number is changed from 292 to 90. To force replication, set the FORCE_MAX_FANOUT property on the net to a number less than 90.
INFO: [Physopt 32-1132] Very high fanout net 'traffic_replay_bd_i/ddr4_3/inst/u_ddr4_mem_intfc/u_ddr_mc/u_ddr_mc_ecc/rd_data_addr_dly_reg[3]_rep_0' is not considered as a candidate in VHFN optimzation. Its physical fanout number is changed from 303 to 94. To force replication, set the FORCE_MAX_FANOUT property on the net to a number less than 94.
INFO: [Physopt 32-1132] Very high fanout net 'traffic_replay_bd_i/ddr4_3/inst/u_ddr4_mem_intfc/u_ddr_mc/u_ddr_mc_ecc/rd_data_addr_dly_reg[3]_rep__0_0' is not considered as a candidate in VHFN optimzation. Its physical fanout number is changed from 283 to 88. To force replication, set the FORCE_MAX_FANOUT property on the net to a number less than 88.
INFO: [Physopt 32-1132] Very high fanout net 'traffic_replay_bd_i/ddr4_3/inst/u_ddr4_mem_intfc/u_ddr_mc/u_ddr_mc_ecc/rd_data_addr_dly_reg[3]_rep__1_n_0' is not considered as a candidate in VHFN optimzation. Its physical fanout number is changed from 688 to 87. To force replication, set the FORCE_MAX_FANOUT property on the net to a number less than 87.
INFO: [Physopt 32-1132] Very high fanout net 'traffic_replay_bd_i/ddr4_3/inst/u_ddr4_mem_intfc/u_ddr_mc/u_ddr_mc_ecc/rd_data_addr_mc2ni[4]' is not considered as a candidate in VHFN optimzation. Its physical fanout number is changed from 292 to 90. To force replication, set the FORCE_MAX_FANOUT property on the net to a number less than 90.
INFO: [Physopt 32-1132] Very high fanout net 'traffic_replay_bd_i/ddr4_3/inst/u_ddr4_mem_intfc/u_ddr_mc/u_ddr_mc_ecc/rd_data_addr_dly_reg[4]_rep_0' is not considered as a candidate in VHFN optimzation. Its physical fanout number is changed from 303 to 94. To force replication, set the FORCE_MAX_FANOUT property on the net to a number less than 94.
INFO: [Physopt 32-1132] Very high fanout net 'traffic_replay_bd_i/ddr4_3/inst/u_ddr4_mem_intfc/u_ddr_mc/u_ddr_mc_ecc/rd_data_addr_dly_reg[4]_rep__0_0' is not considered as a candidate in VHFN optimzation. Its physical fanout number is changed from 283 to 88. To force replication, set the FORCE_MAX_FANOUT property on the net to a number less than 88.
INFO: [Physopt 32-1132] Very high fanout net 'traffic_replay_bd_i/ddr4_3/inst/u_ddr4_mem_intfc/u_ddr_mc/u_ddr_mc_ecc/rmw_rd_done_dly' is not considered as a candidate in VHFN optimzation. Its physical fanout number is changed from 688 to 87. To force replication, set the FORCE_MAX_FANOUT property on the net to a number less than 87.
INFO: [Physopt 32-1132] Very high fanout net 'traffic_replay_bd_i/ddr4_3/inst/u_ddr4_mem_intfc/u_ddr_ui/u_ddr_ui_wr_data/wdf_rdy_ns' is not considered as a candidate in VHFN optimzation. Its physical fanout number is changed from 768 to 97. To force replication, set the FORCE_MAX_FANOUT property on the net to a number less than 97.
INFO: [Physopt 32-1132] Very high fanout net 'traffic_replay_bd_i/ddr4_3/inst/u_ddr4_mem_intfc/u_ddr_ui/u_ddr_ui_wr_data/wb_wr_data_addr_w[2]' is not considered as a candidate in VHFN optimzation. Its physical fanout number is changed from 769 to 98. To force replication, set the FORCE_MAX_FANOUT property on the net to a number less than 98.
INFO: [Physopt 32-1132] Very high fanout net 'traffic_replay_bd_i/ddr4_3/inst/u_ddr4_mem_intfc/u_ddr_ui/u_ddr_ui_wr_data/wb_wr_data_addr_w[1]' is not considered as a candidate in VHFN optimzation. Its physical fanout number is changed from 769 to 98. To force replication, set the FORCE_MAX_FANOUT property on the net to a number less than 98.
INFO: [Physopt 32-1132] Very high fanout net 'traffic_replay_bd_i/ddr4_3/inst/u_ddr4_mem_intfc/u_ddr_ui/u_ddr_ui_wr_data/wb_wr_data_addr0_ns' is not considered as a candidate in VHFN optimzation. Its physical fanout number is changed from 769 to 98. To force replication, set the FORCE_MAX_FANOUT property on the net to a number less than 98.
INFO: [Physopt 32-1132] Very high fanout net 'traffic_replay_bd_i/ddr4_3/inst/u_ddr4_mem_intfc/u_ddr_ui/u_ddr_ui_wr_data/wb_wr_data_addr_w[4]' is not considered as a candidate in VHFN optimzation. Its physical fanout number is changed from 769 to 98. To force replication, set the FORCE_MAX_FANOUT property on the net to a number less than 98.
INFO: [Physopt 32-1132] Very high fanout net 'traffic_replay_bd_i/ddr4_3/inst/u_ddr4_mem_intfc/u_ddr_ui/u_ddr_ui_wr_data/wb_wr_data_addr_w[3]' is not considered as a candidate in VHFN optimzation. Its physical fanout number is changed from 769 to 98. To force replication, set the FORCE_MAX_FANOUT property on the net to a number less than 98.
INFO: [Physopt 32-1132] Very high fanout net 'traffic_replay_bd_i/ddr_bank1_cc/inst/gen_clock_conv.gen_async_conv.asyncfifo_axi/inst_fifo_gen/gaxi_full_lite.gread_ch.grdch2.axi_rdch/grf.rf/gntv_or_sync_fifo.gl0.wr/gwas.wsts/E[0]' is not considered as a candidate in VHFN optimzation. Its physical fanout number is changed from 604 to 50. To force replication, set the FORCE_MAX_FANOUT property on the net to a number less than 50.
INFO: [Physopt 32-1132] Very high fanout net 'traffic_replay_bd_i/ddr_bank1_cc/inst/gen_clock_conv.gen_async_conv.asyncfifo_axi/inst_fifo_gen/gaxi_full_lite.gread_ch.grdch2.axi_rdch/grf.rf/gntv_or_sync_fifo.gl0.wr/wpntr/gic0.gc0.count_d2_reg[3]_0[0]' is not considered as a candidate in VHFN optimzation. Its physical fanout number is changed from 593 to 39. To force replication, set the FORCE_MAX_FANOUT property on the net to a number less than 39.
INFO: [Physopt 32-1132] Very high fanout net 'traffic_replay_bd_i/ddr_bank1_cc/inst/gen_clock_conv.gen_async_conv.asyncfifo_axi/inst_fifo_gen/gaxi_full_lite.gread_ch.grdch2.axi_rdch/grf.rf/gntv_or_sync_fifo.gl0.wr/wpntr/gic0.gc0.count_d2_reg[3]_0[1]' is not considered as a candidate in VHFN optimzation. Its physical fanout number is changed from 594 to 40. To force replication, set the FORCE_MAX_FANOUT property on the net to a number less than 40.
INFO: [Physopt 32-1132] Very high fanout net 'traffic_replay_bd_i/ddr_bank1_cc/inst/gen_clock_conv.gen_async_conv.asyncfifo_axi/inst_fifo_gen/gaxi_full_lite.gread_ch.grdch2.axi_rdch/grf.rf/gntv_or_sync_fifo.gl0.wr/wpntr/gic0.gc0.count_d2_reg[3]_0[2]' is not considered as a candidate in VHFN optimzation. Its physical fanout number is changed from 594 to 40. To force replication, set the FORCE_MAX_FANOUT property on the net to a number less than 40.
INFO: [Physopt 32-1132] Very high fanout net 'traffic_replay_bd_i/ddr_bank1_cc/inst/gen_clock_conv.gen_async_conv.asyncfifo_axi/inst_fifo_gen/gaxi_full_lite.gread_ch.grdch2.axi_rdch/grf.rf/gntv_or_sync_fifo.gl0.wr/wpntr/gic0.gc0.count_d2_reg[3]_0[3]' is not considered as a candidate in VHFN optimzation. Its physical fanout number is changed from 594 to 40. To force replication, set the FORCE_MAX_FANOUT property on the net to a number less than 40.
INFO: [Physopt 32-1132] Very high fanout net 'traffic_replay_bd_i/ddr_bank1_cc/inst/gen_clock_conv.gen_async_conv.asyncfifo_axi/inst_fifo_gen/gaxi_full_lite.gwrite_ch.gwdch2.axi_wdch/grf.rf/gntv_or_sync_fifo.gl0.wr/gwas.wsts/E[0]' is not considered as a candidate in VHFN optimzation. Its physical fanout number is changed from 684 to 55. To force replication, set the FORCE_MAX_FANOUT property on the net to a number less than 55.
INFO: [Physopt 32-1132] Very high fanout net 'traffic_replay_bd_i/ddr_bank1_cc/inst/gen_clock_conv.gen_async_conv.asyncfifo_axi/inst_fifo_gen/gaxi_full_lite.gwrite_ch.gwdch2.axi_wdch/grf.rf/gntv_or_sync_fifo.gl0.wr/wpntr/gic0.gc0.count_d2_reg[3]_0[0]' is not considered as a candidate in VHFN optimzation. Its physical fanout number is changed from 673 to 44. To force replication, set the FORCE_MAX_FANOUT property on the net to a number less than 44.
INFO: [Physopt 32-1132] Very high fanout net 'traffic_replay_bd_i/ddr_bank1_cc/inst/gen_clock_conv.gen_async_conv.asyncfifo_axi/inst_fifo_gen/gaxi_full_lite.gwrite_ch.gwdch2.axi_wdch/grf.rf/gntv_or_sync_fifo.gl0.wr/wpntr/gic0.gc0.count_d2_reg[3]_0[1]' is not considered as a candidate in VHFN optimzation. Its physical fanout number is changed from 674 to 45. To force replication, set the FORCE_MAX_FANOUT property on the net to a number less than 45.
INFO: [Common 17-14] Message 'Physopt 32-1132' appears 100 times and further instances of the messages will be disabled. Use the Tcl command set_msg_config to change the current settings.
INFO: [Physopt 32-76] Pass 1. Identified 100 candidate nets for fanout optimization.
INFO: [Physopt 32-81] Processed net traffic_replay_bd_i/replay_core_0/inst/core_i/ddr_reader_i/desc_rd_ptr_reg[0]. Replicated 3 times.
INFO: [Physopt 32-81] Processed net traffic_replay_bd_i/replay_core_0/inst/core_i/ddr_reader_i/desc_rd_ptr_reg[5]. Replicated 2 times.
INFO: [Physopt 32-81] Processed net traffic_replay_bd_i/replay_core_1/inst/core_i/ddr_reader_i/desc_rd_ptr_reg[1]. Replicated 2 times.
INFO: [Physopt 32-81] Processed net traffic_replay_bd_i/replay_core_1/inst/core_i/ddr_reader_i/desc_rd_ptr_reg[0]. Replicated 3 times.
INFO: [Physopt 32-81] Processed net traffic_replay_bd_i/replay_core_0/inst/core_i/ddr_reader_i/payload_fifo_i/out_valid_reg_reg_rep__2_1[0]. Replicated 2 times.
INFO: [Physopt 32-81] Processed net traffic_replay_bd_i/replay_core_0/inst/core_i/ddr_reader_i/desc_rd_ptr_reg[1]. Replicated 3 times.
INFO: [Common 17-14] Message 'Physopt 32-81' appears 100 times and further instances of the messages will be disabled. Use the Tcl command set_msg_config to change the current settings.
INFO: [Physopt 32-572] Net traffic_replay_bd_i/ddr_smc_3/inst/s00_entry_pipeline/s00_si_converter/inst/converter.wrap_narrow_inst/w_payld_fifo/gen_srls[128].srl_nx1/s_ready_i_reg was not replicated.
Resolution: phys_opt_design can be forced to replicate a net driver using the option -force_replication_on_nets <list of net objects>.
INFO: [Physopt 32-572] Net traffic_replay_bd_i/replay_core_0/inst/core_i/ddr_reader_i/payload_fifo_i/out_pop was not replicated.
Resolution: phys_opt_design can be forced to replicate a net driver using the option -force_replication_on_nets <list of net objects>.
INFO: [Physopt 32-572] Net traffic_replay_bd_i/replay_core_0/inst/core_i/regs_i/s_axis_tready_q was not replicated.
Resolution: phys_opt_design can be forced to replicate a net driver using the option -force_replication_on_nets <list of net objects>.
INFO: [Physopt 32-572] Net traffic_replay_bd_i/host_smc/inst/m01_exit_pipeline/m01_exit/inst/w_reg/m_vector_i was not replicated.
Resolution: phys_opt_design can be forced to replicate a net driver using the option -force_replication_on_nets <list of net objects>.
INFO: [Physopt 32-572] Net traffic_replay_bd_i/ddr_smc_3/inst/s00_entry_pipeline/s00_mmu/inst/w_sreg/m_vector_i was not replicated.
Resolution: phys_opt_design can be forced to replicate a net driver using the option -force_replication_on_nets <list of net objects>.
INFO: [Physopt 32-572] Net traffic_replay_bd_i/replay_core_0/inst/core_i/ddr_reader_i/payload_fifo_i/axi_cmd_head_valid_reg[0] was not replicated.
Resolution: phys_opt_design can be forced to replicate a net driver using the option -force_replication_on_nets <list of net objects>.
INFO: [Physopt 32-572] Net traffic_replay_bd_i/ddr_smc_2/inst/s00_entry_pipeline/s00_mmu/inst/w_sreg/m_vector_i_reg[2112]_0[0] was not replicated.
Resolution: phys_opt_design can be forced to replicate a net driver using the option -force_replication_on_nets <list of net objects>.
INFO: [Physopt 32-572] Net traffic_replay_bd_i/xdma_0/inst/udma_wrapper/dma_top/axi4mm_bridge_top_inst/axi4mm_axi_mm_master_top_inst/axi4mm_axi_str_masterbr_rdtlp_inst/save_4dw_chunk_ff[0] was not replicated.
Resolution: phys_opt_design can be forced to replicate a net driver using the option -force_replication_on_nets <list of net objects>.
INFO: [Physopt 32-572] Net traffic_replay_bd_i/ddr4_2/inst/u_ddr4_mem_intfc/u_ddr_mc/bgr[3].u_ddr_mc_group/rst_r1 was not replicated.
Resolution: phys_opt_design can be forced to replicate a net driver using the option -force_replication_on_nets <list of net objects>.
INFO: [Physopt 32-572] Net traffic_replay_bd_i/ddr_smc_2/inst/m00_exit_pipeline/m00_exit/inst/w_reg/skid2vector_q was not replicated.
Resolution: phys_opt_design can be forced to replicate a net driver using the option -force_replication_on_nets <list of net objects>.
INFO: [Physopt 32-572] Net traffic_replay_bd_i/ddr_smc_1/inst/s00_entry_pipeline/s00_si_converter/inst/converter.wrap_narrow_inst/gen_thread_loop[0].r_unshelve_reg_n_0_[0] was not replicated.
Resolution: phys_opt_design can be forced to replicate a net driver using the option -force_replication_on_nets <list of net objects>.
INFO: [Physopt 32-572] Net traffic_replay_bd_i/ddr_smc_1/inst/s01_entry_pipeline/s01_si_converter/inst/converter.wrap_narrow_inst/gen_thread_loop[0].r_unshelve_reg_n_0_[0] was not replicated.
Resolution: phys_opt_design can be forced to replicate a net driver using the option -force_replication_on_nets <list of net objects>.
INFO: [Physopt 32-232] Optimized 76 nets. Created 128 new instances.
INFO: [Physopt 32-775] End 1 Pass. Optimized 76 nets or cells. Created 128 new cells, deleted 0 existing cell and moved 0 existing cell
INFO: [Physopt 32-619] Estimated Timing Summary | WNS=-0.040 | TNS=-0.040 |
Netlist sorting complete. Time (s): cpu = 00:00:01 ; elapsed = 00:00:01 . Memory (MB): peak = 11615.543 ; gain = 0.000 ; free physical = 72339 ; free virtual = 95589
Phase 28 Very High Fanout Optimization | Checksum: 154d3ac16

Time (s): cpu = 00:08:36 ; elapsed = 00:08:44 . Memory (MB): peak = 11615.543 ; gain = 0.000 ; free physical = 72339 ; free virtual = 95589

Phase 29 Single Cell Placement Optimization
INFO: [Physopt 32-660] Identified 250 candidate nets for placement-based optimization.
INFO: [Physopt 32-662] Processed net traffic_replay_bd_i/rx_cap_1/inst/core_i/s_axil_rdata[31]_i_7_n_0_repN_1.  Did not re-place instance traffic_replay_bd_i/rx_cap_1/inst/core_i/s_axil_rdata[31]_i_7_replica
INFO: [Physopt 32-662] Processed net traffic_replay_bd_i/rx_cap_1/inst/core_i/s_axil_rdata[31]_i_18_n_0.  Did not re-place instance traffic_replay_bd_i/rx_cap_1/inst/core_i/s_axil_rdata[31]_i_18_rewire
INFO: [Physopt 32-662] Processed net traffic_replay_bd_i/ctrl_rx1_cc/inst/gen_clock_conv.gen_async_lite_conv.clock_conv_lite_fwd_ar/handshake/dest_hsdata_ff[12].  Did not re-place instance traffic_replay_bd_i/ctrl_rx1_cc/inst/gen_clock_conv.gen_async_lite_conv.clock_conv_lite_fwd_ar/handshake/dest_hsdata_ff_reg[12]
INFO: [Physopt 32-662] Processed net traffic_replay_bd_i/rx_cap_1/inst/core_i/s_axil_rdata[31]_i_2_n_0.  Did not re-place instance traffic_replay_bd_i/rx_cap_1/inst/core_i/s_axil_rdata[31]_i_2
INFO: [Physopt 32-662] Processed net traffic_replay_bd_i/rx_cap_1/inst/core_i/s_axil_rdata[31].  Did not re-place instance traffic_replay_bd_i/rx_cap_1/inst/core_i/s_axil_rdata_reg[31]
INFO: [Physopt 32-662] Processed net traffic_replay_bd_i/ctrl_rx1_cc/inst/gen_clock_conv.gen_async_lite_conv.clock_conv_lite_fwd_ar/handshake/dest_hsdata_ff[9].  Did not re-place instance traffic_replay_bd_i/ctrl_rx1_cc/inst/gen_clock_conv.gen_async_lite_conv.clock_conv_lite_fwd_ar/handshake/dest_hsdata_ff_reg[9]
INFO: [Physopt 32-662] Processed net traffic_replay_bd_i/ctrl_rx1_cc/inst/gen_clock_conv.gen_async_lite_conv.clock_conv_lite_fwd_ar/handshake/dest_hsdata_ff[15].  Did not re-place instance traffic_replay_bd_i/ctrl_rx1_cc/inst/gen_clock_conv.gen_async_lite_conv.clock_conv_lite_fwd_ar/handshake/dest_hsdata_ff_reg[15]
INFO: [Physopt 32-662] Processed net traffic_replay_bd_i/rx_cap_1/inst/core_i/s_axil_rdata[31]_i_7_n_0.  Did not re-place instance traffic_replay_bd_i/rx_cap_1/inst/core_i/s_axil_rdata[31]_i_7_rewire
INFO: [Physopt 32-662] Processed net traffic_replay_bd_i/rx_cap_1/inst/core_i/s_axil_rdata[11]_i_1_n_0.  Did not re-place instance traffic_replay_bd_i/rx_cap_1/inst/core_i/s_axil_rdata[11]_i_1
INFO: [Physopt 32-662] Processed net traffic_replay_bd_i/rx_cap_1/inst/core_i/s_axil_rdata[11].  Did not re-place instance traffic_replay_bd_i/rx_cap_1/inst/core_i/s_axil_rdata_reg[11]
INFO: [Physopt 32-662] Processed net traffic_replay_bd_i/rx_cap_1/inst/core_i/gap_sample_rd_index_q_reg[2]_rep__17_n_0.  Did not re-place instance traffic_replay_bd_i/rx_cap_1/inst/core_i/gap_sample_rd_index_q_reg[2]_rep__17
INFO: [Physopt 32-662] Processed net traffic_replay_bd_i/rx_cap_1/inst/core_i/s_axil_rdata[29].  Did not re-place instance traffic_replay_bd_i/rx_cap_1/inst/core_i/s_axil_rdata_reg[29]
INFO: [Physopt 32-662] Processed net traffic_replay_bd_i/rx_cap_1/inst/core_i/s_axil_rdata[29]_i_1_n_0.  Did not re-place instance traffic_replay_bd_i/rx_cap_1/inst/core_i/s_axil_rdata[29]_i_1
INFO: [Physopt 32-662] Processed net traffic_replay_bd_i/rx_cap_1/inst/core_i/s_axil_rdata[29]_i_20_n_0.  Did not re-place instance traffic_replay_bd_i/rx_cap_1/inst/core_i/s_axil_rdata[29]_i_20
INFO: [Physopt 32-662] Processed net traffic_replay_bd_i/rx_cap_1/inst/core_i/s_axil_rdata[29]_i_29_n_0.  Did not re-place instance traffic_replay_bd_i/rx_cap_1/inst/core_i/s_axil_rdata[29]_i_29
INFO: [Physopt 32-662] Processed net traffic_replay_bd_i/rx_cap_1/inst/core_i/s_axil_rdata[29]_i_2_n_0.  Did not re-place instance traffic_replay_bd_i/rx_cap_1/inst/core_i/s_axil_rdata[29]_i_2
INFO: [Physopt 32-662] Processed net traffic_replay_bd_i/rx_cap_1/inst/core_i/s_axil_rdata[29]_i_59_n_0.  Did not re-place instance traffic_replay_bd_i/rx_cap_1/inst/core_i/s_axil_rdata[29]_i_59
INFO: [Physopt 32-662] Processed net traffic_replay_bd_i/ctrl_rx1_cc/inst/gen_clock_conv.gen_async_lite_conv.clock_conv_lite_fwd_ar/handshake/xpm_cdc_single_src2dest_inst/syncstages_ff[2].  Did not re-place instance traffic_replay_bd_i/ctrl_rx1_cc/inst/gen_clock_conv.gen_async_lite_conv.clock_conv_lite_fwd_ar/handshake/xpm_cdc_single_src2dest_inst/syncstages_ff_reg[2]
INFO: [Physopt 32-662] Processed net traffic_replay_bd_i/ctrl_rx1_cc/inst/gen_clock_conv.gen_async_lite_conv.clock_conv_lite_fwd_ar/handshake/dest_hsdata_en_repN.  Did not re-place instance traffic_replay_bd_i/ctrl_rx1_cc/inst/gen_clock_conv.gen_async_lite_conv.clock_conv_lite_fwd_ar/handshake/dest_hsdata_en_inferred_i_1_replica
INFO: [Physopt 32-662] Processed net traffic_replay_bd_i/ctrl_rx1_cc/inst/gen_clock_conv.gen_async_lite_conv.clock_conv_lite_fwd_ar/handshake/dest_hsdata_ff[6].  Did not re-place instance traffic_replay_bd_i/ctrl_rx1_cc/inst/gen_clock_conv.gen_async_lite_conv.clock_conv_lite_fwd_ar/handshake/dest_hsdata_ff_reg[6]
INFO: [Physopt 32-662] Processed net traffic_replay_bd_i/rx_cap_1/inst/core_i/s_axil_rdata[29]_i_61_n_0.  Did not re-place instance traffic_replay_bd_i/rx_cap_1/inst/core_i/s_axil_rdata[29]_i_61
INFO: [Physopt 32-662] Processed net traffic_replay_bd_i/rx_cap_1/inst/core_i/s_axil_rdata[14]_i_1_n_0.  Did not re-place instance traffic_replay_bd_i/rx_cap_1/inst/core_i/s_axil_rdata[14]_i_1
INFO: [Physopt 32-662] Processed net traffic_replay_bd_i/rx_cap_1/inst/core_i/s_axil_rdata[14].  Did not re-place instance traffic_replay_bd_i/rx_cap_1/inst/core_i/s_axil_rdata_reg[14]
INFO: [Physopt 32-662] Processed net traffic_replay_bd_i/rx_cap_1/inst/core_i/s_axil_rdata[25]_i_15_n_0.  Did not re-place instance traffic_replay_bd_i/rx_cap_1/inst/core_i/s_axil_rdata[25]_i_15
INFO: [Physopt 32-662] Processed net traffic_replay_bd_i/rx_cap_1/inst/core_i/s_axil_rdata[25]_i_1_n_0.  Did not re-place instance traffic_replay_bd_i/rx_cap_1/inst/core_i/s_axil_rdata[25]_i_1
INFO: [Physopt 32-662] Processed net traffic_replay_bd_i/rx_cap_1/inst/core_i/s_axil_rdata[25]_i_2_n_0.  Did not re-place instance traffic_replay_bd_i/rx_cap_1/inst/core_i/s_axil_rdata[25]_i_2
INFO: [Physopt 32-662] Processed net traffic_replay_bd_i/rx_cap_1/inst/core_i/s_axil_rdata[25]_i_30_n_0.  Did not re-place instance traffic_replay_bd_i/rx_cap_1/inst/core_i/s_axil_rdata[25]_i_30
INFO: [Physopt 32-662] Processed net traffic_replay_bd_i/rx_cap_1/inst/core_i/s_axil_rdata[25]_i_73_n_0.  Did not re-place instance traffic_replay_bd_i/rx_cap_1/inst/core_i/s_axil_rdata[25]_i_73
INFO: [Physopt 32-662] Processed net traffic_replay_bd_i/rx_cap_1/inst/core_i/s_axil_rdata[25].  Did not re-place instance traffic_replay_bd_i/rx_cap_1/inst/core_i/s_axil_rdata_reg[25]
INFO: [Physopt 32-662] Processed net traffic_replay_bd_i/ctrl_rx1_cc/inst/gen_clock_conv.gen_async_lite_conv.clock_conv_lite_fwd_ar/handshake/dest_req.  Did not re-place instance traffic_replay_bd_i/ctrl_rx1_cc/inst/gen_clock_conv.gen_async_lite_conv.clock_conv_lite_fwd_ar/handshake/dest_req_ff_reg
INFO: [Physopt 32-662] Processed net traffic_replay_bd_i/rx_cap_1/inst/core_i/s_axil_rdata[10]_i_12_n_0.  Did not re-place instance traffic_replay_bd_i/rx_cap_1/inst/core_i/s_axil_rdata[10]_i_12
INFO: [Physopt 32-662] Processed net traffic_replay_bd_i/rx_cap_1/inst/core_i/s_axil_rdata[10]_i_1_n_0.  Did not re-place instance traffic_replay_bd_i/rx_cap_1/inst/core_i/s_axil_rdata[10]_i_1
INFO: [Physopt 32-662] Processed net traffic_replay_bd_i/rx_cap_1/inst/core_i/s_axil_rdata[10]_i_2_n_0.  Did not re-place instance traffic_replay_bd_i/rx_cap_1/inst/core_i/s_axil_rdata[10]_i_2
INFO: [Physopt 32-662] Processed net traffic_replay_bd_i/rx_cap_1/inst/core_i/s_axil_rdata[10]_i_6_n_0.  Did not re-place instance traffic_replay_bd_i/rx_cap_1/inst/core_i/s_axil_rdata[10]_i_6
INFO: [Physopt 32-662] Processed net traffic_replay_bd_i/rx_cap_1/inst/core_i/s_axil_rdata[10]_i_73_n_0.  Did not re-place instance traffic_replay_bd_i/rx_cap_1/inst/core_i/s_axil_rdata[10]_i_73
INFO: [Physopt 32-662] Processed net traffic_replay_bd_i/rx_cap_1/inst/core_i/s_axil_rdata[25]_i_74_n_0.  Did not re-place instance traffic_replay_bd_i/rx_cap_1/inst/core_i/s_axil_rdata[25]_i_74
INFO: [Physopt 32-662] Processed net traffic_replay_bd_i/rx_cap_1/inst/core_i/s_axil_rdata[28]_i_15_n_0.  Did not re-place instance traffic_replay_bd_i/rx_cap_1/inst/core_i/s_axil_rdata[28]_i_15
INFO: [Physopt 32-662] Processed net traffic_replay_bd_i/rx_cap_1/inst/core_i/s_axil_rdata[28]_i_1_n_0.  Did not re-place instance traffic_replay_bd_i/rx_cap_1/inst/core_i/s_axil_rdata[28]_i_1
INFO: [Physopt 32-662] Processed net traffic_replay_bd_i/rx_cap_1/inst/core_i/s_axil_rdata[28]_i_2_n_0.  Did not re-place instance traffic_replay_bd_i/rx_cap_1/inst/core_i/s_axil_rdata[28]_i_2
INFO: [Physopt 32-662] Processed net traffic_replay_bd_i/rx_cap_1/inst/core_i/s_axil_rdata[28]_i_30_n_0.  Did not re-place instance traffic_replay_bd_i/rx_cap_1/inst/core_i/s_axil_rdata[28]_i_30
INFO: [Physopt 32-662] Processed net traffic_replay_bd_i/rx_cap_1/inst/core_i/s_axil_rdata[28]_i_69_n_0.  Did not re-place instance traffic_replay_bd_i/rx_cap_1/inst/core_i/s_axil_rdata[28]_i_69
INFO: [Physopt 32-662] Processed net traffic_replay_bd_i/rx_cap_1/inst/core_i/s_axil_rdata[10].  Did not re-place instance traffic_replay_bd_i/rx_cap_1/inst/core_i/s_axil_rdata_reg[10]
INFO: [Physopt 32-662] Processed net traffic_replay_bd_i/rx_cap_1/inst/core_i/s_axil_rdata[28].  Did not re-place instance traffic_replay_bd_i/rx_cap_1/inst/core_i/s_axil_rdata_reg[28]
INFO: [Physopt 32-662] Processed net traffic_replay_bd_i/rx_cap_1/inst/core_i/gap_sample_rd_index_q_reg[1]_rep__1_n_0.  Did not re-place instance traffic_replay_bd_i/rx_cap_1/inst/core_i/gap_sample_rd_index_q_reg[1]_rep__1
INFO: [Physopt 32-662] Processed net traffic_replay_bd_i/rx_cap_1/inst/core_i/data35[10].  Did not re-place instance traffic_replay_bd_i/rx_cap_1/inst/core_i/s_axil_rdata[10]_i_11
INFO: [Physopt 32-662] Processed net traffic_replay_bd_i/rx_cap_1/inst/core_i/s_axil_rdata[0]_i_12_n_0.  Did not re-place instance traffic_replay_bd_i/rx_cap_1/inst/core_i/s_axil_rdata[0]_i_12
INFO: [Physopt 32-662] Processed net traffic_replay_bd_i/rx_cap_1/inst/core_i/s_axil_rdata[0]_i_1_n_0.  Did not re-place instance traffic_replay_bd_i/rx_cap_1/inst/core_i/s_axil_rdata[0]_i_1
INFO: [Physopt 32-662] Processed net traffic_replay_bd_i/rx_cap_1/inst/core_i/s_axil_rdata[0]_i_2_n_0.  Did not re-place instance traffic_replay_bd_i/rx_cap_1/inst/core_i/s_axil_rdata[0]_i_2
INFO: [Physopt 32-662] Processed net traffic_replay_bd_i/rx_cap_1/inst/core_i/s_axil_rdata[0]_i_62_n_0.  Did not re-place instance traffic_replay_bd_i/rx_cap_1/inst/core_i/s_axil_rdata[0]_i_62
INFO: [Physopt 32-662] Processed net traffic_replay_bd_i/rx_cap_1/inst/core_i/s_axil_rdata[0]_i_6_n_0.  Did not re-place instance traffic_replay_bd_i/rx_cap_1/inst/core_i/s_axil_rdata[0]_i_6
INFO: [Physopt 32-662] Processed net traffic_replay_bd_i/rx_cap_1/inst/core_i/s_axil_rdata[10]_i_44_n_0.  Did not re-place instance traffic_replay_bd_i/rx_cap_1/inst/core_i/s_axil_rdata[10]_i_44
INFO: [Physopt 32-662] Processed net traffic_replay_bd_i/rx_cap_1/inst/core_i/s_axil_rdata[10]_i_4_n_0.  Did not re-place instance traffic_replay_bd_i/rx_cap_1/inst/core_i/s_axil_rdata[10]_i_4
INFO: [Physopt 32-662] Processed net traffic_replay_bd_i/rx_cap_1/inst/core_i/s_axil_rdata[23]_i_15_n_0.  Did not re-place instance traffic_replay_bd_i/rx_cap_1/inst/core_i/s_axil_rdata[23]_i_15
INFO: [Physopt 32-662] Processed net traffic_replay_bd_i/rx_cap_1/inst/core_i/s_axil_rdata[23]_i_1_n_0.  Did not re-place instance traffic_replay_bd_i/rx_cap_1/inst/core_i/s_axil_rdata[23]_i_1
INFO: [Physopt 32-662] Processed net traffic_replay_bd_i/rx_cap_1/inst/core_i/s_axil_rdata[23]_i_2_n_0.  Did not re-place instance traffic_replay_bd_i/rx_cap_1/inst/core_i/s_axil_rdata[23]_i_2
INFO: [Physopt 32-662] Processed net traffic_replay_bd_i/rx_cap_1/inst/core_i/s_axil_rdata[23]_i_30_n_0.  Did not re-place instance traffic_replay_bd_i/rx_cap_1/inst/core_i/s_axil_rdata[23]_i_30
INFO: [Physopt 32-662] Processed net traffic_replay_bd_i/rx_cap_1/inst/core_i/s_axil_rdata[23]_i_72_n_0.  Did not re-place instance traffic_replay_bd_i/rx_cap_1/inst/core_i/s_axil_rdata[23]_i_72
INFO: [Physopt 32-662] Processed net traffic_replay_bd_i/rx_cap_1/inst/core_i/s_axil_rdata[0].  Did not re-place instance traffic_replay_bd_i/rx_cap_1/inst/core_i/s_axil_rdata_reg[0]
INFO: [Physopt 32-662] Processed net traffic_replay_bd_i/rx_cap_1/inst/core_i/s_axil_rdata[23].  Did not re-place instance traffic_replay_bd_i/rx_cap_1/inst/core_i/s_axil_rdata_reg[23]
INFO: [Physopt 32-662] Processed net traffic_replay_bd_i/rx_cap_1/inst/core_i/data35[11].  Did not re-place instance traffic_replay_bd_i/rx_cap_1/inst/core_i/s_axil_rdata[11]_i_11
INFO: [Physopt 32-662] Processed net traffic_replay_bd_i/rx_cap_1/inst/core_i/s_axil_rdata[11]_i_2_n_0.  Did not re-place instance traffic_replay_bd_i/rx_cap_1/inst/core_i/s_axil_rdata[11]_i_2
INFO: [Physopt 32-662] Processed net traffic_replay_bd_i/rx_cap_1/inst/core_i/s_axil_rdata[11]_i_4_n_0.  Did not re-place instance traffic_replay_bd_i/rx_cap_1/inst/core_i/s_axil_rdata[11]_i_4
INFO: [Physopt 32-662] Processed net traffic_replay_bd_i/rx_cap_1/inst/core_i/s_axil_rdata[11]_i_56_n_0.  Did not re-place instance traffic_replay_bd_i/rx_cap_1/inst/core_i/s_axil_rdata[11]_i_56
INFO: [Physopt 32-662] Processed net traffic_replay_bd_i/rx_cap_1/inst/core_i/gap_sample_rd_index_q__0[3].  Did not re-place instance traffic_replay_bd_i/rx_cap_1/inst/core_i/gap_sample_rd_index_q_reg[3]
INFO: [Physopt 32-662] Processed net traffic_replay_bd_i/rx_cap_1/inst/core_i/s_axil_rdata[5]_i_17_n_0.  Did not re-place instance traffic_replay_bd_i/rx_cap_1/inst/core_i/s_axil_rdata[5]_i_17
INFO: [Physopt 32-662] Processed net traffic_replay_bd_i/rx_cap_1/inst/core_i/s_axil_rdata[5]_i_1_n_0.  Did not re-place instance traffic_replay_bd_i/rx_cap_1/inst/core_i/s_axil_rdata[5]_i_1
INFO: [Physopt 32-662] Processed net traffic_replay_bd_i/rx_cap_1/inst/core_i/s_axil_rdata[5]_i_2_n_0.  Did not re-place instance traffic_replay_bd_i/rx_cap_1/inst/core_i/s_axil_rdata[5]_i_2
INFO: [Physopt 32-662] Processed net traffic_replay_bd_i/rx_cap_1/inst/core_i/s_axil_rdata[5]_i_70_n_0.  Did not re-place instance traffic_replay_bd_i/rx_cap_1/inst/core_i/s_axil_rdata[5]_i_70
INFO: [Physopt 32-662] Processed net traffic_replay_bd_i/rx_cap_1/inst/core_i/s_axil_rdata[5]_i_7_n_0.  Did not re-place instance traffic_replay_bd_i/rx_cap_1/inst/core_i/s_axil_rdata[5]_i_7
INFO: [Physopt 32-662] Processed net traffic_replay_bd_i/rx_cap_1/inst/core_i/s_axil_rdata[5].  Did not re-place instance traffic_replay_bd_i/rx_cap_1/inst/core_i/s_axil_rdata_reg[5]
INFO: [Physopt 32-662] Processed net traffic_replay_bd_i/rx_cap_1/inst/core_i/gap_sample_rd_index_q_reg[2]_rep__26_n_0.  Did not re-place instance traffic_replay_bd_i/rx_cap_1/inst/core_i/gap_sample_rd_index_q_reg[2]_rep__26
INFO: [Physopt 32-662] Processed net traffic_replay_bd_i/rx_cap_1/inst/core_i/data35[22].  Did not re-place instance traffic_replay_bd_i/rx_cap_1/inst/core_i/s_axil_rdata[22]_i_4
INFO: [Physopt 32-662] Processed net traffic_replay_bd_i/rx_cap_1/inst/core_i/s_axil_rdata[10]_i_74_n_0.  Did not re-place instance traffic_replay_bd_i/rx_cap_1/inst/core_i/s_axil_rdata[10]_i_74
INFO: [Physopt 32-662] Processed net traffic_replay_bd_i/rx_cap_1/inst/core_i/s_axil_rdata[22]_i_1_n_0.  Did not re-place instance traffic_replay_bd_i/rx_cap_1/inst/core_i/s_axil_rdata[22]_i_1
INFO: [Physopt 32-662] Processed net traffic_replay_bd_i/rx_cap_1/inst/core_i/s_axil_rdata[22]_i_2_n_0.  Did not re-place instance traffic_replay_bd_i/rx_cap_1/inst/core_i/s_axil_rdata[22]_i_2
INFO: [Physopt 32-662] Processed net traffic_replay_bd_i/rx_cap_1/inst/core_i/s_axil_rdata[22]_i_46_n_0.  Did not re-place instance traffic_replay_bd_i/rx_cap_1/inst/core_i/s_axil_rdata[22]_i_46
INFO: [Physopt 32-662] Processed net traffic_replay_bd_i/rx_cap_1/inst/core_i/s_axil_rdata[22].  Did not re-place instance traffic_replay_bd_i/rx_cap_1/inst/core_i/s_axil_rdata_reg[22]
INFO: [Physopt 32-662] Processed net traffic_replay_bd_i/rx_cap_1/inst/core_i/gap_sample_rd_index_q_reg[0]_rep__8_n_0.  Did not re-place instance traffic_replay_bd_i/rx_cap_1/inst/core_i/gap_sample_rd_index_q_reg[0]_rep__8
INFO: [Physopt 32-662] Processed net traffic_replay_bd_i/rx_cap_1/inst/core_i/s_axil_rdata[14]_i_15_n_0.  Did not re-place instance traffic_replay_bd_i/rx_cap_1/inst/core_i/s_axil_rdata[14]_i_15
INFO: [Physopt 32-662] Processed net traffic_replay_bd_i/rx_cap_1/inst/core_i/s_axil_rdata[14]_i_2_n_0.  Did not re-place instance traffic_replay_bd_i/rx_cap_1/inst/core_i/s_axil_rdata[14]_i_2
INFO: [Physopt 32-662] Processed net traffic_replay_bd_i/rx_cap_1/inst/core_i/s_axil_rdata[14]_i_30_n_0.  Did not re-place instance traffic_replay_bd_i/rx_cap_1/inst/core_i/s_axil_rdata[14]_i_30
INFO: [Physopt 32-662] Processed net traffic_replay_bd_i/rx_cap_1/inst/core_i/s_axil_rdata[14]_i_65_n_0.  Did not re-place instance traffic_replay_bd_i/rx_cap_1/inst/core_i/s_axil_rdata[14]_i_65
INFO: [Physopt 32-662] Processed net traffic_replay_bd_i/rx_cap_1/inst/core_i/gap_sample_rd_index_q_reg[3]_rep__21_n_0.  Did not re-place instance traffic_replay_bd_i/rx_cap_1/inst/core_i/gap_sample_rd_index_q_reg[3]_rep__21
INFO: [Physopt 32-662] Processed net traffic_replay_bd_i/rx_cap_1/inst/core_i/rx_fifo_i/dest_hsdata_ff_reg[5][0].  Did not re-place instance traffic_replay_bd_i/rx_cap_1/inst/core_i/rx_fifo_i/s_axil_rdata[3]_i_1
INFO: [Physopt 32-662] Processed net traffic_replay_bd_i/rx_cap_1/inst/core_i/s_axil_rdata[14]_i_73_n_0.  Did not re-place instance traffic_replay_bd_i/rx_cap_1/inst/core_i/s_axil_rdata[14]_i_73
INFO: [Physopt 32-662] Processed net traffic_replay_bd_i/rx_cap_1/inst/core_i/s_axil_rdata[3]_i_12_n_0.  Did not re-place instance traffic_replay_bd_i/rx_cap_1/inst/core_i/s_axil_rdata[3]_i_12
INFO: [Physopt 32-662] Processed net traffic_replay_bd_i/rx_cap_1/inst/core_i/s_axil_rdata[3]_i_2_n_0.  Did not re-place instance traffic_replay_bd_i/rx_cap_1/inst/core_i/s_axil_rdata[3]_i_2
INFO: [Physopt 32-662] Processed net traffic_replay_bd_i/rx_cap_1/inst/core_i/s_axil_rdata[3]_i_46_n_0.  Did not re-place instance traffic_replay_bd_i/rx_cap_1/inst/core_i/s_axil_rdata[3]_i_46
INFO: [Physopt 32-662] Processed net traffic_replay_bd_i/rx_cap_1/inst/core_i/s_axil_rdata[3]_i_4_n_0.  Did not re-place instance traffic_replay_bd_i/rx_cap_1/inst/core_i/s_axil_rdata[3]_i_4
INFO: [Physopt 32-662] Processed net traffic_replay_bd_i/rx_cap_1/inst/core_i/s_axil_rdata[3]_i_62_n_0.  Did not re-place instance traffic_replay_bd_i/rx_cap_1/inst/core_i/s_axil_rdata[3]_i_62
INFO: [Physopt 32-662] Processed net traffic_replay_bd_i/rx_cap_1/inst/core_i/s_axil_rdata[3]_i_6_n_0.  Did not re-place instance traffic_replay_bd_i/rx_cap_1/inst/core_i/s_axil_rdata[3]_i_6
INFO: [Physopt 32-662] Processed net traffic_replay_bd_i/rx_cap_1/inst/core_i/s_axil_rdata[3].  Did not re-place instance traffic_replay_bd_i/rx_cap_1/inst/core_i/s_axil_rdata_reg[3]
INFO: [Physopt 32-662] Processed net traffic_replay_bd_i/rx_cap_1/inst/core_i/s_axil_rdata[11]_i_55_n_0.  Did not re-place instance traffic_replay_bd_i/rx_cap_1/inst/core_i/s_axil_rdata[11]_i_55
INFO: [Physopt 32-662] Processed net traffic_replay_bd_i/rx_cap_1/inst/core_i/s_axil_rdata[12]_i_15_n_0.  Did not re-place instance traffic_replay_bd_i/rx_cap_1/inst/core_i/s_axil_rdata[12]_i_15
INFO: [Physopt 32-662] Processed net traffic_replay_bd_i/rx_cap_1/inst/core_i/s_axil_rdata[12]_i_1_n_0.  Did not re-place instance traffic_replay_bd_i/rx_cap_1/inst/core_i/s_axil_rdata[12]_i_1
INFO: [Physopt 32-662] Processed net traffic_replay_bd_i/rx_cap_1/inst/core_i/s_axil_rdata[12]_i_2_n_0.  Did not re-place instance traffic_replay_bd_i/rx_cap_1/inst/core_i/s_axil_rdata[12]_i_2
INFO: [Physopt 32-662] Processed net traffic_replay_bd_i/rx_cap_1/inst/core_i/s_axil_rdata[12]_i_30_n_0.  Did not re-place instance traffic_replay_bd_i/rx_cap_1/inst/core_i/s_axil_rdata[12]_i_30
INFO: [Physopt 32-662] Processed net traffic_replay_bd_i/rx_cap_1/inst/core_i/s_axil_rdata[12]_i_63_n_0.  Did not re-place instance traffic_replay_bd_i/rx_cap_1/inst/core_i/s_axil_rdata[12]_i_63
INFO: [Physopt 32-662] Processed net traffic_replay_bd_i/rx_cap_1/inst/core_i/s_axil_rdata[12].  Did not re-place instance traffic_replay_bd_i/rx_cap_1/inst/core_i/s_axil_rdata_reg[12]
INFO: [Physopt 32-662] Processed net traffic_replay_bd_i/rx_cap_0/inst/core_i/s_axil_rdata[31]_i_7_n_0_repN.  Did not re-place instance traffic_replay_bd_i/rx_cap_0/inst/core_i/s_axil_rdata[31]_i_7_replica
INFO: [Physopt 32-662] Processed net traffic_replay_bd_i/rx_cap_0/inst/core_i/s_axil_rdata[31]_i_18_n_0.  Did not re-place instance traffic_replay_bd_i/rx_cap_0/inst/core_i/s_axil_rdata[31]_i_18
INFO: [Physopt 32-662] Processed net traffic_replay_bd_i/rx_cap_0/inst/core_i/s_axil_rdata[24].  Did not re-place instance traffic_replay_bd_i/rx_cap_0/inst/core_i/s_axil_rdata_reg[24]
INFO: [Physopt 32-662] Processed net traffic_replay_bd_i/rx_cap_0/inst/core_i/s_axil_rdata[24]_i_1_n_0.  Did not re-place instance traffic_replay_bd_i/rx_cap_0/inst/core_i/s_axil_rdata[24]_i_1
INFO: [Physopt 32-662] Processed net traffic_replay_bd_i/rx_cap_1/inst/core_i/s_axil_rdata[30]_i_1_n_0.  Did not re-place instance traffic_replay_bd_i/rx_cap_1/inst/core_i/s_axil_rdata[30]_i_1
INFO: [Physopt 32-662] Processed net traffic_replay_bd_i/rx_cap_1/inst/core_i/s_axil_rdata[30].  Did not re-place instance traffic_replay_bd_i/rx_cap_1/inst/core_i/s_axil_rdata_reg[30]
INFO: [Physopt 32-662] Processed net traffic_replay_bd_i/rx_cap_1/inst/core_i/s_axil_rdata[11]_i_58_n_0.  Did not re-place instance traffic_replay_bd_i/rx_cap_1/inst/core_i/s_axil_rdata[11]_i_58
INFO: [Physopt 32-662] Processed net traffic_replay_bd_i/rx_cap_1/inst/core_i/s_axil_rdata[22]_i_15_n_0.  Did not re-place instance traffic_replay_bd_i/rx_cap_1/inst/core_i/s_axil_rdata[22]_i_15
INFO: [Physopt 32-662] Processed net traffic_replay_bd_i/rx_cap_1/inst/core_i/s_axil_rdata[22]_i_30_n_0.  Did not re-place instance traffic_replay_bd_i/rx_cap_1/inst/core_i/s_axil_rdata[22]_i_30
INFO: [Physopt 32-662] Processed net traffic_replay_bd_i/rx_cap_1/inst/core_i/s_axil_rdata[22]_i_61_n_0.  Did not re-place instance traffic_replay_bd_i/rx_cap_1/inst/core_i/s_axil_rdata[22]_i_61
INFO: [Physopt 32-662] Processed net traffic_replay_bd_i/rx_cap_1/inst/core_i/s_axil_rdata[6]_i_12_n_0.  Did not re-place instance traffic_replay_bd_i/rx_cap_1/inst/core_i/s_axil_rdata[6]_i_12
INFO: [Physopt 32-662] Processed net traffic_replay_bd_i/rx_cap_1/inst/core_i/s_axil_rdata[6]_i_1_n_0.  Did not re-place instance traffic_replay_bd_i/rx_cap_1/inst/core_i/s_axil_rdata[6]_i_1
INFO: [Physopt 32-662] Processed net traffic_replay_bd_i/rx_cap_1/inst/core_i/s_axil_rdata[6]_i_2_n_0.  Did not re-place instance traffic_replay_bd_i/rx_cap_1/inst/core_i/s_axil_rdata[6]_i_2
INFO: [Physopt 32-662] Processed net traffic_replay_bd_i/rx_cap_1/inst/core_i/s_axil_rdata[6]_i_60_n_0.  Did not re-place instance traffic_replay_bd_i/rx_cap_1/inst/core_i/s_axil_rdata[6]_i_60
INFO: [Physopt 32-662] Processed net traffic_replay_bd_i/rx_cap_1/inst/core_i/s_axil_rdata[6]_i_6_n_0.  Did not re-place instance traffic_replay_bd_i/rx_cap_1/inst/core_i/s_axil_rdata[6]_i_6
INFO: [Physopt 32-662] Processed net traffic_replay_bd_i/rx_cap_1/inst/core_i/s_axil_rdata[6].  Did not re-place instance traffic_replay_bd_i/rx_cap_1/inst/core_i/s_axil_rdata_reg[6]
INFO: [Physopt 32-662] Processed net traffic_replay_bd_i/rx_cap_1/inst/core_i/data35[12].  Did not re-place instance traffic_replay_bd_i/rx_cap_1/inst/core_i/s_axil_rdata[12]_i_4
INFO: [Physopt 32-662] Processed net traffic_replay_bd_i/rx_cap_1/inst/core_i/s_axil_rdata[12]_i_34_n_0.  Did not re-place instance traffic_replay_bd_i/rx_cap_1/inst/core_i/s_axil_rdata[12]_i_34
INFO: [Physopt 32-662] Processed net traffic_replay_bd_i/rx_cap_1/inst/core_i/data35[5].  Did not re-place instance traffic_replay_bd_i/rx_cap_1/inst/core_i/s_axil_rdata[5]_i_16
INFO: [Physopt 32-662] Processed net traffic_replay_bd_i/rx_cap_1/inst/core_i/s_axil_rdata[19]_i_1_n_0.  Did not re-place instance traffic_replay_bd_i/rx_cap_1/inst/core_i/s_axil_rdata[19]_i_1
INFO: [Physopt 32-662] Processed net traffic_replay_bd_i/rx_cap_1/inst/core_i/s_axil_rdata[19]_i_2_n_0.  Did not re-place instance traffic_replay_bd_i/rx_cap_1/inst/core_i/s_axil_rdata[19]_i_2
INFO: [Physopt 32-662] Processed net traffic_replay_bd_i/rx_cap_1/inst/core_i/s_axil_rdata[19]_i_39_n_0.  Did not re-place instance traffic_replay_bd_i/rx_cap_1/inst/core_i/s_axil_rdata[19]_i_39
INFO: [Physopt 32-662] Processed net traffic_replay_bd_i/rx_cap_1/inst/core_i/s_axil_rdata[21]_i_15_n_0.  Did not re-place instance traffic_replay_bd_i/rx_cap_1/inst/core_i/s_axil_rdata[21]_i_15
INFO: [Physopt 32-662] Processed net traffic_replay_bd_i/rx_cap_1/inst/core_i/s_axil_rdata[21]_i_1_n_0.  Did not re-place instance traffic_replay_bd_i/rx_cap_1/inst/core_i/s_axil_rdata[21]_i_1
INFO: [Physopt 32-662] Processed net traffic_replay_bd_i/rx_cap_1/inst/core_i/s_axil_rdata[21]_i_2_n_0.  Did not re-place instance traffic_replay_bd_i/rx_cap_1/inst/core_i/s_axil_rdata[21]_i_2
INFO: [Physopt 32-662] Processed net traffic_replay_bd_i/rx_cap_1/inst/core_i/s_axil_rdata[21]_i_30_n_0.  Did not re-place instance traffic_replay_bd_i/rx_cap_1/inst/core_i/s_axil_rdata[21]_i_30
INFO: [Physopt 32-662] Processed net traffic_replay_bd_i/rx_cap_1/inst/core_i/s_axil_rdata[21]_i_60_n_0.  Did not re-place instance traffic_replay_bd_i/rx_cap_1/inst/core_i/s_axil_rdata[21]_i_60
INFO: [Physopt 32-662] Processed net traffic_replay_bd_i/rx_cap_1/inst/core_i/s_axil_rdata[5]_i_54_n_0.  Did not re-place instance traffic_replay_bd_i/rx_cap_1/inst/core_i/s_axil_rdata[5]_i_54
INFO: [Physopt 32-662] Processed net traffic_replay_bd_i/rx_cap_1/inst/core_i/s_axil_rdata[5]_i_5_n_0.  Did not re-place instance traffic_replay_bd_i/rx_cap_1/inst/core_i/s_axil_rdata[5]_i_5
INFO: [Physopt 32-662] Processed net traffic_replay_bd_i/rx_cap_1/inst/core_i/s_axil_rdata[19].  Did not re-place instance traffic_replay_bd_i/rx_cap_1/inst/core_i/s_axil_rdata_reg[19]
INFO: [Physopt 32-662] Processed net traffic_replay_bd_i/rx_cap_1/inst/core_i/s_axil_rdata[21].  Did not re-place instance traffic_replay_bd_i/rx_cap_1/inst/core_i/s_axil_rdata_reg[21]
INFO: [Physopt 32-662] Processed net traffic_replay_bd_i/rx_cap_1/inst/core_i/s_axil_rdata[31]_i_1_n_0.  Did not re-place instance traffic_replay_bd_i/rx_cap_1/inst/core_i/s_axil_rdata[31]_i_1
INFO: [Physopt 32-662] Processed net traffic_replay_bd_i/rx_cap_1/inst/core_i/s_axil_rvalid_reg_0.  Did not re-place instance traffic_replay_bd_i/rx_cap_1/inst/core_i/s_axil_rvalid_reg
INFO: [Physopt 32-662] Processed net traffic_replay_bd_i/rx_cap_1/inst/core_i/data35[9].  Did not re-place instance traffic_replay_bd_i/rx_cap_1/inst/core_i/s_axil_rdata[9]_i_11
INFO: [Physopt 32-662] Processed net traffic_replay_bd_i/rx_cap_1/inst/core_i/s_axil_rdata[10]_i_66_n_0.  Did not re-place instance traffic_replay_bd_i/rx_cap_1/inst/core_i/s_axil_rdata[10]_i_66
INFO: [Physopt 32-662] Processed net traffic_replay_bd_i/rx_cap_1/inst/core_i/s_axil_rdata[21]_i_74_n_0.  Did not re-place instance traffic_replay_bd_i/rx_cap_1/inst/core_i/s_axil_rdata[21]_i_74
INFO: [Physopt 32-662] Processed net traffic_replay_bd_i/rx_cap_1/inst/core_i/s_axil_rdata[9]_i_1_n_0.  Did not re-place instance traffic_replay_bd_i/rx_cap_1/inst/core_i/s_axil_rdata[9]_i_1
INFO: [Physopt 32-662] Processed net traffic_replay_bd_i/rx_cap_1/inst/core_i/s_axil_rdata[9]_i_2_n_0.  Did not re-place instance traffic_replay_bd_i/rx_cap_1/inst/core_i/s_axil_rdata[9]_i_2
INFO: [Physopt 32-662] Processed net traffic_replay_bd_i/rx_cap_1/inst/core_i/s_axil_rdata[9]_i_4_n_0.  Did not re-place instance traffic_replay_bd_i/rx_cap_1/inst/core_i/s_axil_rdata[9]_i_4
INFO: [Physopt 32-662] Processed net traffic_replay_bd_i/rx_cap_1/inst/core_i/s_axil_rdata[9]_i_57_n_0.  Did not re-place instance traffic_replay_bd_i/rx_cap_1/inst/core_i/s_axil_rdata[9]_i_57
INFO: [Physopt 32-662] Processed net traffic_replay_bd_i/rx_cap_1/inst/core_i/s_axil_rdata[9].  Did not re-place instance traffic_replay_bd_i/rx_cap_1/inst/core_i/s_axil_rdata_reg[9]
INFO: [Physopt 32-662] Processed net traffic_replay_bd_i/rx_cap_0/inst/core_i/s_axil_rdata[28]_i_15_n_0.  Did not re-place instance traffic_replay_bd_i/rx_cap_0/inst/core_i/s_axil_rdata[28]_i_15
INFO: [Physopt 32-662] Processed net traffic_replay_bd_i/rx_cap_0/inst/core_i/s_axil_rdata[28]_i_1_n_0.  Did not re-place instance traffic_replay_bd_i/rx_cap_0/inst/core_i/s_axil_rdata[28]_i_1
INFO: [Physopt 32-662] Processed net traffic_replay_bd_i/rx_cap_0/inst/core_i/s_axil_rdata[28]_i_2_n_0.  Did not re-place instance traffic_replay_bd_i/rx_cap_0/inst/core_i/s_axil_rdata[28]_i_2
INFO: [Physopt 32-662] Processed net traffic_replay_bd_i/rx_cap_0/inst/core_i/s_axil_rdata[28]_i_70_n_0.  Did not re-place instance traffic_replay_bd_i/rx_cap_0/inst/core_i/s_axil_rdata[28]_i_70
INFO: [Physopt 32-662] Processed net traffic_replay_bd_i/rx_cap_0/inst/core_i/s_axil_rdata[28].  Did not re-place instance traffic_replay_bd_i/rx_cap_0/inst/core_i/s_axil_rdata_reg[28]
INFO: [Physopt 32-662] Processed net traffic_replay_bd_i/ctrl_rx1_cc/inst/gen_clock_conv.gen_async_lite_conv.clock_conv_lite_fwd_ar/handshake/dest_hsdata_ff[10].  Did not re-place instance traffic_replay_bd_i/ctrl_rx1_cc/inst/gen_clock_conv.gen_async_lite_conv.clock_conv_lite_fwd_ar/handshake/dest_hsdata_ff_reg[10]
INFO: [Physopt 32-662] Processed net traffic_replay_bd_i/rx_cap_1/inst/core_i/gap_sample_rd_index_q_reg[2]_rep__18_n_0.  Did not re-place instance traffic_replay_bd_i/rx_cap_1/inst/core_i/gap_sample_rd_index_q_reg[2]_rep__18
INFO: [Physopt 32-662] Processed net traffic_replay_bd_i/rx_cap_1/inst/core_i/s_axil_rdata[12]_i_73_n_0.  Did not re-place instance traffic_replay_bd_i/rx_cap_1/inst/core_i/s_axil_rdata[12]_i_73
INFO: [Physopt 32-662] Processed net traffic_replay_bd_i/rx_cap_1/inst/core_i/s_axil_rdata[22]_i_74_n_0.  Did not re-place instance traffic_replay_bd_i/rx_cap_1/inst/core_i/s_axil_rdata[22]_i_74
INFO: [Physopt 32-662] Processed net traffic_replay_bd_i/rx_cap_1/inst/core_i/s_axil_rdata[13]_i_15_n_0.  Did not re-place instance traffic_replay_bd_i/rx_cap_1/inst/core_i/s_axil_rdata[13]_i_15
INFO: [Physopt 32-662] Processed net traffic_replay_bd_i/rx_cap_1/inst/core_i/s_axil_rdata[13]_i_1_n_0.  Did not re-place instance traffic_replay_bd_i/rx_cap_1/inst/core_i/s_axil_rdata[13]_i_1
INFO: [Physopt 32-662] Processed net traffic_replay_bd_i/rx_cap_1/inst/core_i/s_axil_rdata[13]_i_2_n_0.  Did not re-place instance traffic_replay_bd_i/rx_cap_1/inst/core_i/s_axil_rdata[13]_i_2
INFO: [Physopt 32-662] Processed net traffic_replay_bd_i/rx_cap_1/inst/core_i/s_axil_rdata[13]_i_30_n_0.  Did not re-place instance traffic_replay_bd_i/rx_cap_1/inst/core_i/s_axil_rdata[13]_i_30
INFO: [Physopt 32-662] Processed net traffic_replay_bd_i/rx_cap_1/inst/core_i/s_axil_rdata[13]_i_74_n_0.  Did not re-place instance traffic_replay_bd_i/rx_cap_1/inst/core_i/s_axil_rdata[13]_i_74
INFO: [Physopt 32-662] Processed net traffic_replay_bd_i/rx_cap_1/inst/core_i/s_axil_rdata[18]_i_15_n_0.  Did not re-place instance traffic_replay_bd_i/rx_cap_1/inst/core_i/s_axil_rdata[18]_i_15
INFO: [Physopt 32-662] Processed net traffic_replay_bd_i/rx_cap_1/inst/core_i/s_axil_rdata[18]_i_1_n_0.  Did not re-place instance traffic_replay_bd_i/rx_cap_1/inst/core_i/s_axil_rdata[18]_i_1
INFO: [Physopt 32-662] Processed net traffic_replay_bd_i/rx_cap_1/inst/core_i/s_axil_rdata[18]_i_2_n_0.  Did not re-place instance traffic_replay_bd_i/rx_cap_1/inst/core_i/s_axil_rdata[18]_i_2
INFO: [Physopt 32-662] Processed net traffic_replay_bd_i/rx_cap_1/inst/core_i/s_axil_rdata[18]_i_30_n_0.  Did not re-place instance traffic_replay_bd_i/rx_cap_1/inst/core_i/s_axil_rdata[18]_i_30
INFO: [Physopt 32-662] Processed net traffic_replay_bd_i/rx_cap_1/inst/core_i/s_axil_rdata[18]_i_63_n_0.  Did not re-place instance traffic_replay_bd_i/rx_cap_1/inst/core_i/s_axil_rdata[18]_i_63
INFO: [Physopt 32-662] Processed net traffic_replay_bd_i/rx_cap_1/inst/core_i/s_axil_rdata[23]_i_67_n_0.  Did not re-place instance traffic_replay_bd_i/rx_cap_1/inst/core_i/s_axil_rdata[23]_i_67
INFO: [Physopt 32-662] Processed net traffic_replay_bd_i/rx_cap_1/inst/core_i/s_axil_rdata[27]_i_1_n_0.  Did not re-place instance traffic_replay_bd_i/rx_cap_1/inst/core_i/s_axil_rdata[27]_i_1
INFO: [Physopt 32-662] Processed net traffic_replay_bd_i/rx_cap_1/inst/core_i/s_axil_rdata[27]_i_44_n_0.  Did not re-place instance traffic_replay_bd_i/rx_cap_1/inst/core_i/s_axil_rdata[27]_i_44
INFO: [Physopt 32-662] Processed net traffic_replay_bd_i/rx_cap_1/inst/core_i/s_axil_rdata[13].  Did not re-place instance traffic_replay_bd_i/rx_cap_1/inst/core_i/s_axil_rdata_reg[13]
INFO: [Physopt 32-662] Processed net traffic_replay_bd_i/rx_cap_1/inst/core_i/s_axil_rdata[18].  Did not re-place instance traffic_replay_bd_i/rx_cap_1/inst/core_i/s_axil_rdata_reg[18]
INFO: [Physopt 32-662] Processed net traffic_replay_bd_i/rx_cap_1/inst/core_i/s_axil_rdata[27].  Did not re-place instance traffic_replay_bd_i/rx_cap_1/inst/core_i/s_axil_rdata_reg[27]
INFO: [Physopt 32-662] Processed net traffic_replay_bd_i/rx_cap_1/inst/core_i/gap_sample_rd_index_q_reg[3]_rep__5_n_0.  Did not re-place instance traffic_replay_bd_i/rx_cap_1/inst/core_i/gap_sample_rd_index_q_reg[3]_rep__5
INFO: [Physopt 32-662] Processed net traffic_replay_bd_i/rx_cap_1/inst/core_i/gap_sample_rd_index_q_reg[0]_rep_n_0.  Did not re-place instance traffic_replay_bd_i/rx_cap_1/inst/core_i/gap_sample_rd_index_q_reg[0]_rep
INFO: [Physopt 32-662] Processed net traffic_replay_bd_i/rx_cap_1/inst/core_i/data35[21].  Did not re-place instance traffic_replay_bd_i/rx_cap_1/inst/core_i/s_axil_rdata[21]_i_4
INFO: [Physopt 32-662] Processed net traffic_replay_bd_i/rx_cap_1/inst/core_i/s_axil_rdata[21]_i_33_n_0.  Did not re-place instance traffic_replay_bd_i/rx_cap_1/inst/core_i/s_axil_rdata[21]_i_33
INFO: [Physopt 32-662] Processed net traffic_replay_bd_i/rx_cap_1/inst/core_i/s_axil_rdata[25]_i_72_n_0.  Did not re-place instance traffic_replay_bd_i/rx_cap_1/inst/core_i/s_axil_rdata[25]_i_72
INFO: [Physopt 32-662] Processed net traffic_replay_bd_i/rx_cap_1/inst/core_i/s_axil_rdata[5]_i_69_n_0.  Did not re-place instance traffic_replay_bd_i/rx_cap_1/inst/core_i/s_axil_rdata[5]_i_69
INFO: [Physopt 32-662] Processed net traffic_replay_bd_i/rx_cap_1/inst/core_i/s_axil_rdata[7]_i_12_n_0.  Did not re-place instance traffic_replay_bd_i/rx_cap_1/inst/core_i/s_axil_rdata[7]_i_12
INFO: [Physopt 32-662] Processed net traffic_replay_bd_i/rx_cap_1/inst/core_i/s_axil_rdata[7]_i_1_n_0.  Did not re-place instance traffic_replay_bd_i/rx_cap_1/inst/core_i/s_axil_rdata[7]_i_1
INFO: [Physopt 32-662] Processed net traffic_replay_bd_i/rx_cap_1/inst/core_i/s_axil_rdata[7]_i_2_n_0.  Did not re-place instance traffic_replay_bd_i/rx_cap_1/inst/core_i/s_axil_rdata[7]_i_2
INFO: [Physopt 32-662] Processed net traffic_replay_bd_i/rx_cap_1/inst/core_i/s_axil_rdata[7]_i_61_n_0.  Did not re-place instance traffic_replay_bd_i/rx_cap_1/inst/core_i/s_axil_rdata[7]_i_61
INFO: [Physopt 32-662] Processed net traffic_replay_bd_i/rx_cap_1/inst/core_i/s_axil_rdata[7]_i_6_n_0.  Did not re-place instance traffic_replay_bd_i/rx_cap_1/inst/core_i/s_axil_rdata[7]_i_6
INFO: [Physopt 32-662] Processed net traffic_replay_bd_i/rx_cap_1/inst/core_i/s_axil_rdata[7].  Did not re-place instance traffic_replay_bd_i/rx_cap_1/inst/core_i/s_axil_rdata_reg[7]
INFO: [Physopt 32-662] Processed net traffic_replay_bd_i/rx_cap_1/inst/core_i/s_axil_rdata[12]_i_65_n_0.  Did not re-place instance traffic_replay_bd_i/rx_cap_1/inst/core_i/s_axil_rdata[12]_i_65
INFO: [Physopt 32-662] Processed net traffic_replay_bd_i/rx_cap_1/inst/core_i/s_axil_rdata[14]_i_60_n_0.  Did not re-place instance traffic_replay_bd_i/rx_cap_1/inst/core_i/s_axil_rdata[14]_i_60
INFO: [Physopt 32-662] Processed net traffic_replay_bd_i/rx_cap_0/inst/core_i/s_axil_rdata[13].  Did not re-place instance traffic_replay_bd_i/rx_cap_0/inst/core_i/s_axil_rdata_reg[13]
INFO: [Physopt 32-662] Processed net traffic_replay_bd_i/xdma_0/inst/udma_wrapper/dma_top/dma_pcie_req/dma_pcie_rq/canissueRd_ff[1]_i_10_n_0.  Did not re-place instance traffic_replay_bd_i/xdma_0/inst/udma_wrapper/dma_top/dma_pcie_req/dma_pcie_rq/canissueRd_ff[1]_i_10
INFO: [Physopt 32-662] Processed net traffic_replay_bd_i/xdma_0/inst/udma_wrapper/dma_top/dma_pcie_req/dma_pcie_rq/nph_consumed_ff[1]_i_1_n_0.  Did not re-place instance traffic_replay_bd_i/xdma_0/inst/udma_wrapper/dma_top/dma_pcie_req/dma_pcie_rq/nph_consumed_ff[1]_i_1
INFO: [Physopt 32-662] Processed net traffic_replay_bd_i/xdma_0/inst/udma_wrapper/dma_top/dma_pcie_req/dma_pcie_rq/RQ_FIFO/init_ready_ff_reg[1].  Did not re-place instance traffic_replay_bd_i/xdma_0/inst/udma_wrapper/dma_top/dma_pcie_req/dma_pcie_rq/RQ_FIFO/canissueRd_ff[1]_i_1
INFO: [Physopt 32-662] Processed net traffic_replay_bd_i/xdma_0/inst/udma_wrapper/dma_top/dma_pcie_req/dma_pcie_rq/canissueRd_ff[1]_i_12_n_0.  Did not re-place instance traffic_replay_bd_i/xdma_0/inst/udma_wrapper/dma_top/dma_pcie_req/dma_pcie_rq/canissueRd_ff[1]_i_12
INFO: [Physopt 32-662] Processed net traffic_replay_bd_i/xdma_0/inst/udma_wrapper/dma_top/dma_pcie_req/dma_pcie_rq/canissueRd_ff_reg_n_0_[1].  Did not re-place instance traffic_replay_bd_i/xdma_0/inst/udma_wrapper/dma_top/dma_pcie_req/dma_pcie_rq/canissueRd_ff_reg[1]
INFO: [Physopt 32-662] Processed net traffic_replay_bd_i/rx_cap_1/inst/core_i/s_axil_rdata[10]_i_59_n_0.  Did not re-place instance traffic_replay_bd_i/rx_cap_1/inst/core_i/s_axil_rdata[10]_i_59
INFO: [Physopt 32-662] Processed net traffic_replay_bd_i/rx_cap_1/inst/core_i/s_axil_rdata[10]_i_65_n_0.  Did not re-place instance traffic_replay_bd_i/rx_cap_1/inst/core_i/s_axil_rdata[10]_i_65
INFO: [Physopt 32-662] Processed net traffic_replay_bd_i/rx_cap_1/inst/core_i/s_axil_rdata[14]_i_61_n_0.  Did not re-place instance traffic_replay_bd_i/rx_cap_1/inst/core_i/s_axil_rdata[14]_i_61
INFO: [Physopt 32-662] Processed net traffic_replay_bd_i/rx_cap_1/inst/core_i/s_axil_rdata[21]_i_72_n_0.  Did not re-place instance traffic_replay_bd_i/rx_cap_1/inst/core_i/s_axil_rdata[21]_i_72
INFO: [Physopt 32-662] Processed net traffic_replay_bd_i/rx_cap_1/inst/core_i/p_0_in__1.  Did not re-place instance traffic_replay_bd_i/rx_cap_1/inst/core_i/gap_sample_mem_reg_0_63_0_6_i_3
INFO: [Physopt 32-662] Processed net traffic_replay_bd_i/rx_cap_1/inst/core_i/gap_sample_mem_reg_192_255_0_6_i_1_n_0.  Did not re-place instance traffic_replay_bd_i/rx_cap_1/inst/core_i/gap_sample_mem_reg_192_255_0_6_i_1
INFO: [Physopt 32-662] Processed net traffic_replay_bd_i/rx_cap_1/inst/core_i/fifo_pipe_valid_q_reg_0.  Did not re-place instance traffic_replay_bd_i/rx_cap_1/inst/core_i/gap_sample_wr_ptr_q[11]_i_3_rewire
INFO: [Physopt 32-662] Processed net traffic_replay_bd_i/rx_cap_1/inst/core_i/gap_sample_wr_ptr_q[9]_i_2_n_0.  Did not re-place instance traffic_replay_bd_i/rx_cap_1/inst/core_i/gap_sample_wr_ptr_q[9]_i_2
INFO: [Physopt 32-662] Processed net traffic_replay_bd_i/rx_cap_1/inst/core_i/rx_fifo_i/E[0].  Did not re-place instance traffic_replay_bd_i/rx_cap_1/inst/core_i/rx_fifo_i/clear_wclk_1_i_1
INFO: [Physopt 32-662] Processed net traffic_replay_bd_i/rx_cap_1/inst/core_i/rx_fifo_i/rx_fifo_clear_count_q_reg[3].  Did not re-place instance traffic_replay_bd_i/rx_cap_1/inst/core_i/rx_fifo_i/clear_wclk_1_i_2
INFO: [Physopt 32-662] Processed net traffic_replay_bd_i/rx_cap_1/inst/core_i/s_axil_rdata[7]_i_59_n_0.  Did not re-place instance traffic_replay_bd_i/rx_cap_1/inst/core_i/s_axil_rdata[7]_i_59
INFO: [Physopt 32-662] Processed net traffic_replay_bd_i/rx_cap_1/inst/core_i/s_axil_rdata[16].  Did not re-place instance traffic_replay_bd_i/rx_cap_1/inst/core_i/s_axil_rdata_reg[16]
INFO: [Physopt 32-662] Processed net traffic_replay_bd_i/rx_cap_1/inst/core_i/s_axil_rdata[17]_i_15_n_0.  Did not re-place instance traffic_replay_bd_i/rx_cap_1/inst/core_i/s_axil_rdata[17]_i_15
INFO: [Physopt 32-662] Processed net traffic_replay_bd_i/rx_cap_1/inst/core_i/s_axil_rdata[17]_i_1_n_0.  Did not re-place instance traffic_replay_bd_i/rx_cap_1/inst/core_i/s_axil_rdata[17]_i_1
INFO: [Physopt 32-662] Processed net traffic_replay_bd_i/rx_cap_1/inst/core_i/s_axil_rdata[17]_i_2_n_0.  Did not re-place instance traffic_replay_bd_i/rx_cap_1/inst/core_i/s_axil_rdata[17]_i_2
INFO: [Physopt 32-662] Processed net traffic_replay_bd_i/rx_cap_1/inst/core_i/s_axil_rdata[17]_i_30_n_0.  Did not re-place instance traffic_replay_bd_i/rx_cap_1/inst/core_i/s_axil_rdata[17]_i_30
INFO: [Physopt 32-662] Processed net traffic_replay_bd_i/rx_cap_1/inst/core_i/s_axil_rdata[17]_i_64_n_0.  Did not re-place instance traffic_replay_bd_i/rx_cap_1/inst/core_i/s_axil_rdata[17]_i_64
INFO: [Physopt 32-662] Processed net traffic_replay_bd_i/rx_cap_1/inst/core_i/s_axil_rdata[17].  Did not re-place instance traffic_replay_bd_i/rx_cap_1/inst/core_i/s_axil_rdata_reg[17]
INFO: [Physopt 32-662] Processed net traffic_replay_bd_i/rx_cap_1/inst/core_i/s_axil_rdata[3]_i_44_n_0.  Did not re-place instance traffic_replay_bd_i/rx_cap_1/inst/core_i/s_axil_rdata[3]_i_44
INFO: [Physopt 32-662] Processed net traffic_replay_bd_i/rx_cap_1/inst/core_i/rx_fifo_clear_count_q[3].  Did not re-place instance traffic_replay_bd_i/rx_cap_1/inst/core_i/rx_fifo_clear_count_q_reg[3]
INFO: [Physopt 32-661] Optimized 45 nets.  Re-placed 45 instances.
INFO: [Physopt 32-775] End 1 Pass. Optimized 45 nets or cells. Created 0 new cell, deleted 0 existing cell and moved 45 existing cells
INFO: [Physopt 32-619] Estimated Timing Summary | WNS=-0.040 | TNS=-0.040 |
Netlist sorting complete. Time (s): cpu = 00:00:00.07 ; elapsed = 00:00:00.08 . Memory (MB): peak = 11615.543 ; gain = 0.000 ; free physical = 72339 ; free virtual = 95589
Phase 29 Single Cell Placement Optimization | Checksum: 22d4d5c96

Time (s): cpu = 00:09:03 ; elapsed = 00:09:12 . Memory (MB): peak = 11615.543 ; gain = 0.000 ; free physical = 72338 ; free virtual = 95588

Phase 30 Multi Cell Placement Optimization
INFO: [Physopt 32-660] Identified 100 candidate nets for placement-based optimization.
INFO: [Physopt 32-662] Processed net traffic_replay_bd_i/rx_cap_1/inst/core_i/s_axil_rdata[31]_i_7_n_0_repN_1.  Did not re-place instance traffic_replay_bd_i/rx_cap_1/inst/core_i/s_axil_rdata[31]_i_7_replica/O
INFO: [Physopt 32-662] Processed net traffic_replay_bd_i/ctrl_rx1_cc/inst/gen_clock_conv.gen_async_lite_conv.clock_conv_lite_fwd_ar/handshake/dest_hsdata_ff[12].  Did not re-place instance traffic_replay_bd_i/ctrl_rx1_cc/inst/gen_clock_conv.gen_async_lite_conv.clock_conv_lite_fwd_ar/handshake/dest_hsdata_ff_reg[12]/Q
INFO: [Physopt 32-662] Processed net traffic_replay_bd_i/rx_cap_1/inst/core_i/s_axil_rdata[31]_i_2_n_0.  Did not re-place instance traffic_replay_bd_i/rx_cap_1/inst/core_i/s_axil_rdata[31]_i_2/O
INFO: [Physopt 32-662] Processed net traffic_replay_bd_i/ctrl_rx1_cc/inst/gen_clock_conv.gen_async_lite_conv.clock_conv_lite_fwd_ar/handshake/dest_hsdata_ff[9].  Did not re-place instance traffic_replay_bd_i/ctrl_rx1_cc/inst/gen_clock_conv.gen_async_lite_conv.clock_conv_lite_fwd_ar/handshake/dest_hsdata_ff_reg[9]/Q
INFO: [Physopt 32-662] Processed net traffic_replay_bd_i/ctrl_rx1_cc/inst/gen_clock_conv.gen_async_lite_conv.clock_conv_lite_fwd_ar/handshake/dest_hsdata_ff[15].  Did not re-place instance traffic_replay_bd_i/ctrl_rx1_cc/inst/gen_clock_conv.gen_async_lite_conv.clock_conv_lite_fwd_ar/handshake/dest_hsdata_ff_reg[15]/Q
INFO: [Physopt 32-661] Optimized 0 net.  Re-placed 0 instance.
INFO: [Physopt 32-775] End 1 Pass. Optimized 0 net or cell. Created 0 new cell, deleted 0 existing cell and moved 0 existing cell
Netlist sorting complete. Time (s): cpu = 00:00:00.07 ; elapsed = 00:00:00.08 . Memory (MB): peak = 11615.543 ; gain = 0.000 ; free physical = 72338 ; free virtual = 95588
Phase 30 Multi Cell Placement Optimization | Checksum: 14ec4fea3

Time (s): cpu = 00:09:06 ; elapsed = 00:09:14 . Memory (MB): peak = 11615.543 ; gain = 0.000 ; free physical = 72338 ; free virtual = 95588

Phase 31 SLR Crossing Optimization
WARNING: [Physopt 32-894] Found a constraint with the -through option on pin traffic_replay_bd_i/ddr_bank1_cc/inst/gen_clock_conv.gen_async_conv.asyncfifo_axi/inst_fifo_gen/gaxi_full_lite.gread_ch.grdch2.axi_rdch/grf.rf/rstblk/ngwrdrst.grst.g7serrst.gnsckt_wrst.rst_wr_reg2_inst/src_arst or the net immediately connecting to the pin. This constraint will block optimizations for this and all downstream leaf pins.
WARNING: [Physopt 32-894] Found a constraint with the -through option on pin traffic_replay_bd_i/ddr_smc_2/inst/s01_nodes/s01_w_node/inst/s_sc_xpm_cdc_async_rst_inst/src_arst or the net immediately connecting to the pin. This constraint will block optimizations for this and all downstream leaf pins.
WARNING: [Physopt 32-894] Found a constraint with the -through option on pin traffic_replay_bd_i/ddr_smc_3/inst/s01_nodes/s01_w_node/inst/s_sc_xpm_cdc_async_rst_inst/src_arst or the net immediately connecting to the pin. This constraint will block optimizations for this and all downstream leaf pins.
INFO: [Physopt 32-913] Selecting 1 candidate net for crossing SLR optimization.
INFO: [Physopt 32-775] End 1 Pass. Optimized 0 net or cell. Created 0 new cell, deleted 0 existing cell and moved 0 existing cell
Phase 31 SLR Crossing Optimization | Checksum: 14ec4fea3

Time (s): cpu = 00:09:09 ; elapsed = 00:09:17 . Memory (MB): peak = 11615.543 ; gain = 0.000 ; free physical = 72328 ; free virtual = 95578

Phase 32 Critical Path Optimization
INFO: [Physopt 32-619] Estimated Timing Summary | WNS=-0.040 | TNS=-0.040 |
INFO: [Physopt 32-702] Processed net traffic_replay_bd_i/rx_cap_1/inst/core_i/s_axil_rdata[31]. Optimizations did not improve timing on the net.
INFO: [Physopt 32-662] Processed net traffic_replay_bd_i/ctrl_rx1_cc/inst/gen_clock_conv.gen_async_lite_conv.clock_conv_lite_fwd_ar/handshake/dest_hsdata_ff[12].  Did not re-place instance traffic_replay_bd_i/ctrl_rx1_cc/inst/gen_clock_conv.gen_async_lite_conv.clock_conv_lite_fwd_ar/handshake/dest_hsdata_ff_reg[12]
INFO: [Physopt 32-662] Processed net traffic_replay_bd_i/ctrl_rx1_cc/inst/gen_clock_conv.gen_async_lite_conv.clock_conv_lite_fwd_ar/handshake/dest_hsdata_ff[12].  Did not re-place instance traffic_replay_bd_i/ctrl_rx1_cc/inst/gen_clock_conv.gen_async_lite_conv.clock_conv_lite_fwd_ar/handshake/dest_hsdata_ff_reg[12]/Q
INFO: [Physopt 32-702] Processed net traffic_replay_bd_i/ctrl_rx1_cc/inst/gen_clock_conv.gen_async_lite_conv.clock_conv_lite_fwd_ar/handshake/dest_hsdata_ff[12]. Optimizations did not improve timing on the net.
INFO: [Physopt 32-662] Processed net traffic_replay_bd_i/rx_cap_1/inst/core_i/s_axil_rdata[31]_i_7_n_0_repN_1.  Did not re-place instance traffic_replay_bd_i/rx_cap_1/inst/core_i/s_axil_rdata[31]_i_7_replica
INFO: [Physopt 32-662] Processed net traffic_replay_bd_i/rx_cap_1/inst/core_i/s_axil_rdata[31]_i_7_n_0_repN_1.  Did not re-place instance traffic_replay_bd_i/rx_cap_1/inst/core_i/s_axil_rdata[31]_i_7_replica/O
INFO: [Physopt 32-710] Processed net traffic_replay_bd_i/rx_cap_1/inst/core_i/s_axil_rdata[31]_i_2_n_0. Critical path length was reduced through logic transformation on cell traffic_replay_bd_i/rx_cap_1/inst/core_i/s_axil_rdata[31]_i_2_comp.
INFO: [Physopt 32-735] Processed net traffic_replay_bd_i/rx_cap_1/inst/core_i/s_axil_rdata[31]_i_7_n_0_repN_1. Optimization improves timing on the net.
INFO: [Physopt 32-619] Estimated Timing Summary | WNS=0.004 | TNS=0.000 |
INFO: [Physopt 32-619] Estimated Timing Summary | WNS=0.004 | TNS=0.000 |
Phase 32 Critical Path Optimization | Checksum: 1fb934ab4

Time (s): cpu = 00:09:22 ; elapsed = 00:09:31 . Memory (MB): peak = 11615.543 ; gain = 0.000 ; free physical = 72329 ; free virtual = 95579

Phase 33 Critical Path Optimization
INFO: [Physopt 32-619] Estimated Timing Summary | WNS=0.004 | TNS=0.000 |
INFO: [Physopt 32-619] Estimated Timing Summary | WNS=0.004 | TNS=0.000 |
Phase 33 Critical Path Optimization | Checksum: 1fb934ab4

Time (s): cpu = 00:09:23 ; elapsed = 00:09:31 . Memory (MB): peak = 11615.543 ; gain = 0.000 ; free physical = 72329 ; free virtual = 95579

Phase 34 BRAM Enable Optimization
Phase 34 BRAM Enable Optimization | Checksum: 1fb934ab4

Time (s): cpu = 00:09:23 ; elapsed = 00:09:31 . Memory (MB): peak = 11615.543 ; gain = 0.000 ; free physical = 72329 ; free virtual = 95579
INFO: [Physopt 32-960] Skip hold-fix as initial WHS does not violate hold threshold 250 ps
Netlist sorting complete. Time (s): cpu = 00:00:00.15 ; elapsed = 00:00:00.16 . Memory (MB): peak = 11615.543 ; gain = 0.000 ; free physical = 72365 ; free virtual = 95615
Netlist sorting complete. Time (s): cpu = 00:00:00.07 ; elapsed = 00:00:00.07 . Memory (MB): peak = 11615.543 ; gain = 0.000 ; free physical = 72363 ; free virtual = 95613
INFO: [Physopt 32-603] Post Physical Optimization Timing Summary | WNS=0.004 | TNS=0.000 |

Summary of Physical Synthesis Optimizations
============================================


----------------------------------------------------------------------------------------------------------------------------------------------------------------------
|  Optimization            |  WNS Gain (ns)  |  TNS Gain (ns)  |  Added Cells  |  Removed Cells  |  Optimized Cells/Nets  |  Dont Touch  |  Iterations  |  Elapsed   |
----------------------------------------------------------------------------------------------------------------------------------------------------------------------
|  Fanout                  |          0.022  |          1.875  |          207  |              0  |                    93  |           3  |           3  |  00:02:26  |
|  Single Cell Placement   |          0.098  |          2.759  |            0  |              0  |                   183  |           0  |           4  |  00:01:49  |
|  Multi Cell Placement    |          0.000  |          0.020  |            0  |              0  |                     2  |           0  |           4  |  00:00:24  |
|  Rewire                  |          0.018  |         -0.104  |            2  |              0  |                     3  |           0  |           3  |  00:00:08  |
|  Critical Cell           |          0.044  |          0.226  |            3  |              0  |                     4  |           6  |           3  |  00:00:19  |
|  SLR Crossing            |          0.000  |          0.133  |            2  |              0  |                    16  |           0  |           3  |  00:00:16  |
|  DSP Register            |          0.000  |          0.000  |            0  |              0  |                     0  |           0  |           2  |  00:00:01  |
|  BRAM Register           |          0.000  |          0.000  |            0  |              0  |                     0  |           0  |           2  |  00:00:00  |
|  URAM Register           |          0.000  |          0.000  |            0  |              0  |                     0  |           0  |           2  |  00:00:00  |
|  Shift Register          |          0.000  |          0.000  |            0  |              0  |                     0  |           0  |           2  |  00:00:00  |
|  Critical Pin            |          0.000  |          0.006  |            0  |              0  |                    38  |           0  |           1  |  00:00:07  |
|  Very High Fanout        |          0.000  |          0.000  |          128  |              0  |                    76  |          44  |           1  |  00:02:19  |
|  BRAM Enable             |          0.000  |          0.000  |            0  |              0  |                     0  |           0  |           1  |  00:00:00  |
|  Critical Path           |          0.044  |          0.040  |            0  |              0  |                     1  |           0  |           2  |  00:00:14  |
|  Total                   |          0.226  |          4.955  |          342  |              0  |                   416  |          53  |          33  |  00:08:05  |
----------------------------------------------------------------------------------------------------------------------------------------------------------------------


Netlist sorting complete. Time (s): cpu = 00:00:00.08 ; elapsed = 00:00:00.08 . Memory (MB): peak = 11615.543 ; gain = 0.000 ; free physical = 72360 ; free virtual = 95610
Ending Physical Synthesis Task | Checksum: 1b1a22072

Time (s): cpu = 00:09:29 ; elapsed = 00:09:38 . Memory (MB): peak = 11615.543 ; gain = 0.000 ; free physical = 72360 ; free virtual = 95610
INFO: [Common 17-83] Releasing license: Implementation
1786 Infos, 164 Warnings, 0 Critical Warnings and 0 Errors encountered.
phys_opt_design completed successfully
phys_opt_design: Time (s): cpu = 00:12:34 ; elapsed = 00:12:44 . Memory (MB): peak = 11615.543 ; gain = 0.000 ; free physical = 73114 ; free virtual = 96364
INFO: [Common 17-600] The following parameters have non-default value.
general.maxThreads
INFO: [Timing 38-480] Writing timing data to binary archive.
Writing placer database...
Writing XDEF routing.
Writing XDEF routing logical nets.
Writing XDEF routing special nets.
Write XDEF Complete: Time (s): cpu = 00:00:14 ; elapsed = 00:00:15 . Memory (MB): peak = 11615.543 ; gain = 0.000 ; free physical = 72188 ; free virtual = 96272
INFO: [Common 17-1381] The checkpoint '/home/user/tr_4ddr_timingfix_runs/bd_4ddr_dual_20260708_001610/build/vivado_hw/traffic_replay_hw.runs/impl_1/traffic_replay_bd_wrapper_physopt.dcp' has been generated.
write_checkpoint: Time (s): cpu = 00:02:15 ; elapsed = 00:02:29 . Memory (MB): peak = 11615.543 ; gain = 0.000 ; free physical = 72832 ; free virtual = 96289
Command: route_design -directive Explore -tns_cleanup
Attempting to get a license for feature 'Implementation' and/or device 'xcu200'
INFO: [Common 17-349] Got license for feature 'Implementation' and/or device 'xcu200'
INFO: [Vivado_Tcl 4-198] DRC finished with 0 Errors
INFO: [Vivado_Tcl 4-199] Please refer to the DRC report (report_drc) for more information.
Running DRC as a precondition to command route_design
INFO: [Vivado_Tcl 4-198] DRC finished with 0 Errors
INFO: [Vivado_Tcl 4-199] Please refer to the DRC report (report_drc) for more information.


Starting Routing Task
INFO: [Route 35-270] Using Router directive 'Explore'.
Checksum: PlaceDB: 2b7f542a ConstDB: 0 ShapeSum: 90e66412 RouteDB: 792c0843

Phase 1 Build RT Design
Nodegraph reading from file.  Time (s): cpu = 00:00:01 ; elapsed = 00:00:02 . Memory (MB): peak = 11615.543 ; gain = 0.000 ; free physical = 72177 ; free virtual = 95635
Phase 1 Build RT Design | Checksum: c087d13f

Time (s): cpu = 00:01:08 ; elapsed = 00:01:08 . Memory (MB): peak = 11615.543 ; gain = 0.000 ; free physical = 72114 ; free virtual = 95572
Post Restoration Checksum: NetGraph: db68849a NumContArr: 63d75783 Constraints: 28f9ea9e Timing: 0

Phase 2 Router Initialization

Phase 2.1 Create Timer
Phase 2.1 Create Timer | Checksum: 16839c6bb

Time (s): cpu = 00:01:14 ; elapsed = 00:01:14 . Memory (MB): peak = 11616.547 ; gain = 1.004 ; free physical = 72344 ; free virtual = 95802

Phase 2.2 Fix Topology Constraints
Phase 2.2 Fix Topology Constraints | Checksum: 16839c6bb

Time (s): cpu = 00:01:15 ; elapsed = 00:01:16 . Memory (MB): peak = 11616.547 ; gain = 1.004 ; free physical = 72291 ; free virtual = 95749

Phase 2.3 Pre Route Cleanup
Phase 2.3 Pre Route Cleanup | Checksum: 16839c6bb

Time (s): cpu = 00:01:16 ; elapsed = 00:01:17 . Memory (MB): peak = 11616.547 ; gain = 1.004 ; free physical = 72291 ; free virtual = 95749

Phase 2.4 Global Clock Net Routing
 Number of Nodes with overlaps = 0
Phase 2.4 Global Clock Net Routing | Checksum: 123045c16

Time (s): cpu = 00:01:48 ; elapsed = 00:01:50 . Memory (MB): peak = 11616.547 ; gain = 1.004 ; free physical = 72254 ; free virtual = 95712

Phase 2.5 Update Timing
Phase 2.5 Update Timing | Checksum: 151c22f79

Time (s): cpu = 00:04:35 ; elapsed = 00:04:39 . Memory (MB): peak = 11616.547 ; gain = 1.004 ; free physical = 71851 ; free virtual = 95335
INFO: [Route 35-416] Intermediate Timing Summary | WNS=0.076  | TNS=0.000  | WHS=-0.398 | THS=-783.459|


Phase 2.6 Update Timing for Bus Skew

Phase 2.6.1 Update Timing
Phase 2.6.1 Update Timing | Checksum: 1a31e1f8d

Time (s): cpu = 00:08:32 ; elapsed = 00:08:37 . Memory (MB): peak = 11616.547 ; gain = 1.004 ; free physical = 71821 ; free virtual = 95306
INFO: [Route 35-416] Intermediate Timing Summary | WNS=0.076  | TNS=0.000  | WHS=N/A    | THS=N/A    |

Phase 2.6 Update Timing for Bus Skew | Checksum: 15e7fd177

Time (s): cpu = 00:08:35 ; elapsed = 00:08:40 . Memory (MB): peak = 11616.547 ; gain = 1.004 ; free physical = 71803 ; free virtual = 95287
Phase 2 Router Initialization | Checksum: 1bf84710d

Time (s): cpu = 00:08:36 ; elapsed = 00:08:41 . Memory (MB): peak = 11616.547 ; gain = 1.004 ; free physical = 71802 ; free virtual = 95287

Router Utilization Summary
  Global Vertical Routing Utilization    = 0.000762224 %
  Global Horizontal Routing Utilization  = 0.000209005 %
  Routable Net Status*
  *Does not include unroutable nets such as driverless and loadless.
  Run report_route_status for detailed report.
  Number of Failed Nets               = 536863
    (Failed Nets is the sum of unrouted and partially routed nets)
  Number of Unrouted Nets             = 447442
  Number of Partially Routed Nets     = 89421
  Number of Node Overlaps             = 0


Phase 3 Initial Routing

Phase 3.1 Global Routing
Number SLLs per Column: 1440
Estimated SLL Demand Per Column: 
  SLR [1-2]        3 (  0%)   276 ( 19%)   331 ( 23%)   895 ( 62%)  1094 ( 76%)   686 ( 48%)   728 ( 51%)  1417 ( 98%)   102 (  7%)    42 (  3%)     8 (  1%)     4 (  0%)  Demand:  5586 Available: 17280 Utilization(%): 32.33
  SLR [0-1]        1 (  0%)     1 (  0%)     1 (  0%)   464 ( 32%)   730 ( 51%)    58 (  4%)    64 (  4%)    25 (  2%)     1 (  0%)     1 (  0%)     0 (  0%)     0 (  0%)  Demand:  1346 Available: 17280 Utilization(%): 7.79

Phase 3.1.1 SLL Assignment
Number SLLs per Column: 1440
Estimated SLL Demand Per Column: 
  SLR [1-2]        3 (  0%)   276 ( 19%)   331 ( 23%)   895 ( 62%)  1094 ( 76%)   686 ( 48%)   728 ( 51%)  1417 ( 98%)   102 (  7%)    42 (  3%)     8 (  1%)     4 (  0%)  Demand:  5586 Available: 17280 Utilization(%): 32.33
  SLR [0-1]        1 (  0%)     1 (  0%)     1 (  0%)   464 ( 32%)   730 ( 51%)    58 (  4%)    64 (  4%)    25 (  2%)     1 (  0%)     1 (  0%)     0 (  0%)     0 (  0%)  Demand:  1346 Available: 17280 Utilization(%): 7.79
Phase 3.1.1 SLL Assignment | Checksum: 309684deb

Time (s): cpu = 00:08:58 ; elapsed = 00:09:06 . Memory (MB): peak = 11760.375 ; gain = 144.832 ; free physical = 71787 ; free virtual = 95272
Phase 3.1 Global Routing | Checksum: 309684deb

Time (s): cpu = 00:08:58 ; elapsed = 00:09:06 . Memory (MB): peak = 11760.375 ; gain = 144.832 ; free physical = 71787 ; free virtual = 95272
Phase 3 Initial Routing | Checksum: d8d18188

Time (s): cpu = 00:12:23 ; elapsed = 00:12:33 . Memory (MB): peak = 11760.375 ; gain = 144.832 ; free physical = 71559 ; free virtual = 95044

INFO: [Route 35-449] Initial Estimated Congestion
 ________________________________________________________________________
|           | Global Congestion | Long Congestion   | Short Congestion  |
|           |___________________|___________________|___________________|
| Direction | Size   | % Tiles  | Size   | % Tiles  | Size   | % Tiles  |
|___________|________|__________|________|__________|________|__________|
|      NORTH|     8x8|      1.10|   16x16|      2.68|     8x8|      0.98|
|___________|________|__________|________|__________|________|__________|
|      SOUTH|   16x16|      1.03|   16x16|      2.70|     8x8|      0.97|
|___________|________|__________|________|__________|________|__________|
|       EAST|     4x4|      0.16|     4x4|      0.44|     8x8|      1.11|
|___________|________|__________|________|__________|________|__________|
|       WEST|     4x4|      0.21|     8x8|      0.54|     8x8|      0.90|
|___________|________|__________|________|__________|________|__________|
Congestion Report
GLOBAL Congestion bounded by tiles (Lower Left Tile -> Upper Right Tile):
SOUTH
	INT_X36Y466->INT_X39Y517 (CMT_L_X36Y420->DSP_X39Y515)
	INT_X40Y532->INT_X47Y539 (CLEM_X40Y532->CLEL_R_X47Y539)
	INT_X40Y531->INT_X47Y538 (CLEM_X40Y531->CLEL_R_X47Y538)
	INT_X40Y530->INT_X47Y537 (CLEM_X40Y530->CLEL_R_X47Y537)
	INT_X40Y529->INT_X47Y536 (CLEM_X40Y529->CLEL_R_X47Y536)
LONG Congestion bounded by tiles (Lower Left Tile -> Upper Right Tile):
NORTH
	INT_X96Y342->INT_X103Y381 (CLEM_X96Y342->CLEL_R_X103Y381)
	INT_X95Y356->INT_X107Y371 (LAG_LAG_X94Y356->GTY_R_X107Y360)
	INT_X95Y355->INT_X107Y370 (LAG_LAG_X94Y355->GTY_R_X107Y360)
	INT_X95Y354->INT_X107Y369 (LAG_LAG_X94Y354->GTY_R_X107Y360)
	INT_X95Y353->INT_X107Y368 (LAG_LAG_X94Y353->GTY_R_X107Y360)
SOUTH
	INT_X34Y475->INT_X45Y546 (CLEM_X34Y475->CLEL_R_X45Y546)
	INT_X94Y340->INT_X107Y355 (CLEM_X94Y340->GTY_R_X107Y300)
	INT_X94Y339->INT_X107Y354 (CLEM_X94Y339->GTY_R_X107Y300)
	INT_X94Y338->INT_X107Y353 (CLEM_X94Y338->GTY_R_X107Y300)
	INT_X94Y337->INT_X107Y352 (CLEM_X94Y337->GTY_R_X107Y300)
INFO: [Route 35-580] Design has 2 pins with tight setup and hold constraints.

The top 5 pins with tight setup and hold constraints:

+--------------------------+--------------------------+----------------------------------------------------------------------------------------------------------+
|       Launch Clock       |      Capture Clock       |                                                 Pin                                                      |
+--------------------------+--------------------------+----------------------------------------------------------------------------------------------------------+
| traffic_replay_bd_i/xdma_0/inst/pcie4_ip_i/inst/traffic_replay_bd_xdma_0_0_pcie4_ip_gt_top_i/diablo_gt.diablo_gt_phy_wrapper/gt_wizard.gtwizard_top_i/traffic_replay_bd_xdma_0_0_pcie4_ip_gt_i/inst/gen_gtwizard_gtye4_top.traffic_replay_bd_xdma_0_0_pcie4_ip_gt_gtwizard_gtye4_inst/gen_gtwizard_gtye4.gen_channel_container[32].gen_enabled_channel.gtye4_channel_wrapper_inst/channel_inst/gtye4_channel_gen.gen_gtye4_channel_inst[3].GTYE4_CHANNEL_PRIM_INST/TXOUTCLK |traffic_replay_bd_i/xdma_0/inst/pcie4_ip_i/inst/traffic_replay_bd_xdma_0_0_pcie4_ip_gt_top_i/diablo_gt.diablo_gt_phy_wrapper/gt_wizard.gtwizard_top_i/traffic_replay_bd_xdma_0_0_pcie4_ip_gt_i/inst/gen_gtwizard_gtye4_top.traffic_replay_bd_xdma_0_0_pcie4_ip_gt_gtwizard_gtye4_inst/gen_gtwizard_gtye4.gen_channel_container[32].gen_enabled_channel.gtye4_channel_wrapper_inst/channel_inst/gtye4_channel_gen.gen_gtye4_channel_inst[3].GTYE4_CHANNEL_PRIM_INST/TXOUTCLK |traffic_replay_bd_i/xdma_0/inst/pcie4_ip_i/inst/traffic_replay_bd_xdma_0_0_pcie4_ip_pcie_4_0_pipe_inst/pcie_4_0_e4_inst/MAXISRCTREADY[2]|
| traffic_replay_bd_i/xdma_0/inst/pcie4_ip_i/inst/traffic_replay_bd_xdma_0_0_pcie4_ip_gt_top_i/diablo_gt.diablo_gt_phy_wrapper/gt_wizard.gtwizard_top_i/traffic_replay_bd_xdma_0_0_pcie4_ip_gt_i/inst/gen_gtwizard_gtye4_top.traffic_replay_bd_xdma_0_0_pcie4_ip_gt_gtwizard_gtye4_inst/gen_gtwizard_gtye4.gen_channel_container[32].gen_enabled_channel.gtye4_channel_wrapper_inst/channel_inst/gtye4_channel_gen.gen_gtye4_channel_inst[3].GTYE4_CHANNEL_PRIM_INST/TXOUTCLK |traffic_replay_bd_i/xdma_0/inst/pcie4_ip_i/inst/traffic_replay_bd_xdma_0_0_pcie4_ip_gt_top_i/diablo_gt.diablo_gt_phy_wrapper/gt_wizard.gtwizard_top_i/traffic_replay_bd_xdma_0_0_pcie4_ip_gt_i/inst/gen_gtwizard_gtye4_top.traffic_replay_bd_xdma_0_0_pcie4_ip_gt_gtwizard_gtye4_inst/gen_gtwizard_gtye4.gen_channel_container[32].gen_enabled_channel.gtye4_channel_wrapper_inst/channel_inst/gtye4_channel_gen.gen_gtye4_channel_inst[3].GTYE4_CHANNEL_PRIM_INST/TXOUTCLK |traffic_replay_bd_i/xdma_0/inst/pcie4_ip_i/inst/traffic_replay_bd_xdma_0_0_pcie4_ip_pcie_4_0_pipe_inst/pcie_4_0_e4_inst/MAXISRCTREADY[4]|
+--------------------------+--------------------------+----------------------------------------------------------------------------------------------------------+

File with complete list of pins: tight_setup_hold_pins.txt


Phase 4 Rip-up And Reroute

Phase 4.1 Global Iteration 0
 Number of Nodes with overlaps = 130802
 Number of Nodes with overlaps = 13493
 Number of Nodes with overlaps = 2219
 Number of Nodes with overlaps = 708
 Number of Nodes with overlaps = 312
 Number of Nodes with overlaps = 142
 Number of Nodes with overlaps = 65
 Number of Nodes with overlaps = 44
 Number of Nodes with overlaps = 24
 Number of Nodes with overlaps = 11
 Number of Nodes with overlaps = 2
 Number of Nodes with overlaps = 0
INFO: [Route 35-416] Intermediate Timing Summary | WNS=-0.571 | TNS=-66.355| WHS=-0.101 | THS=-10.390|

Phase 4.1 Global Iteration 0 | Checksum: 3026cae41

Time (s): cpu = 00:38:29 ; elapsed = 00:39:00 . Memory (MB): peak = 11760.375 ; gain = 144.832 ; free physical = 71484 ; free virtual = 94972

Phase 4.2 Global Iteration 1
 Number of Nodes with overlaps = 713
 Number of Nodes with overlaps = 112
 Number of Nodes with overlaps = 32
 Number of Nodes with overlaps = 7
 Number of Nodes with overlaps = 1
 Number of Nodes with overlaps = 1
 Number of Nodes with overlaps = 1
 Number of Nodes with overlaps = 1
 Number of Nodes with overlaps = 1
 Number of Nodes with overlaps = 1
 Number of Nodes with overlaps = 0
INFO: [Route 35-416] Intermediate Timing Summary | WNS=-0.252 | TNS=-12.046| WHS=N/A    | THS=N/A    |

Phase 4.2 Global Iteration 1 | Checksum: 2964fc0ef

Time (s): cpu = 00:42:07 ; elapsed = 00:42:43 . Memory (MB): peak = 11760.375 ; gain = 144.832 ; free physical = 71493 ; free virtual = 94981

Phase 4.3 Global Iteration 2
 Number of Nodes with overlaps = 200
 Number of Nodes with overlaps = 64
 Number of Nodes with overlaps = 33
 Number of Nodes with overlaps = 12
 Number of Nodes with overlaps = 5
 Number of Nodes with overlaps = 3
 Number of Nodes with overlaps = 1
 Number of Nodes with overlaps = 1
 Number of Nodes with overlaps = 0
INFO: [Route 35-416] Intermediate Timing Summary | WNS=-0.175 | TNS=-7.159 | WHS=N/A    | THS=N/A    |

Phase 4.3 Global Iteration 2 | Checksum: 1442138e5

Time (s): cpu = 00:44:35 ; elapsed = 00:45:14 . Memory (MB): peak = 11760.375 ; gain = 144.832 ; free physical = 71500 ; free virtual = 94988

Phase 4.4 Global Iteration 3
 Number of Nodes with overlaps = 221
 Number of Nodes with overlaps = 113
 Number of Nodes with overlaps = 47
 Number of Nodes with overlaps = 21
 Number of Nodes with overlaps = 9
 Number of Nodes with overlaps = 4
 Number of Nodes with overlaps = 3
 Number of Nodes with overlaps = 1
 Number of Nodes with overlaps = 1
 Number of Nodes with overlaps = 2
 Number of Nodes with overlaps = 1
 Number of Nodes with overlaps = 2
 Number of Nodes with overlaps = 1
 Number of Nodes with overlaps = 1
 Number of Nodes with overlaps = 3
 Number of Nodes with overlaps = 1
 Number of Nodes with overlaps = 2
 Number of Nodes with overlaps = 0
INFO: [Route 35-416] Intermediate Timing Summary | WNS=-0.135 | TNS=-4.590 | WHS=N/A    | THS=N/A    |

Phase 4.4 Global Iteration 3 | Checksum: 28fde732c

Time (s): cpu = 00:48:28 ; elapsed = 00:49:13 . Memory (MB): peak = 11760.375 ; gain = 144.832 ; free physical = 71492 ; free virtual = 94981

Phase 4.5 Global Iteration 4
 Number of Nodes with overlaps = 54
 Number of Nodes with overlaps = 24
 Number of Nodes with overlaps = 13
 Number of Nodes with overlaps = 9
 Number of Nodes with overlaps = 4
 Number of Nodes with overlaps = 3
 Number of Nodes with overlaps = 2
 Number of Nodes with overlaps = 1
 Number of Nodes with overlaps = 1
 Number of Nodes with overlaps = 0
INFO: [Route 35-416] Intermediate Timing Summary | WNS=-0.142 | TNS=-3.171 | WHS=N/A    | THS=N/A    |

Phase 4.5 Global Iteration 4 | Checksum: 21981a133

Time (s): cpu = 00:50:01 ; elapsed = 00:50:49 . Memory (MB): peak = 11760.375 ; gain = 144.832 ; free physical = 71496 ; free virtual = 94986
Phase 4 Rip-up And Reroute | Checksum: 21981a133

Time (s): cpu = 00:50:03 ; elapsed = 00:50:50 . Memory (MB): peak = 11760.375 ; gain = 144.832 ; free physical = 71497 ; free virtual = 94986

Phase 5 Delay and Skew Optimization

Phase 5.1 TNS Cleanup

Phase 5.1.1 Delay CleanUp

Phase 5.1.1.1 Update Timing
Phase 5.1.1.1 Update Timing | Checksum: 1d994a8db

Time (s): cpu = 00:51:27 ; elapsed = 00:52:15 . Memory (MB): peak = 11760.375 ; gain = 144.832 ; free physical = 71432 ; free virtual = 94922
INFO: [Route 35-416] Intermediate Timing Summary | WNS=-0.135 | TNS=-4.590 | WHS=0.010  | THS=0.000  |

 Number of Nodes with overlaps = 0

Phase 5.1.1.2 Update Timing
Phase 5.1.1.2 Update Timing | Checksum: 2ea18d95e

Time (s): cpu = 00:52:35 ; elapsed = 00:53:23 . Memory (MB): peak = 11760.375 ; gain = 144.832 ; free physical = 71422 ; free virtual = 94911
INFO: [Route 35-416] Intermediate Timing Summary | WNS=-0.135 | TNS=-3.823 | WHS=N/A    | THS=N/A    |

 Number of Nodes with overlaps = 0

Phase 5.1.1.3 Update Timing
Phase 5.1.1.3 Update Timing | Checksum: 2e406b3de

Time (s): cpu = 00:53:38 ; elapsed = 00:54:26 . Memory (MB): peak = 11760.375 ; gain = 144.832 ; free physical = 71420 ; free virtual = 94909
INFO: [Route 35-416] Intermediate Timing Summary | WNS=-0.135 | TNS=-3.808 | WHS=N/A    | THS=N/A    |

 Number of Nodes with overlaps = 0

Phase 5.1.1.4 Update Timing
Phase 5.1.1.4 Update Timing | Checksum: 2d2cb0f0f

Time (s): cpu = 00:54:42 ; elapsed = 00:55:31 . Memory (MB): peak = 11760.375 ; gain = 144.832 ; free physical = 71418 ; free virtual = 94907
INFO: [Route 35-416] Intermediate Timing Summary | WNS=-0.135 | TNS=-3.808 | WHS=N/A    | THS=N/A    |

Phase 5.1.1 Delay CleanUp | Checksum: 2be19934d

Time (s): cpu = 00:54:52 ; elapsed = 00:55:41 . Memory (MB): peak = 11760.375 ; gain = 144.832 ; free physical = 71477 ; free virtual = 94967
Phase 5.1 TNS Cleanup | Checksum: 2be19934d

Time (s): cpu = 00:54:54 ; elapsed = 00:55:43 . Memory (MB): peak = 11760.375 ; gain = 144.832 ; free physical = 71477 ; free virtual = 94967

Phase 5.2 Clock Skew Optimization
Phase 5.2 Clock Skew Optimization | Checksum: 2be19934d

Time (s): cpu = 00:54:55 ; elapsed = 00:55:44 . Memory (MB): peak = 11760.375 ; gain = 144.832 ; free physical = 71477 ; free virtual = 94967
Phase 5 Delay and Skew Optimization | Checksum: 2be19934d

Time (s): cpu = 00:54:57 ; elapsed = 00:55:46 . Memory (MB): peak = 11760.375 ; gain = 144.832 ; free physical = 71477 ; free virtual = 94967

Phase 6 Post Hold Fix

Phase 6.1 Hold Fix Iter

Phase 6.1.1 Update Timing
Phase 6.1.1 Update Timing | Checksum: 241e3a6f7

Time (s): cpu = 00:56:02 ; elapsed = 00:56:51 . Memory (MB): peak = 11760.375 ; gain = 144.832 ; free physical = 71485 ; free virtual = 94975
INFO: [Route 35-416] Intermediate Timing Summary | WNS=-0.135 | TNS=-3.808 | WHS=0.010  | THS=0.000  |

Phase 6.1 Hold Fix Iter | Checksum: 2fd70573e

Time (s): cpu = 00:56:04 ; elapsed = 00:56:54 . Memory (MB): peak = 11760.375 ; gain = 144.832 ; free physical = 71485 ; free virtual = 94975
Phase 6 Post Hold Fix | Checksum: 2fd70573e

Time (s): cpu = 00:56:06 ; elapsed = 00:56:55 . Memory (MB): peak = 11760.375 ; gain = 144.832 ; free physical = 71485 ; free virtual = 94975

Phase 7 Route finalize

Router Utilization Summary
  Global Vertical Routing Utilization    = 11.584 %
  Global Horizontal Routing Utilization  = 9.70278 %
  Routable Net Status*
  *Does not include unroutable nets such as driverless and loadless.
  Run report_route_status for detailed report.
  Number of Failed Nets               = 0
    (Failed Nets is the sum of unrouted and partially routed nets)
  Number of Unrouted Nets             = 0
  Number of Partially Routed Nets     = 0
  Number of Node Overlaps             = 0

Congestion Report
North Dir 1x1 Area, Max Cong = 86.8545%, Congestion bounded by tiles (Lower Left Tile -> Upper Right Tile):
   INT_X35Y830 -> INT_X35Y830
South Dir 1x1 Area, Max Cong = 93.8389%, Congestion bounded by tiles (Lower Left Tile -> Upper Right Tile):
   INT_X34Y784 -> INT_X34Y784
   INT_X41Y550 -> INT_X41Y550
   INT_X41Y546 -> INT_X41Y546
   INT_X45Y546 -> INT_X45Y546
   INT_X41Y539 -> INT_X41Y539
East Dir 1x1 Area, Max Cong = 84.6154%, No Congested Regions.
West Dir 1x1 Area, Max Cong = 91.3462%, Congestion bounded by tiles (Lower Left Tile -> Upper Right Tile):
   INT_X35Y768 -> INT_X35Y768
   INT_X42Y557 -> INT_X42Y557
   INT_X46Y556 -> INT_X46Y556
   INT_X46Y554 -> INT_X46Y554
   INT_X47Y547 -> INT_X47Y547

------------------------------
Reporting congestion hotspots
------------------------------
Direction: North
----------------
Congested clusters found at Level 0
Effective congestion level: 1 Aspect Ratio: 0.5 Sparse Ratio: 0.5
Direction: South
----------------
Congested clusters found at Level 0
Effective congestion level: 1 Aspect Ratio: 1 Sparse Ratio: 1.25
Direction: East
----------------
Congested clusters found at Level 0
Effective congestion level: 0 Aspect Ratio: 1 Sparse Ratio: 0
Direction: West
----------------
Congested clusters found at Level 0
Effective congestion level: 0 Aspect Ratio: 1 Sparse Ratio: 1

Phase 7 Route finalize | Checksum: 26c9f9905

Time (s): cpu = 00:56:12 ; elapsed = 00:57:01 . Memory (MB): peak = 11760.375 ; gain = 144.832 ; free physical = 71471 ; free virtual = 94961

Phase 8 Verifying routed nets

 Verification completed successfully
Phase 8 Verifying routed nets | Checksum: 26c9f9905

Time (s): cpu = 00:56:14 ; elapsed = 00:57:03 . Memory (MB): peak = 11760.375 ; gain = 144.832 ; free physical = 71466 ; free virtual = 94956

Phase 9 Depositing Routes
INFO: [Route 35-467] Router swapped GT pin traffic_replay_bd_i/xdma_0/inst/pcie4_ip_i/inst/traffic_replay_bd_xdma_0_0_pcie4_ip_gt_top_i/diablo_gt.diablo_gt_phy_wrapper/gt_wizard.gtwizard_top_i/traffic_replay_bd_xdma_0_0_pcie4_ip_gt_i/inst/gen_gtwizard_gtye4_top.traffic_replay_bd_xdma_0_0_pcie4_ip_gt_gtwizard_gtye4_inst/gen_gtwizard_gtye4.gen_channel_container[29].gen_enabled_channel.gtye4_channel_wrapper_inst/channel_inst/gtye4_channel_gen.gen_gtye4_channel_inst[0].GTYE4_CHANNEL_PRIM_INST/GTREFCLK0 to physical pin GTYE4_CHANNEL_X1Y20/SOUTHREFCLK1
INFO: [Route 35-467] Router swapped GT pin traffic_replay_bd_i/xdma_0/inst/pcie4_ip_i/inst/traffic_replay_bd_xdma_0_0_pcie4_ip_gt_top_i/diablo_gt.diablo_gt_phy_wrapper/gt_wizard.gtwizard_top_i/traffic_replay_bd_xdma_0_0_pcie4_ip_gt_i/inst/gen_gtwizard_gtye4_top.traffic_replay_bd_xdma_0_0_pcie4_ip_gt_gtwizard_gtye4_inst/gen_gtwizard_gtye4.gen_channel_container[29].gen_enabled_channel.gtye4_channel_wrapper_inst/channel_inst/gtye4_channel_gen.gen_gtye4_channel_inst[1].GTYE4_CHANNEL_PRIM_INST/GTREFCLK0 to physical pin GTYE4_CHANNEL_X1Y21/SOUTHREFCLK1
INFO: [Route 35-467] Router swapped GT pin traffic_replay_bd_i/xdma_0/inst/pcie4_ip_i/inst/traffic_replay_bd_xdma_0_0_pcie4_ip_gt_top_i/diablo_gt.diablo_gt_phy_wrapper/gt_wizard.gtwizard_top_i/traffic_replay_bd_xdma_0_0_pcie4_ip_gt_i/inst/gen_gtwizard_gtye4_top.traffic_replay_bd_xdma_0_0_pcie4_ip_gt_gtwizard_gtye4_inst/gen_gtwizard_gtye4.gen_channel_container[29].gen_enabled_channel.gtye4_channel_wrapper_inst/channel_inst/gtye4_channel_gen.gen_gtye4_channel_inst[2].GTYE4_CHANNEL_PRIM_INST/GTREFCLK0 to physical pin GTYE4_CHANNEL_X1Y22/SOUTHREFCLK1
INFO: [Route 35-467] Router swapped GT pin traffic_replay_bd_i/xdma_0/inst/pcie4_ip_i/inst/traffic_replay_bd_xdma_0_0_pcie4_ip_gt_top_i/diablo_gt.diablo_gt_phy_wrapper/gt_wizard.gtwizard_top_i/traffic_replay_bd_xdma_0_0_pcie4_ip_gt_i/inst/gen_gtwizard_gtye4_top.traffic_replay_bd_xdma_0_0_pcie4_ip_gt_gtwizard_gtye4_inst/gen_gtwizard_gtye4.gen_channel_container[29].gen_enabled_channel.gtye4_channel_wrapper_inst/channel_inst/gtye4_channel_gen.gen_gtye4_channel_inst[3].GTYE4_CHANNEL_PRIM_INST/GTREFCLK0 to physical pin GTYE4_CHANNEL_X1Y23/SOUTHREFCLK1
INFO: [Route 35-467] Router swapped GT pin traffic_replay_bd_i/xdma_0/inst/pcie4_ip_i/inst/traffic_replay_bd_xdma_0_0_pcie4_ip_gt_top_i/diablo_gt.diablo_gt_phy_wrapper/gt_wizard.gtwizard_top_i/traffic_replay_bd_xdma_0_0_pcie4_ip_gt_i/inst/gen_gtwizard_gtye4_top.traffic_replay_bd_xdma_0_0_pcie4_ip_gt_gtwizard_gtye4_inst/gen_gtwizard_gtye4.gen_channel_container[30].gen_enabled_channel.gtye4_channel_wrapper_inst/channel_inst/gtye4_channel_gen.gen_gtye4_channel_inst[0].GTYE4_CHANNEL_PRIM_INST/GTREFCLK0 to physical pin GTYE4_CHANNEL_X1Y24/SOUTHREFCLK1
INFO: [Route 35-467] Router swapped GT pin traffic_replay_bd_i/xdma_0/inst/pcie4_ip_i/inst/traffic_replay_bd_xdma_0_0_pcie4_ip_gt_top_i/diablo_gt.diablo_gt_phy_wrapper/gt_wizard.gtwizard_top_i/traffic_replay_bd_xdma_0_0_pcie4_ip_gt_i/inst/gen_gtwizard_gtye4_top.traffic_replay_bd_xdma_0_0_pcie4_ip_gt_gtwizard_gtye4_inst/gen_gtwizard_gtye4.gen_channel_container[30].gen_enabled_channel.gtye4_channel_wrapper_inst/channel_inst/gtye4_channel_gen.gen_gtye4_channel_inst[1].GTYE4_CHANNEL_PRIM_INST/GTREFCLK0 to physical pin GTYE4_CHANNEL_X1Y25/SOUTHREFCLK1
INFO: [Route 35-467] Router swapped GT pin traffic_replay_bd_i/xdma_0/inst/pcie4_ip_i/inst/traffic_replay_bd_xdma_0_0_pcie4_ip_gt_top_i/diablo_gt.diablo_gt_phy_wrapper/gt_wizard.gtwizard_top_i/traffic_replay_bd_xdma_0_0_pcie4_ip_gt_i/inst/gen_gtwizard_gtye4_top.traffic_replay_bd_xdma_0_0_pcie4_ip_gt_gtwizard_gtye4_inst/gen_gtwizard_gtye4.gen_channel_container[30].gen_enabled_channel.gtye4_channel_wrapper_inst/channel_inst/gtye4_channel_gen.gen_gtye4_channel_inst[2].GTYE4_CHANNEL_PRIM_INST/GTREFCLK0 to physical pin GTYE4_CHANNEL_X1Y26/SOUTHREFCLK1
INFO: [Route 35-467] Router swapped GT pin traffic_replay_bd_i/xdma_0/inst/pcie4_ip_i/inst/traffic_replay_bd_xdma_0_0_pcie4_ip_gt_top_i/diablo_gt.diablo_gt_phy_wrapper/gt_wizard.gtwizard_top_i/traffic_replay_bd_xdma_0_0_pcie4_ip_gt_i/inst/gen_gtwizard_gtye4_top.traffic_replay_bd_xdma_0_0_pcie4_ip_gt_gtwizard_gtye4_inst/gen_gtwizard_gtye4.gen_channel_container[30].gen_enabled_channel.gtye4_channel_wrapper_inst/channel_inst/gtye4_channel_gen.gen_gtye4_channel_inst[3].GTYE4_CHANNEL_PRIM_INST/GTREFCLK0 to physical pin GTYE4_CHANNEL_X1Y27/SOUTHREFCLK1
INFO: [Route 35-467] Router swapped GT pin traffic_replay_bd_i/xdma_0/inst/pcie4_ip_i/inst/traffic_replay_bd_xdma_0_0_pcie4_ip_gt_top_i/diablo_gt.diablo_gt_phy_wrapper/gt_wizard.gtwizard_top_i/traffic_replay_bd_xdma_0_0_pcie4_ip_gt_i/inst/gen_gtwizard_gtye4_top.traffic_replay_bd_xdma_0_0_pcie4_ip_gt_gtwizard_gtye4_inst/gen_gtwizard_gtye4.gen_channel_container[32].gen_enabled_channel.gtye4_channel_wrapper_inst/channel_inst/gtye4_channel_gen.gen_gtye4_channel_inst[0].GTYE4_CHANNEL_PRIM_INST/GTREFCLK0 to physical pin GTYE4_CHANNEL_X1Y32/NORTHREFCLK1
INFO: [Route 35-467] Router swapped GT pin traffic_replay_bd_i/xdma_0/inst/pcie4_ip_i/inst/traffic_replay_bd_xdma_0_0_pcie4_ip_gt_top_i/diablo_gt.diablo_gt_phy_wrapper/gt_wizard.gtwizard_top_i/traffic_replay_bd_xdma_0_0_pcie4_ip_gt_i/inst/gen_gtwizard_gtye4_top.traffic_replay_bd_xdma_0_0_pcie4_ip_gt_gtwizard_gtye4_inst/gen_gtwizard_gtye4.gen_channel_container[32].gen_enabled_channel.gtye4_channel_wrapper_inst/channel_inst/gtye4_channel_gen.gen_gtye4_channel_inst[1].GTYE4_CHANNEL_PRIM_INST/GTREFCLK0 to physical pin GTYE4_CHANNEL_X1Y33/NORTHREFCLK1
INFO: [Route 35-467] Router swapped GT pin traffic_replay_bd_i/xdma_0/inst/pcie4_ip_i/inst/traffic_replay_bd_xdma_0_0_pcie4_ip_gt_top_i/diablo_gt.diablo_gt_phy_wrapper/gt_wizard.gtwizard_top_i/traffic_replay_bd_xdma_0_0_pcie4_ip_gt_i/inst/gen_gtwizard_gtye4_top.traffic_replay_bd_xdma_0_0_pcie4_ip_gt_gtwizard_gtye4_inst/gen_gtwizard_gtye4.gen_channel_container[32].gen_enabled_channel.gtye4_channel_wrapper_inst/channel_inst/gtye4_channel_gen.gen_gtye4_channel_inst[2].GTYE4_CHANNEL_PRIM_INST/GTREFCLK0 to physical pin GTYE4_CHANNEL_X1Y34/NORTHREFCLK1
INFO: [Route 35-467] Router swapped GT pin traffic_replay_bd_i/xdma_0/inst/pcie4_ip_i/inst/traffic_replay_bd_xdma_0_0_pcie4_ip_gt_top_i/diablo_gt.diablo_gt_phy_wrapper/gt_wizard.gtwizard_top_i/traffic_replay_bd_xdma_0_0_pcie4_ip_gt_i/inst/gen_gtwizard_gtye4_top.traffic_replay_bd_xdma_0_0_pcie4_ip_gt_gtwizard_gtye4_inst/gen_gtwizard_gtye4.gen_channel_container[32].gen_enabled_channel.gtye4_channel_wrapper_inst/channel_inst/gtye4_channel_gen.gen_gtye4_channel_inst[3].GTYE4_CHANNEL_PRIM_INST/GTREFCLK0 to physical pin GTYE4_CHANNEL_X1Y35/NORTHREFCLK1
INFO: [Route 35-467] Router swapped GT pin traffic_replay_bd_i/xdma_0/inst/pcie4_ip_i/inst/traffic_replay_bd_xdma_0_0_pcie4_ip_gt_top_i/diablo_gt.diablo_gt_phy_wrapper/gt_wizard.gtwizard_top_i/traffic_replay_bd_xdma_0_0_pcie4_ip_gt_i/inst/gen_gtwizard_gtye4_top.traffic_replay_bd_xdma_0_0_pcie4_ip_gt_gtwizard_gtye4_inst/gen_gtwizard_gtye4.gen_common.gen_common_container[29].gen_enabled_common.gtye4_common_wrapper_inst/common_inst/gtye4_common_gen.GTYE4_COMMON_PRIM_INST/GTREFCLK00 to physical pin GTYE4_COMMON_X1Y5/COM0_REFCLKOUT5
INFO: [Route 35-467] Router swapped GT pin traffic_replay_bd_i/xdma_0/inst/pcie4_ip_i/inst/traffic_replay_bd_xdma_0_0_pcie4_ip_gt_top_i/diablo_gt.diablo_gt_phy_wrapper/gt_wizard.gtwizard_top_i/traffic_replay_bd_xdma_0_0_pcie4_ip_gt_i/inst/gen_gtwizard_gtye4_top.traffic_replay_bd_xdma_0_0_pcie4_ip_gt_gtwizard_gtye4_inst/gen_gtwizard_gtye4.gen_common.gen_common_container[29].gen_enabled_common.gtye4_common_wrapper_inst/common_inst/gtye4_common_gen.GTYE4_COMMON_PRIM_INST/GTREFCLK01 to physical pin GTYE4_COMMON_X1Y5/COM2_REFCLKOUT5
INFO: [Route 35-467] Router swapped GT pin traffic_replay_bd_i/xdma_0/inst/pcie4_ip_i/inst/traffic_replay_bd_xdma_0_0_pcie4_ip_gt_top_i/diablo_gt.diablo_gt_phy_wrapper/gt_wizard.gtwizard_top_i/traffic_replay_bd_xdma_0_0_pcie4_ip_gt_i/inst/gen_gtwizard_gtye4_top.traffic_replay_bd_xdma_0_0_pcie4_ip_gt_gtwizard_gtye4_inst/gen_gtwizard_gtye4.gen_common.gen_common_container[30].gen_enabled_common.gtye4_common_wrapper_inst/common_inst/gtye4_common_gen.GTYE4_COMMON_PRIM_INST/GTREFCLK00 to physical pin GTYE4_COMMON_X1Y6/COM0_REFCLKOUT5
INFO: [Route 35-467] Router swapped GT pin traffic_replay_bd_i/xdma_0/inst/pcie4_ip_i/inst/traffic_replay_bd_xdma_0_0_pcie4_ip_gt_top_i/diablo_gt.diablo_gt_phy_wrapper/gt_wizard.gtwizard_top_i/traffic_replay_bd_xdma_0_0_pcie4_ip_gt_i/inst/gen_gtwizard_gtye4_top.traffic_replay_bd_xdma_0_0_pcie4_ip_gt_gtwizard_gtye4_inst/gen_gtwizard_gtye4.gen_common.gen_common_container[30].gen_enabled_common.gtye4_common_wrapper_inst/common_inst/gtye4_common_gen.GTYE4_COMMON_PRIM_INST/GTREFCLK01 to physical pin GTYE4_COMMON_X1Y6/COM2_REFCLKOUT5
INFO: [Route 35-467] Router swapped GT pin traffic_replay_bd_i/xdma_0/inst/pcie4_ip_i/inst/traffic_replay_bd_xdma_0_0_pcie4_ip_gt_top_i/diablo_gt.diablo_gt_phy_wrapper/gt_wizard.gtwizard_top_i/traffic_replay_bd_xdma_0_0_pcie4_ip_gt_i/inst/gen_gtwizard_gtye4_top.traffic_replay_bd_xdma_0_0_pcie4_ip_gt_gtwizard_gtye4_inst/gen_gtwizard_gtye4.gen_common.gen_common_container[32].gen_enabled_common.gtye4_common_wrapper_inst/common_inst/gtye4_common_gen.GTYE4_COMMON_PRIM_INST/GTREFCLK00 to physical pin GTYE4_COMMON_X1Y8/COM0_REFCLKOUT3
INFO: [Route 35-467] Router swapped GT pin traffic_replay_bd_i/xdma_0/inst/pcie4_ip_i/inst/traffic_replay_bd_xdma_0_0_pcie4_ip_gt_top_i/diablo_gt.diablo_gt_phy_wrapper/gt_wizard.gtwizard_top_i/traffic_replay_bd_xdma_0_0_pcie4_ip_gt_i/inst/gen_gtwizard_gtye4_top.traffic_replay_bd_xdma_0_0_pcie4_ip_gt_gtwizard_gtye4_inst/gen_gtwizard_gtye4.gen_common.gen_common_container[32].gen_enabled_common.gtye4_common_wrapper_inst/common_inst/gtye4_common_gen.GTYE4_COMMON_PRIM_INST/GTREFCLK01 to physical pin GTYE4_COMMON_X1Y8/COM2_REFCLKOUT3
INFO: [Route 35-467] Router swapped GT pin traffic_replay_bd_i/cmac_1/inst/traffic_replay_bd_cmac_1_0_gt_i/inst/gen_gtwizard_gtye4_top.traffic_replay_bd_cmac_1_0_gt_gtwizard_gtye4_inst/gen_gtwizard_gtye4.gen_common.gen_common_container[35].gen_enabled_common.gtye4_common_wrapper_inst/common_inst/gtye4_common_gen.GTYE4_COMMON_PRIM_INST/GTREFCLK00 to physical pin GTYE4_COMMON_X1Y11/COM0_REFCLKOUT1
INFO: [Route 35-467] Router swapped GT pin traffic_replay_bd_i/cmac_0/inst/traffic_replay_bd_cmac_0_0_gt_i/inst/gen_gtwizard_gtye4_top.traffic_replay_bd_cmac_0_0_gt_gtwizard_gtye4_inst/gen_gtwizard_gtye4.gen_common.gen_common_container[36].gen_enabled_common.gtye4_common_wrapper_inst/common_inst/gtye4_common_gen.GTYE4_COMMON_PRIM_INST/GTREFCLK00 to physical pin GTYE4_COMMON_X1Y12/COM0_REFCLKOUT1
Phase 9 Depositing Routes | Checksum: 26c9f9905

Time (s): cpu = 00:56:37 ; elapsed = 00:57:26 . Memory (MB): peak = 11760.375 ; gain = 144.832 ; free physical = 71424 ; free virtual = 94914
Common:
   
SLR0

Initial Estimated Congestion
 ________________________________________________________________________
|           | Global Congestion | Long Congestion   | Short Congestion  |
|           |___________________|___________________|___________________|
| Direction | Size   | % Tiles  | Size   | % Tiles  | Size   | % Tiles  |
|___________|________|__________|________|__________|________|__________|
|      NORTH|     4x4|      0.24|   16x16|      0.79|     4x4|      0.21|
|___________|________|__________|________|__________|________|__________|
|      SOUTH|     8x8|      0.36|   16x16|      0.98|     4x4|      0.10|
|___________|________|__________|________|__________|________|__________|
|       EAST|     1x1|      0.00|     2x2|      0.02|     2x2|      0.02|
|___________|________|__________|________|__________|________|__________|
|       WEST|     1x1|      0.00|     1x1|      0.01|     2x2|      0.03|
|___________|________|__________|________|__________|________|__________|

SLR1

Initial Estimated Congestion
 ________________________________________________________________________
|           | Global Congestion | Long Congestion   | Short Congestion  |
|           |___________________|___________________|___________________|
| Direction | Size   | % Tiles  | Size   | % Tiles  | Size   | % Tiles  |
|___________|________|__________|________|__________|________|__________|
|      NORTH|     8x8|      2.12|   16x16|      5.50|     8x8|      1.40|
|___________|________|__________|________|__________|________|__________|
|      SOUTH|   16x16|      2.17|   16x16|      5.67|     8x8|      1.82|
|___________|________|__________|________|__________|________|__________|
|       EAST|     4x4|      0.19|     4x4|      0.42|     4x4|      1.61|
|___________|________|__________|________|__________|________|__________|
|       WEST|     4x4|      0.48|     4x4|      0.90|     8x8|      1.62|
|___________|________|__________|________|__________|________|__________|

SLR2

Initial Estimated Congestion
 ________________________________________________________________________
|           | Global Congestion | Long Congestion   | Short Congestion  |
|           |___________________|___________________|___________________|
| Direction | Size   | % Tiles  | Size   | % Tiles  | Size   | % Tiles  |
|___________|________|__________|________|__________|________|__________|
|      NORTH|     8x8|      0.90|     8x8|      1.69|     8x8|      1.35|
|___________|________|__________|________|__________|________|__________|
|      SOUTH|     4x4|      0.56|     8x8|      1.42|     8x8|      0.99|
|___________|________|__________|________|__________|________|__________|
|       EAST|     4x4|      0.32|     4x4|      0.95|     8x8|      1.80|
|___________|________|__________|________|__________|________|__________|
|       WEST|     4x4|      0.20|     4x4|      0.82|     8x8|      1.13|
|___________|________|__________|________|__________|________|__________|



Phase 10 Leaf Clock Prog Delay Opt

Phase 10.1 Delay CleanUp

Phase 10.1.1 Update Timing
Phase 10.1.1 Update Timing | Checksum: 272ad24c9

Time (s): cpu = 01:01:34 ; elapsed = 01:02:28 . Memory (MB): peak = 13207.547 ; gain = 1592.004 ; free physical = 69647 ; free virtual = 93137
INFO: [Route 35-416] Intermediate Timing Summary | WNS=0.008  | TNS=0.000  | WHS=-0.040 | THS=-0.312 |

Phase 10.1 Delay CleanUp | Checksum: 21663eb84

Time (s): cpu = 01:01:37 ; elapsed = 01:02:31 . Memory (MB): peak = 13207.547 ; gain = 1592.004 ; free physical = 69719 ; free virtual = 93209

Phase 10.2 Hold Fix Iter

Phase 10.2.1 Update Timing
Phase 10.2.1 Update Timing | Checksum: 2123ee059

Time (s): cpu = 01:04:07 ; elapsed = 01:05:02 . Memory (MB): peak = 13207.547 ; gain = 1592.004 ; free physical = 69722 ; free virtual = 93213
INFO: [Route 35-416] Intermediate Timing Summary | WNS=0.008  | TNS=0.000  | WHS=-0.040 | THS=-0.312 |

Phase 10.2 Hold Fix Iter | Checksum: 233e8703b

Time (s): cpu = 01:04:11 ; elapsed = 01:05:07 . Memory (MB): peak = 13207.547 ; gain = 1592.004 ; free physical = 69721 ; free virtual = 93212
Phase 10 Leaf Clock Prog Delay Opt | Checksum: 1fb2c013e

Time (s): cpu = 01:06:27 ; elapsed = 01:07:23 . Memory (MB): peak = 13207.547 ; gain = 1592.004 ; free physical = 71065 ; free virtual = 94555

Phase 11 Depositing Routes
Phase 11 Depositing Routes | Checksum: 1fb2c013e

Time (s): cpu = 01:06:50 ; elapsed = 01:07:47 . Memory (MB): peak = 13207.547 ; gain = 1592.004 ; free physical = 71121 ; free virtual = 94612

Phase 12 Post Router Timing
INFO: [Route 35-20] Post Routing Timing Summary | WNS=0.010  | TNS=0.000  | WHS=0.006  | THS=0.000  |

Phase 12 Post Router Timing | Checksum: 210628e1b

Time (s): cpu = 01:09:23 ; elapsed = 01:10:20 . Memory (MB): peak = 13207.547 ; gain = 1592.004 ; free physical = 71057 ; free virtual = 94548
Skip laguna hold fix in PhysOpt in Router as non-negative WHS value: 5.8753e-12 .
Time taken to check if laguna hold fix is required (in secs): 0
Skip PhysOpt in Router because non-negative WNS value: 9.98135e-12 .

Phase 13 Route finalize
Phase 13 Route finalize | Checksum: 210628e1b

Time (s): cpu = 01:09:24 ; elapsed = 01:10:21 . Memory (MB): peak = 13207.547 ; gain = 1592.004 ; free physical = 71057 ; free virtual = 94548
INFO: [Route 35-61] The design met the timing requirement.
INFO: [Route 72-16] Aggressive Explore Summary
+------+--------+--------+-------+-------+--------+--------------+-------------------+
| Pass |  WNS   |  TNS   |  WHS  |  THS  | Status | Elapsed Time | Solution Selected |
+------+--------+--------+-------+-------+--------+--------------+-------------------+
|  1   | -0.135 | -3.808 | 0.010 | 0.000 |  Pass  |   00:56:16   |         x         |
+------+--------+--------+-------+-------+--------+--------------+-------------------+
|  2   |   -    |   -    |   -   |   -   |  Fail  |   00:00:00   |                   |
+------+--------+--------+-------+-------+--------+--------------+-------------------+

INFO: [Route 35-16] Router Completed Successfully

Time (s): cpu = 01:09:25 ; elapsed = 01:10:22 . Memory (MB): peak = 13207.547 ; gain = 1592.004 ; free physical = 72237 ; free virtual = 95729

Routing Is Done.
INFO: [Common 17-83] Releasing license: Implementation
1836 Infos, 164 Warnings, 0 Critical Warnings and 0 Errors encountered.
route_design completed successfully
route_design: Time (s): cpu = 01:11:01 ; elapsed = 01:12:00 . Memory (MB): peak = 13207.547 ; gain = 1592.004 ; free physical = 72237 ; free virtual = 95729
INFO: [Common 17-600] The following parameters have non-default value.
general.maxThreads
INFO: [Timing 38-480] Writing timing data to binary archive.
Writing placer database...
Writing XDEF routing.
Writing XDEF routing logical nets.
Writing XDEF routing special nets.
Write XDEF Complete: Time (s): cpu = 00:00:17 ; elapsed = 00:00:19 . Memory (MB): peak = 13207.547 ; gain = 0.000 ; free physical = 71119 ; free virtual = 95676
INFO: [Common 17-1381] The checkpoint '/home/user/tr_4ddr_timingfix_runs/bd_4ddr_dual_20260708_001610/build/vivado_hw/traffic_replay_hw.runs/impl_1/traffic_replay_bd_wrapper_routed.dcp' has been generated.
write_checkpoint: Time (s): cpu = 00:02:20 ; elapsed = 00:02:35 . Memory (MB): peak = 13207.547 ; gain = 0.000 ; free physical = 71947 ; free virtual = 95700
INFO: [runtcl-4] Executing : report_drc -file traffic_replay_bd_wrapper_drc_routed.rpt -pb traffic_replay_bd_wrapper_drc_routed.pb -rpx traffic_replay_bd_wrapper_drc_routed.rpx
Command: report_drc -file traffic_replay_bd_wrapper_drc_routed.rpt -pb traffic_replay_bd_wrapper_drc_routed.pb -rpx traffic_replay_bd_wrapper_drc_routed.rpx
INFO: [IP_Flow 19-1839] IP Catalog is up to date.
INFO: [Coretcl 2-168] The results of DRC are in file /home/user/tr_4ddr_timingfix_runs/bd_4ddr_dual_20260708_001610/build/vivado_hw/traffic_replay_hw.runs/impl_1/traffic_replay_bd_wrapper_drc_routed.rpt.
report_drc completed successfully
report_drc: Time (s): cpu = 00:01:56 ; elapsed = 00:01:58 . Memory (MB): peak = 13207.547 ; gain = 0.000 ; free physical = 71930 ; free virtual = 95683
INFO: [runtcl-4] Executing : report_methodology -file traffic_replay_bd_wrapper_methodology_drc_routed.rpt -pb traffic_replay_bd_wrapper_methodology_drc_routed.pb -rpx traffic_replay_bd_wrapper_methodology_drc_routed.rpx
Command: report_methodology -file traffic_replay_bd_wrapper_methodology_drc_routed.rpt -pb traffic_replay_bd_wrapper_methodology_drc_routed.pb -rpx traffic_replay_bd_wrapper_methodology_drc_routed.rpx
INFO: [Timing 38-35] Done setting XDC timing constraints.
WARNING: [Timing 38-3] User defined clock exists on pin traffic_replay_bd_i/xdma_0/inst/pcie4_ip_i/inst/traffic_replay_bd_xdma_0_0_pcie4_ip_gt_top_i/diablo_gt.diablo_gt_phy_wrapper/gt_wizard.gtwizard_top_i/traffic_replay_bd_xdma_0_0_pcie4_ip_gt_i/inst/gen_gtwizard_gtye4_top.traffic_replay_bd_xdma_0_0_pcie4_ip_gt_gtwizard_gtye4_inst/gen_gtwizard_gtye4.gen_channel_container[32].gen_enabled_channel.gtye4_channel_wrapper_inst/channel_inst/gtye4_channel_gen.gen_gtye4_channel_inst[3].GTYE4_CHANNEL_PRIM_INST/TXOUTCLK [See /home/user/tr_4ddr_timingfix_runs/bd_4ddr_dual_20260708_001610/build/vivado_hw/traffic_replay_hw.gen/sources_1/bd/traffic_replay_bd/ip/traffic_replay_bd_xdma_0_0/ip_0/source/ip_pcie4_uscale_plus_x1y2.xdc:127] and will prevent any subsequent automatic derivation of generated clocks on that pin. If the user defined clock specifies '-add', any existing auto-derived clocks on that pin are retained.
INFO: [Coretcl 2-1520] The results of Report Methodology are in file /home/user/tr_4ddr_timingfix_runs/bd_4ddr_dual_20260708_001610/build/vivado_hw/traffic_replay_hw.runs/impl_1/traffic_replay_bd_wrapper_methodology_drc_routed.rpt.
report_methodology completed successfully
report_methodology: Time (s): cpu = 00:04:16 ; elapsed = 00:04:17 . Memory (MB): peak = 13207.547 ; gain = 0.000 ; free physical = 71960 ; free virtual = 95714
INFO: [runtcl-4] Executing : report_power -file traffic_replay_bd_wrapper_power_routed.rpt -pb traffic_replay_bd_wrapper_power_summary_routed.pb -rpx traffic_replay_bd_wrapper_power_routed.rpx
Command: report_power -file traffic_replay_bd_wrapper_power_routed.rpt -pb traffic_replay_bd_wrapper_power_summary_routed.pb -rpx traffic_replay_bd_wrapper_power_routed.rpx
INFO: [Timing 38-35] Done setting XDC timing constraints.
WARNING: [Timing 38-3] User defined clock exists on pin traffic_replay_bd_i/xdma_0/inst/pcie4_ip_i/inst/traffic_replay_bd_xdma_0_0_pcie4_ip_gt_top_i/diablo_gt.diablo_gt_phy_wrapper/gt_wizard.gtwizard_top_i/traffic_replay_bd_xdma_0_0_pcie4_ip_gt_i/inst/gen_gtwizard_gtye4_top.traffic_replay_bd_xdma_0_0_pcie4_ip_gt_gtwizard_gtye4_inst/gen_gtwizard_gtye4.gen_channel_container[32].gen_enabled_channel.gtye4_channel_wrapper_inst/channel_inst/gtye4_channel_gen.gen_gtye4_channel_inst[3].GTYE4_CHANNEL_PRIM_INST/TXOUTCLK [See /home/user/tr_4ddr_timingfix_runs/bd_4ddr_dual_20260708_001610/build/vivado_hw/traffic_replay_hw.gen/sources_1/bd/traffic_replay_bd/ip/traffic_replay_bd_xdma_0_0/ip_0/source/ip_pcie4_uscale_plus_x1y2.xdc:127] and will prevent any subsequent automatic derivation of generated clocks on that pin. If the user defined clock specifies '-add', any existing auto-derived clocks on that pin are retained.
Running Vector-less Activity Propagation...

Finished Running Vector-less Activity Propagation
WARNING: [Power 33-295] The data input toggle rate 0.000000 of CMAC instance traffic_replay_bd_i/cmac_0/inst/i_traffic_replay_bd_cmac_0_0_top/obsibdaaf4ker2wujpra0sjb is beyond the acceptable limit of 8.260000 - 54.090000. Using the 8.260000 toggle rate for power analysis.
Resolution: Please use the following to set activity - set_switching_activity -static_probability <value> -toggle_rate <value> [get_pins -of_objects [get_cells <instance name>] -filter {DIRECTION =~ IN && NAME =~ *TX_DATAIN*}]
WARNING: [Power 33-295] The data input toggle rate 0.000000 of CMAC instance traffic_replay_bd_i/cmac_1/inst/i_traffic_replay_bd_cmac_1_0_top/obsibdaaf4ker2wujpra0sjb is beyond the acceptable limit of 8.260000 - 54.090000. Using the 8.260000 toggle rate for power analysis.
Resolution: Please use the following to set activity - set_switching_activity -static_probability <value> -toggle_rate <value> [get_pins -of_objects [get_cells <instance name>] -filter {DIRECTION =~ IN && NAME =~ *TX_DATAIN*}]
WARNING: [Power 33-332] Found switching activity that implies high-fanout reset nets being asserted for excessive periods of time which may result in inaccurate power analysis.
Resolution: To review and fix problems, please run Power Constraints Advisor in the GUI from Tools > Power Constraints Advisor or run report_power with the -advisory option to generate a text report.
1847 Infos, 169 Warnings, 0 Critical Warnings and 0 Errors encountered.
report_power completed successfully
report_power: Time (s): cpu = 00:03:21 ; elapsed = 00:02:51 . Memory (MB): peak = 13429.914 ; gain = 222.367 ; free physical = 71932 ; free virtual = 95713
INFO: [runtcl-4] Executing : report_route_status -file traffic_replay_bd_wrapper_route_status.rpt -pb traffic_replay_bd_wrapper_route_status.pb
INFO: [runtcl-4] Executing : report_timing_summary -max_paths 10 -file traffic_replay_bd_wrapper_timing_summary_routed.rpt -pb traffic_replay_bd_wrapper_timing_summary_routed.pb -rpx traffic_replay_bd_wrapper_timing_summary_routed.rpx
INFO: [Timing 38-91] UpdateTimingParams: Speed grade: -2, Temperature grade: E, Delay Type: min_max.
WARNING: [Timing 38-436] There are set_bus_skew constraint(s) in this design. Please run report_bus_skew to ensure that bus skew requirements are met.
report_timing_summary: Time (s): cpu = 00:00:52 ; elapsed = 00:00:53 . Memory (MB): peak = 13429.914 ; gain = 0.000 ; free physical = 71651 ; free virtual = 95472
INFO: [runtcl-4] Executing : report_incremental_reuse -file traffic_replay_bd_wrapper_incremental_reuse_routed.rpt
INFO: [Vivado_Tcl 4-1062] Incremental flow is disabled. No incremental reuse Info to report.
INFO: [runtcl-4] Executing : report_clock_utilization -file traffic_replay_bd_wrapper_clock_utilization_routed.rpt
report_clock_utilization: Time (s): cpu = 00:00:30 ; elapsed = 00:00:31 . Memory (MB): peak = 13429.914 ; gain = 0.000 ; free physical = 71374 ; free virtual = 95195
INFO: [runtcl-4] Executing : report_bus_skew -warn_on_violation -file traffic_replay_bd_wrapper_bus_skew_routed.rpt -pb traffic_replay_bd_wrapper_bus_skew_routed.pb -rpx traffic_replay_bd_wrapper_bus_skew_routed.rpx
INFO: [Timing 38-91] UpdateTimingParams: Speed grade: -2, Temperature grade: E, Delay Type: min_max.
Command: phys_opt_design -directive Explore
Attempting to get a license for feature 'Implementation' and/or device 'xcu200'
INFO: [Common 17-349] Got license for feature 'Implementation' and/or device 'xcu200'
INFO: [Vivado_Tcl 4-241] Physical synthesis in post route mode ( 100.0% nets are fully routed)
INFO: [Vivado_Tcl 4-137] Directive used for phys_opt_design is: Explore
INFO: [Vivado_Tcl 4-383] Design worst setup slack (WNS) is greater than or equal to 0.000 ns. Skipping all physical synthesis optimizations.
INFO: [Vivado_Tcl 4-232] No setup violation found. The netlist was not modified.
INFO: [Common 17-83] Releasing license: Implementation
8 Infos, 0 Warnings, 0 Critical Warnings and 0 Errors encountered.
phys_opt_design completed successfully
phys_opt_design: Time (s): cpu = 00:00:47 ; elapsed = 00:00:47 . Memory (MB): peak = 13429.914 ; gain = 0.000 ; free physical = 71349 ; free virtual = 95175
INFO: [Common 17-600] The following parameters have non-default value.
general.maxThreads
INFO: [Timing 38-480] Writing timing data to binary archive.
Writing placer database...
Writing XDEF routing.
Writing XDEF routing logical nets.
Writing XDEF routing special nets.
Write XDEF Complete: Time (s): cpu = 00:00:17 ; elapsed = 00:00:19 . Memory (MB): peak = 13429.914 ; gain = 0.000 ; free physical = 70190 ; free virtual = 95083
INFO: [Common 17-1381] The checkpoint '/home/user/tr_4ddr_timingfix_runs/bd_4ddr_dual_20260708_001610/build/vivado_hw/traffic_replay_hw.runs/impl_1/traffic_replay_bd_wrapper_postroute_physopt.dcp' has been generated.
write_checkpoint: Time (s): cpu = 00:02:21 ; elapsed = 00:02:35 . Memory (MB): peak = 13429.914 ; gain = 0.000 ; free physical = 71013 ; free virtual = 95101
INFO: [runtcl-4] Executing : report_timing_summary -max_paths 10 -warn_on_violation -file traffic_replay_bd_wrapper_timing_summary_postroute_physopted.rpt -pb traffic_replay_bd_wrapper_timing_summary_postroute_physopted.pb -rpx traffic_replay_bd_wrapper_timing_summary_postroute_physopted.rpx
INFO: [Timing 38-91] UpdateTimingParams: Speed grade: -2, Temperature grade: E, Delay Type: min_max.
WARNING: [Timing 38-436] There are set_bus_skew constraint(s) in this design. Please run report_bus_skew to ensure that bus skew requirements are met.
report_timing_summary: Time (s): cpu = 00:00:51 ; elapsed = 00:00:52 . Memory (MB): peak = 13429.914 ; gain = 0.000 ; free physical = 70984 ; free virtual = 95112
INFO: [runtcl-4] Executing : report_bus_skew -warn_on_violation -file traffic_replay_bd_wrapper_bus_skew_postroute_physopted.rpt -pb traffic_replay_bd_wrapper_bus_skew_postroute_physopted.pb -rpx traffic_replay_bd_wrapper_bus_skew_postroute_physopted.rpx
INFO: [Timing 38-91] UpdateTimingParams: Speed grade: -2, Temperature grade: E, Delay Type: min_max.
INFO: [Memdata 28-167] Found XPM memory block traffic_replay_bd_i/host_smc/inst/s00_nodes/s00_w_node/inst/inst_mi_handler/gen_normal_area.inst_fifo_node_payld/gen_xpm_memory_fifo.inst_fifo/gen_mem_rep[2].inst_xpm_memory/xpm_memory_base_inst with a P_MEMORY_PRIMITIVE property set to distributed. A value of block is required. You will not be able to use the updatemem program to update the bitstream with new data for the traffic_replay_bd_i/host_smc/inst/s00_nodes/s00_w_node/inst/inst_mi_handler/gen_normal_area.inst_fifo_node_payld/gen_xpm_memory_fifo.inst_fifo/gen_mem_rep[2].inst_xpm_memory/xpm_memory_base_inst block.
INFO: [Memdata 28-167] Found XPM memory block traffic_replay_bd_i/host_smc/inst/s00_nodes/s00_w_node/inst/inst_mi_handler/gen_normal_area.inst_fifo_node_payld/gen_xpm_memory_fifo.inst_fifo/gen_mem_rep[1].inst_xpm_memory/xpm_memory_base_inst with a P_MEMORY_PRIMITIVE property set to distributed. A value of block is required. You will not be able to use the updatemem program to update the bitstream with new data for the traffic_replay_bd_i/host_smc/inst/s00_nodes/s00_w_node/inst/inst_mi_handler/gen_normal_area.inst_fifo_node_payld/gen_xpm_memory_fifo.inst_fifo/gen_mem_rep[1].inst_xpm_memory/xpm_memory_base_inst block.
INFO: [Memdata 28-167] Found XPM memory block traffic_replay_bd_i/host_smc/inst/s00_nodes/s00_w_node/inst/inst_mi_handler/gen_normal_area.inst_fifo_node_payld/gen_xpm_memory_fifo.inst_fifo/gen_mem_rep[0].inst_xpm_memory/xpm_memory_base_inst with a P_MEMORY_PRIMITIVE property set to distributed. A value of block is required. You will not be able to use the updatemem program to update the bitstream with new data for the traffic_replay_bd_i/host_smc/inst/s00_nodes/s00_w_node/inst/inst_mi_handler/gen_normal_area.inst_fifo_node_payld/gen_xpm_memory_fifo.inst_fifo/gen_mem_rep[0].inst_xpm_memory/xpm_memory_base_inst block.
INFO: [Memdata 28-167] Found XPM memory block traffic_replay_bd_i/host_smc/inst/s00_nodes/s00_w_node/inst/inst_mi_handler/gen_normal_area.gen_fifo_req.inst_fifo_req/gen_xpm_memory_fifo.inst_fifo/gen_mem_rep[0].inst_xpm_memory/xpm_memory_base_inst with a P_MEMORY_PRIMITIVE property set to distributed. A value of block is required. You will not be able to use the updatemem program to update the bitstream with new data for the traffic_replay_bd_i/host_smc/inst/s00_nodes/s00_w_node/inst/inst_mi_handler/gen_normal_area.gen_fifo_req.inst_fifo_req/gen_xpm_memory_fifo.inst_fifo/gen_mem_rep[0].inst_xpm_memory/xpm_memory_base_inst block.
INFO: [Memdata 28-167] Found XPM memory block traffic_replay_bd_i/host_smc/inst/s00_nodes/s00_r_node/inst/inst_mi_handler/gen_normal_area.inst_fifo_node_payld/gen_xpm_memory_fifo.inst_fifo/gen_mem_rep[2].inst_xpm_memory/xpm_memory_base_inst with a P_MEMORY_PRIMITIVE property set to distributed. A value of block is required. You will not be able to use the updatemem program to update the bitstream with new data for the traffic_replay_bd_i/host_smc/inst/s00_nodes/s00_r_node/inst/inst_mi_handler/gen_normal_area.inst_fifo_node_payld/gen_xpm_memory_fifo.inst_fifo/gen_mem_rep[2].inst_xpm_memory/xpm_memory_base_inst block.
INFO: [Memdata 28-167] Found XPM memory block traffic_replay_bd_i/host_smc/inst/s00_nodes/s00_r_node/inst/inst_mi_handler/gen_normal_area.inst_fifo_node_payld/gen_xpm_memory_fifo.inst_fifo/gen_mem_rep[1].inst_xpm_memory/xpm_memory_base_inst with a P_MEMORY_PRIMITIVE property set to distributed. A value of block is required. You will not be able to use the updatemem program to update the bitstream with new data for the traffic_replay_bd_i/host_smc/inst/s00_nodes/s00_r_node/inst/inst_mi_handler/gen_normal_area.inst_fifo_node_payld/gen_xpm_memory_fifo.inst_fifo/gen_mem_rep[1].inst_xpm_memory/xpm_memory_base_inst block.
INFO: [Memdata 28-167] Found XPM memory block traffic_replay_bd_i/host_smc/inst/s00_nodes/s00_r_node/inst/inst_mi_handler/gen_normal_area.inst_fifo_node_payld/gen_xpm_memory_fifo.inst_fifo/gen_mem_rep[0].inst_xpm_memory/xpm_memory_base_inst with a P_MEMORY_PRIMITIVE property set to distributed. A value of block is required. You will not be able to use the updatemem program to update the bitstream with new data for the traffic_replay_bd_i/host_smc/inst/s00_nodes/s00_r_node/inst/inst_mi_handler/gen_normal_area.inst_fifo_node_payld/gen_xpm_memory_fifo.inst_fifo/gen_mem_rep[0].inst_xpm_memory/xpm_memory_base_inst block.
INFO: [Memdata 28-167] Found XPM memory block traffic_replay_bd_i/host_smc/inst/s00_nodes/s00_b_node/inst/inst_mi_handler/gen_normal_area.inst_fifo_node_payld/gen_xpm_memory_fifo.inst_fifo/gen_mem_rep[0].inst_xpm_memory/xpm_memory_base_inst with a P_MEMORY_PRIMITIVE property set to distributed. A value of block is required. You will not be able to use the updatemem program to update the bitstream with new data for the traffic_replay_bd_i/host_smc/inst/s00_nodes/s00_b_node/inst/inst_mi_handler/gen_normal_area.inst_fifo_node_payld/gen_xpm_memory_fifo.inst_fifo/gen_mem_rep[0].inst_xpm_memory/xpm_memory_base_inst block.
INFO: [Memdata 28-167] Found XPM memory block traffic_replay_bd_i/host_smc/inst/s00_nodes/s00_aw_node/inst/inst_mi_handler/gen_normal_area.inst_fifo_node_payld/gen_xpm_memory_fifo.inst_fifo/gen_mem_rep[0].inst_xpm_memory/xpm_memory_base_inst with a P_MEMORY_PRIMITIVE property set to distributed. A value of block is required. You will not be able to use the updatemem program to update the bitstream with new data for the traffic_replay_bd_i/host_smc/inst/s00_nodes/s00_aw_node/inst/inst_mi_handler/gen_normal_area.inst_fifo_node_payld/gen_xpm_memory_fifo.inst_fifo/gen_mem_rep[0].inst_xpm_memory/xpm_memory_base_inst block.
INFO: [Memdata 28-167] Found XPM memory block traffic_replay_bd_i/host_smc/inst/s00_nodes/s00_aw_node/inst/inst_mi_handler/gen_normal_area.gen_fifo_req.inst_fifo_req/gen_xpm_memory_fifo.inst_fifo/gen_mem_rep[0].inst_xpm_memory/xpm_memory_base_inst with a P_MEMORY_PRIMITIVE property set to distributed. A value of block is required. You will not be able to use the updatemem program to update the bitstream with new data for the traffic_replay_bd_i/host_smc/inst/s00_nodes/s00_aw_node/inst/inst_mi_handler/gen_normal_area.gen_fifo_req.inst_fifo_req/gen_xpm_memory_fifo.inst_fifo/gen_mem_rep[0].inst_xpm_memory/xpm_memory_base_inst block.
INFO: [Memdata 28-167] Found XPM memory block traffic_replay_bd_i/host_smc/inst/s00_nodes/s00_ar_node/inst/inst_mi_handler/gen_normal_area.inst_fifo_node_payld/gen_xpm_memory_fifo.inst_fifo/gen_mem_rep[0].inst_xpm_memory/xpm_memory_base_inst with a P_MEMORY_PRIMITIVE property set to distributed. A value of block is required. You will not be able to use the updatemem program to update the bitstream with new data for the traffic_replay_bd_i/host_smc/inst/s00_nodes/s00_ar_node/inst/inst_mi_handler/gen_normal_area.inst_fifo_node_payld/gen_xpm_memory_fifo.inst_fifo/gen_mem_rep[0].inst_xpm_memory/xpm_memory_base_inst block.
INFO: [Memdata 28-167] Found XPM memory block traffic_replay_bd_i/host_smc/inst/s00_nodes/s00_ar_node/inst/inst_mi_handler/gen_normal_area.gen_fifo_req.inst_fifo_req/gen_xpm_memory_fifo.inst_fifo/gen_mem_rep[0].inst_xpm_memory/xpm_memory_base_inst with a P_MEMORY_PRIMITIVE property set to distributed. A value of block is required. You will not be able to use the updatemem program to update the bitstream with new data for the traffic_replay_bd_i/host_smc/inst/s00_nodes/s00_ar_node/inst/inst_mi_handler/gen_normal_area.gen_fifo_req.inst_fifo_req/gen_xpm_memory_fifo.inst_fifo/gen_mem_rep[0].inst_xpm_memory/xpm_memory_base_inst block.
INFO: [Memdata 28-167] Found XPM memory block traffic_replay_bd_i/host_smc/inst/m03_nodes/m03_w_node/inst/inst_mi_handler/gen_normal_area.inst_fifo_node_payld/gen_xpm_memory_fifo.inst_fifo/gen_mem_rep[3].inst_xpm_memory/xpm_memory_base_inst with a P_MEMORY_PRIMITIVE property set to distributed. A value of block is required. You will not be able to use the updatemem program to update the bitstream with new data for the traffic_replay_bd_i/host_smc/inst/m03_nodes/m03_w_node/inst/inst_mi_handler/gen_normal_area.inst_fifo_node_payld/gen_xpm_memory_fifo.inst_fifo/gen_mem_rep[3].inst_xpm_memory/xpm_memory_base_inst block.
INFO: [Memdata 28-167] Found XPM memory block traffic_replay_bd_i/host_smc/inst/m03_nodes/m03_w_node/inst/inst_mi_handler/gen_normal_area.inst_fifo_node_payld/gen_xpm_memory_fifo.inst_fifo/gen_mem_rep[2].inst_xpm_memory/xpm_memory_base_inst with a P_MEMORY_PRIMITIVE property set to distributed. A value of block is required. You will not be able to use the updatemem program to update the bitstream with new data for the traffic_replay_bd_i/host_smc/inst/m03_nodes/m03_w_node/inst/inst_mi_handler/gen_normal_area.inst_fifo_node_payld/gen_xpm_memory_fifo.inst_fifo/gen_mem_rep[2].inst_xpm_memory/xpm_memory_base_inst block.
INFO: [Memdata 28-167] Found XPM memory block traffic_replay_bd_i/host_smc/inst/m03_nodes/m03_w_node/inst/inst_mi_handler/gen_normal_area.inst_fifo_node_payld/gen_xpm_memory_fifo.inst_fifo/gen_mem_rep[1].inst_xpm_memory/xpm_memory_base_inst with a P_MEMORY_PRIMITIVE property set to distributed. A value of block is required. You will not be able to use the updatemem program to update the bitstream with new data for the traffic_replay_bd_i/host_smc/inst/m03_nodes/m03_w_node/inst/inst_mi_handler/gen_normal_area.inst_fifo_node_payld/gen_xpm_memory_fifo.inst_fifo/gen_mem_rep[1].inst_xpm_memory/xpm_memory_base_inst block.
INFO: [Memdata 28-167] Found XPM memory block traffic_replay_bd_i/host_smc/inst/m03_nodes/m03_w_node/inst/inst_mi_handler/gen_normal_area.inst_fifo_node_payld/gen_xpm_memory_fifo.inst_fifo/gen_mem_rep[0].inst_xpm_memory/xpm_memory_base_inst with a P_MEMORY_PRIMITIVE property set to distributed. A value of block is required. You will not be able to use the updatemem program to update the bitstream with new data for the traffic_replay_bd_i/host_smc/inst/m03_nodes/m03_w_node/inst/inst_mi_handler/gen_normal_area.inst_fifo_node_payld/gen_xpm_memory_fifo.inst_fifo/gen_mem_rep[0].inst_xpm_memory/xpm_memory_base_inst block.
INFO: [Memdata 28-167] Found XPM memory block traffic_replay_bd_i/host_smc/inst/m03_nodes/m03_r_node/inst/inst_mi_handler/gen_normal_area.inst_fifo_node_payld/gen_xpm_memory_fifo.inst_fifo/gen_mem_rep[2].inst_xpm_memory/xpm_memory_base_inst with a P_MEMORY_PRIMITIVE property set to distributed. A value of block is required. You will not be able to use the updatemem program to update the bitstream with new data for the traffic_replay_bd_i/host_smc/inst/m03_nodes/m03_r_node/inst/inst_mi_handler/gen_normal_area.inst_fifo_node_payld/gen_xpm_memory_fifo.inst_fifo/gen_mem_rep[2].inst_xpm_memory/xpm_memory_base_inst block.
INFO: [Memdata 28-167] Found XPM memory block traffic_replay_bd_i/host_smc/inst/m03_nodes/m03_r_node/inst/inst_mi_handler/gen_normal_area.inst_fifo_node_payld/gen_xpm_memory_fifo.inst_fifo/gen_mem_rep[1].inst_xpm_memory/xpm_memory_base_inst with a P_MEMORY_PRIMITIVE property set to distributed. A value of block is required. You will not be able to use the updatemem program to update the bitstream with new data for the traffic_replay_bd_i/host_smc/inst/m03_nodes/m03_r_node/inst/inst_mi_handler/gen_normal_area.inst_fifo_node_payld/gen_xpm_memory_fifo.inst_fifo/gen_mem_rep[1].inst_xpm_memory/xpm_memory_base_inst block.
INFO: [Memdata 28-167] Found XPM memory block traffic_replay_bd_i/host_smc/inst/m03_nodes/m03_r_node/inst/inst_mi_handler/gen_normal_area.inst_fifo_node_payld/gen_xpm_memory_fifo.inst_fifo/gen_mem_rep[0].inst_xpm_memory/xpm_memory_base_inst with a P_MEMORY_PRIMITIVE property set to distributed. A value of block is required. You will not be able to use the updatemem program to update the bitstream with new data for the traffic_replay_bd_i/host_smc/inst/m03_nodes/m03_r_node/inst/inst_mi_handler/gen_normal_area.inst_fifo_node_payld/gen_xpm_memory_fifo.inst_fifo/gen_mem_rep[0].inst_xpm_memory/xpm_memory_base_inst block.
INFO: [Memdata 28-167] Found XPM memory block traffic_replay_bd_i/host_smc/inst/m03_nodes/m03_b_node/inst/inst_mi_handler/gen_normal_area.inst_fifo_node_payld/gen_xpm_memory_fifo.inst_fifo/gen_mem_rep[0].inst_xpm_memory/xpm_memory_base_inst with a P_MEMORY_PRIMITIVE property set to distributed. A value of block is required. You will not be able to use the updatemem program to update the bitstream with new data for the traffic_replay_bd_i/host_smc/inst/m03_nodes/m03_b_node/inst/inst_mi_handler/gen_normal_area.inst_fifo_node_payld/gen_xpm_memory_fifo.inst_fifo/gen_mem_rep[0].inst_xpm_memory/xpm_memory_base_inst block.
INFO: [Memdata 28-167] Found XPM memory block traffic_replay_bd_i/host_smc/inst/m03_nodes/m03_aw_node/inst/inst_mi_handler/gen_normal_area.inst_fifo_node_payld/gen_xpm_memory_fifo.inst_fifo/gen_mem_rep[0].inst_xpm_memory/xpm_memory_base_inst with a P_MEMORY_PRIMITIVE property set to distributed. A value of block is required. You will not be able to use the updatemem program to update the bitstream with new data for the traffic_replay_bd_i/host_smc/inst/m03_nodes/m03_aw_node/inst/inst_mi_handler/gen_normal_area.inst_fifo_node_payld/gen_xpm_memory_fifo.inst_fifo/gen_mem_rep[0].inst_xpm_memory/xpm_memory_base_inst block.
INFO: [Memdata 28-167] Found XPM memory block traffic_replay_bd_i/host_smc/inst/m03_nodes/m03_ar_node/inst/inst_mi_handler/gen_normal_area.inst_fifo_node_payld/gen_xpm_memory_fifo.inst_fifo/gen_mem_rep[0].inst_xpm_memory/xpm_memory_base_inst with a P_MEMORY_PRIMITIVE property set to distributed. A value of block is required. You will not be able to use the updatemem program to update the bitstream with new data for the traffic_replay_bd_i/host_smc/inst/m03_nodes/m03_ar_node/inst/inst_mi_handler/gen_normal_area.inst_fifo_node_payld/gen_xpm_memory_fifo.inst_fifo/gen_mem_rep[0].inst_xpm_memory/xpm_memory_base_inst block.
INFO: [Memdata 28-167] Found XPM memory block traffic_replay_bd_i/host_smc/inst/m02_nodes/m02_w_node/inst/inst_mi_handler/gen_normal_area.inst_fifo_node_payld/gen_xpm_memory_fifo.inst_fifo/gen_mem_rep[3].inst_xpm_memory/xpm_memory_base_inst with a P_MEMORY_PRIMITIVE property set to distributed. A value of block is required. You will not be able to use the updatemem program to update the bitstream with new data for the traffic_replay_bd_i/host_smc/inst/m02_nodes/m02_w_node/inst/inst_mi_handler/gen_normal_area.inst_fifo_node_payld/gen_xpm_memory_fifo.inst_fifo/gen_mem_rep[3].inst_xpm_memory/xpm_memory_base_inst block.
INFO: [Memdata 28-167] Found XPM memory block traffic_replay_bd_i/host_smc/inst/m02_nodes/m02_w_node/inst/inst_mi_handler/gen_normal_area.inst_fifo_node_payld/gen_xpm_memory_fifo.inst_fifo/gen_mem_rep[2].inst_xpm_memory/xpm_memory_base_inst with a P_MEMORY_PRIMITIVE property set to distributed. A value of block is required. You will not be able to use the updatemem program to update the bitstream with new data for the traffic_replay_bd_i/host_smc/inst/m02_nodes/m02_w_node/inst/inst_mi_handler/gen_normal_area.inst_fifo_node_payld/gen_xpm_memory_fifo.inst_fifo/gen_mem_rep[2].inst_xpm_memory/xpm_memory_base_inst block.
INFO: [Memdata 28-167] Found XPM memory block traffic_replay_bd_i/host_smc/inst/m02_nodes/m02_w_node/inst/inst_mi_handler/gen_normal_area.inst_fifo_node_payld/gen_xpm_memory_fifo.inst_fifo/gen_mem_rep[1].inst_xpm_memory/xpm_memory_base_inst with a P_MEMORY_PRIMITIVE property set to distributed. A value of block is required. You will not be able to use the updatemem program to update the bitstream with new data for the traffic_replay_bd_i/host_smc/inst/m02_nodes/m02_w_node/inst/inst_mi_handler/gen_normal_area.inst_fifo_node_payld/gen_xpm_memory_fifo.inst_fifo/gen_mem_rep[1].inst_xpm_memory/xpm_memory_base_inst block.
INFO: [Memdata 28-167] Found XPM memory block traffic_replay_bd_i/host_smc/inst/m02_nodes/m02_w_node/inst/inst_mi_handler/gen_normal_area.inst_fifo_node_payld/gen_xpm_memory_fifo.inst_fifo/gen_mem_rep[0].inst_xpm_memory/xpm_memory_base_inst with a P_MEMORY_PRIMITIVE property set to distributed. A value of block is required. You will not be able to use the updatemem program to update the bitstream with new data for the traffic_replay_bd_i/host_smc/inst/m02_nodes/m02_w_node/inst/inst_mi_handler/gen_normal_area.inst_fifo_node_payld/gen_xpm_memory_fifo.inst_fifo/gen_mem_rep[0].inst_xpm_memory/xpm_memory_base_inst block.
INFO: [Memdata 28-167] Found XPM memory block traffic_replay_bd_i/host_smc/inst/m02_nodes/m02_r_node/inst/inst_mi_handler/gen_normal_area.inst_fifo_node_payld/gen_xpm_memory_fifo.inst_fifo/gen_mem_rep[2].inst_xpm_memory/xpm_memory_base_inst with a P_MEMORY_PRIMITIVE property set to distributed. A value of block is required. You will not be able to use the updatemem program to update the bitstream with new data for the traffic_replay_bd_i/host_smc/inst/m02_nodes/m02_r_node/inst/inst_mi_handler/gen_normal_area.inst_fifo_node_payld/gen_xpm_memory_fifo.inst_fifo/gen_mem_rep[2].inst_xpm_memory/xpm_memory_base_inst block.
INFO: [Memdata 28-167] Found XPM memory block traffic_replay_bd_i/host_smc/inst/m02_nodes/m02_r_node/inst/inst_mi_handler/gen_normal_area.inst_fifo_node_payld/gen_xpm_memory_fifo.inst_fifo/gen_mem_rep[1].inst_xpm_memory/xpm_memory_base_inst with a P_MEMORY_PRIMITIVE property set to distributed. A value of block is required. You will not be able to use the updatemem program to update the bitstream with new data for the traffic_replay_bd_i/host_smc/inst/m02_nodes/m02_r_node/inst/inst_mi_handler/gen_normal_area.inst_fifo_node_payld/gen_xpm_memory_fifo.inst_fifo/gen_mem_rep[1].inst_xpm_memory/xpm_memory_base_inst block.
INFO: [Memdata 28-167] Found XPM memory block traffic_replay_bd_i/host_smc/inst/m02_nodes/m02_r_node/inst/inst_mi_handler/gen_normal_area.inst_fifo_node_payld/gen_xpm_memory_fifo.inst_fifo/gen_mem_rep[0].inst_xpm_memory/xpm_memory_base_inst with a P_MEMORY_PRIMITIVE property set to distributed. A value of block is required. You will not be able to use the updatemem program to update the bitstream with new data for the traffic_replay_bd_i/host_smc/inst/m02_nodes/m02_r_node/inst/inst_mi_handler/gen_normal_area.inst_fifo_node_payld/gen_xpm_memory_fifo.inst_fifo/gen_mem_rep[0].inst_xpm_memory/xpm_memory_base_inst block.
INFO: [Memdata 28-167] Found XPM memory block traffic_replay_bd_i/host_smc/inst/m02_nodes/m02_b_node/inst/inst_mi_handler/gen_normal_area.inst_fifo_node_payld/gen_xpm_memory_fifo.inst_fifo/gen_mem_rep[0].inst_xpm_memory/xpm_memory_base_inst with a P_MEMORY_PRIMITIVE property set to distributed. A value of block is required. You will not be able to use the updatemem program to update the bitstream with new data for the traffic_replay_bd_i/host_smc/inst/m02_nodes/m02_b_node/inst/inst_mi_handler/gen_normal_area.inst_fifo_node_payld/gen_xpm_memory_fifo.inst_fifo/gen_mem_rep[0].inst_xpm_memory/xpm_memory_base_inst block.
INFO: [Memdata 28-167] Found XPM memory block traffic_replay_bd_i/host_smc/inst/m02_nodes/m02_aw_node/inst/inst_mi_handler/gen_normal_area.inst_fifo_node_payld/gen_xpm_memory_fifo.inst_fifo/gen_mem_rep[0].inst_xpm_memory/xpm_memory_base_inst with a P_MEMORY_PRIMITIVE property set to distributed. A value of block is required. You will not be able to use the updatemem program to update the bitstream with new data for the traffic_replay_bd_i/host_smc/inst/m02_nodes/m02_aw_node/inst/inst_mi_handler/gen_normal_area.inst_fifo_node_payld/gen_xpm_memory_fifo.inst_fifo/gen_mem_rep[0].inst_xpm_memory/xpm_memory_base_inst block.
INFO: [Memdata 28-167] Found XPM memory block traffic_replay_bd_i/host_smc/inst/m02_nodes/m02_ar_node/inst/inst_mi_handler/gen_normal_area.inst_fifo_node_payld/gen_xpm_memory_fifo.inst_fifo/gen_mem_rep[0].inst_xpm_memory/xpm_memory_base_inst with a P_MEMORY_PRIMITIVE property set to distributed. A value of block is required. You will not be able to use the updatemem program to update the bitstream with new data for the traffic_replay_bd_i/host_smc/inst/m02_nodes/m02_ar_node/inst/inst_mi_handler/gen_normal_area.inst_fifo_node_payld/gen_xpm_memory_fifo.inst_fifo/gen_mem_rep[0].inst_xpm_memory/xpm_memory_base_inst block.
INFO: [Memdata 28-167] Found XPM memory block traffic_replay_bd_i/host_smc/inst/m01_nodes/m01_w_node/inst/inst_mi_handler/gen_normal_area.inst_fifo_node_payld/gen_xpm_memory_fifo.inst_fifo/gen_mem_rep[3].inst_xpm_memory/xpm_memory_base_inst with a P_MEMORY_PRIMITIVE property set to distributed. A value of block is required. You will not be able to use the updatemem program to update the bitstream with new data for the traffic_replay_bd_i/host_smc/inst/m01_nodes/m01_w_node/inst/inst_mi_handler/gen_normal_area.inst_fifo_node_payld/gen_xpm_memory_fifo.inst_fifo/gen_mem_rep[3].inst_xpm_memory/xpm_memory_base_inst block.
INFO: [Memdata 28-167] Found XPM memory block traffic_replay_bd_i/host_smc/inst/m01_nodes/m01_w_node/inst/inst_mi_handler/gen_normal_area.inst_fifo_node_payld/gen_xpm_memory_fifo.inst_fifo/gen_mem_rep[2].inst_xpm_memory/xpm_memory_base_inst with a P_MEMORY_PRIMITIVE property set to distributed. A value of block is required. You will not be able to use the updatemem program to update the bitstream with new data for the traffic_replay_bd_i/host_smc/inst/m01_nodes/m01_w_node/inst/inst_mi_handler/gen_normal_area.inst_fifo_node_payld/gen_xpm_memory_fifo.inst_fifo/gen_mem_rep[2].inst_xpm_memory/xpm_memory_base_inst block.
INFO: [Memdata 28-167] Found XPM memory block traffic_replay_bd_i/host_smc/inst/m01_nodes/m01_w_node/inst/inst_mi_handler/gen_normal_area.inst_fifo_node_payld/gen_xpm_memory_fifo.inst_fifo/gen_mem_rep[1].inst_xpm_memory/xpm_memory_base_inst with a P_MEMORY_PRIMITIVE property set to distributed. A value of block is required. You will not be able to use the updatemem program to update the bitstream with new data for the traffic_replay_bd_i/host_smc/inst/m01_nodes/m01_w_node/inst/inst_mi_handler/gen_normal_area.inst_fifo_node_payld/gen_xpm_memory_fifo.inst_fifo/gen_mem_rep[1].inst_xpm_memory/xpm_memory_base_inst block.
INFO: [Memdata 28-167] Found XPM memory block traffic_replay_bd_i/host_smc/inst/m01_nodes/m01_w_node/inst/inst_mi_handler/gen_normal_area.inst_fifo_node_payld/gen_xpm_memory_fifo.inst_fifo/gen_mem_rep[0].inst_xpm_memory/xpm_memory_base_inst with a P_MEMORY_PRIMITIVE property set to distributed. A value of block is required. You will not be able to use the updatemem program to update the bitstream with new data for the traffic_replay_bd_i/host_smc/inst/m01_nodes/m01_w_node/inst/inst_mi_handler/gen_normal_area.inst_fifo_node_payld/gen_xpm_memory_fifo.inst_fifo/gen_mem_rep[0].inst_xpm_memory/xpm_memory_base_inst block.
INFO: [Memdata 28-167] Found XPM memory block traffic_replay_bd_i/host_smc/inst/m01_nodes/m01_r_node/inst/inst_mi_handler/gen_normal_area.inst_fifo_node_payld/gen_xpm_memory_fifo.inst_fifo/gen_mem_rep[2].inst_xpm_memory/xpm_memory_base_inst with a P_MEMORY_PRIMITIVE property set to distributed. A value of block is required. You will not be able to use the updatemem program to update the bitstream with new data for the traffic_replay_bd_i/host_smc/inst/m01_nodes/m01_r_node/inst/inst_mi_handler/gen_normal_area.inst_fifo_node_payld/gen_xpm_memory_fifo.inst_fifo/gen_mem_rep[2].inst_xpm_memory/xpm_memory_base_inst block.
INFO: [Memdata 28-167] Found XPM memory block traffic_replay_bd_i/host_smc/inst/m01_nodes/m01_r_node/inst/inst_mi_handler/gen_normal_area.inst_fifo_node_payld/gen_xpm_memory_fifo.inst_fifo/gen_mem_rep[1].inst_xpm_memory/xpm_memory_base_inst with a P_MEMORY_PRIMITIVE property set to distributed. A value of block is required. You will not be able to use the updatemem program to update the bitstream with new data for the traffic_replay_bd_i/host_smc/inst/m01_nodes/m01_r_node/inst/inst_mi_handler/gen_normal_area.inst_fifo_node_payld/gen_xpm_memory_fifo.inst_fifo/gen_mem_rep[1].inst_xpm_memory/xpm_memory_base_inst block.
INFO: [Memdata 28-167] Found XPM memory block traffic_replay_bd_i/host_smc/inst/m01_nodes/m01_r_node/inst/inst_mi_handler/gen_normal_area.inst_fifo_node_payld/gen_xpm_memory_fifo.inst_fifo/gen_mem_rep[0].inst_xpm_memory/xpm_memory_base_inst with a P_MEMORY_PRIMITIVE property set to distributed. A value of block is required. You will not be able to use the updatemem program to update the bitstream with new data for the traffic_replay_bd_i/host_smc/inst/m01_nodes/m01_r_node/inst/inst_mi_handler/gen_normal_area.inst_fifo_node_payld/gen_xpm_memory_fifo.inst_fifo/gen_mem_rep[0].inst_xpm_memory/xpm_memory_base_inst block.
INFO: [Memdata 28-167] Found XPM memory block traffic_replay_bd_i/host_smc/inst/m01_nodes/m01_b_node/inst/inst_mi_handler/gen_normal_area.inst_fifo_node_payld/gen_xpm_memory_fifo.inst_fifo/gen_mem_rep[0].inst_xpm_memory/xpm_memory_base_inst with a P_MEMORY_PRIMITIVE property set to distributed. A value of block is required. You will not be able to use the updatemem program to update the bitstream with new data for the traffic_replay_bd_i/host_smc/inst/m01_nodes/m01_b_node/inst/inst_mi_handler/gen_normal_area.inst_fifo_node_payld/gen_xpm_memory_fifo.inst_fifo/gen_mem_rep[0].inst_xpm_memory/xpm_memory_base_inst block.
INFO: [Memdata 28-167] Found XPM memory block traffic_replay_bd_i/host_smc/inst/m01_nodes/m01_aw_node/inst/inst_mi_handler/gen_normal_area.inst_fifo_node_payld/gen_xpm_memory_fifo.inst_fifo/gen_mem_rep[0].inst_xpm_memory/xpm_memory_base_inst with a P_MEMORY_PRIMITIVE property set to distributed. A value of block is required. You will not be able to use the updatemem program to update the bitstream with new data for the traffic_replay_bd_i/host_smc/inst/m01_nodes/m01_aw_node/inst/inst_mi_handler/gen_normal_area.inst_fifo_node_payld/gen_xpm_memory_fifo.inst_fifo/gen_mem_rep[0].inst_xpm_memory/xpm_memory_base_inst block.
INFO: [Memdata 28-167] Found XPM memory block traffic_replay_bd_i/host_smc/inst/m01_nodes/m01_ar_node/inst/inst_mi_handler/gen_normal_area.inst_fifo_node_payld/gen_xpm_memory_fifo.inst_fifo/gen_mem_rep[0].inst_xpm_memory/xpm_memory_base_inst with a P_MEMORY_PRIMITIVE property set to distributed. A value of block is required. You will not be able to use the updatemem program to update the bitstream with new data for the traffic_replay_bd_i/host_smc/inst/m01_nodes/m01_ar_node/inst/inst_mi_handler/gen_normal_area.inst_fifo_node_payld/gen_xpm_memory_fifo.inst_fifo/gen_mem_rep[0].inst_xpm_memory/xpm_memory_base_inst block.
INFO: [Memdata 28-167] Found XPM memory block traffic_replay_bd_i/host_smc/inst/m00_nodes/m00_w_node/inst/inst_mi_handler/gen_normal_area.inst_fifo_node_payld/gen_xpm_memory_fifo.inst_fifo/gen_mem_rep[3].inst_xpm_memory/xpm_memory_base_inst with a P_MEMORY_PRIMITIVE property set to distributed. A value of block is required. You will not be able to use the updatemem program to update the bitstream with new data for the traffic_replay_bd_i/host_smc/inst/m00_nodes/m00_w_node/inst/inst_mi_handler/gen_normal_area.inst_fifo_node_payld/gen_xpm_memory_fifo.inst_fifo/gen_mem_rep[3].inst_xpm_memory/xpm_memory_base_inst block.
INFO: [Memdata 28-167] Found XPM memory block traffic_replay_bd_i/host_smc/inst/m00_nodes/m00_w_node/inst/inst_mi_handler/gen_normal_area.inst_fifo_node_payld/gen_xpm_memory_fifo.inst_fifo/gen_mem_rep[2].inst_xpm_memory/xpm_memory_base_inst with a P_MEMORY_PRIMITIVE property set to distributed. A value of block is required. You will not be able to use the updatemem program to update the bitstream with new data for the traffic_replay_bd_i/host_smc/inst/m00_nodes/m00_w_node/inst/inst_mi_handler/gen_normal_area.inst_fifo_node_payld/gen_xpm_memory_fifo.inst_fifo/gen_mem_rep[2].inst_xpm_memory/xpm_memory_base_inst block.
INFO: [Memdata 28-167] Found XPM memory block traffic_replay_bd_i/host_smc/inst/m00_nodes/m00_w_node/inst/inst_mi_handler/gen_normal_area.inst_fifo_node_payld/gen_xpm_memory_fifo.inst_fifo/gen_mem_rep[1].inst_xpm_memory/xpm_memory_base_inst with a P_MEMORY_PRIMITIVE property set to distributed. A value of block is required. You will not be able to use the updatemem program to update the bitstream with new data for the traffic_replay_bd_i/host_smc/inst/m00_nodes/m00_w_node/inst/inst_mi_handler/gen_normal_area.inst_fifo_node_payld/gen_xpm_memory_fifo.inst_fifo/gen_mem_rep[1].inst_xpm_memory/xpm_memory_base_inst block.
INFO: [Memdata 28-167] Found XPM memory block traffic_replay_bd_i/host_smc/inst/m00_nodes/m00_w_node/inst/inst_mi_handler/gen_normal_area.inst_fifo_node_payld/gen_xpm_memory_fifo.inst_fifo/gen_mem_rep[0].inst_xpm_memory/xpm_memory_base_inst with a P_MEMORY_PRIMITIVE property set to distributed. A value of block is required. You will not be able to use the updatemem program to update the bitstream with new data for the traffic_replay_bd_i/host_smc/inst/m00_nodes/m00_w_node/inst/inst_mi_handler/gen_normal_area.inst_fifo_node_payld/gen_xpm_memory_fifo.inst_fifo/gen_mem_rep[0].inst_xpm_memory/xpm_memory_base_inst block.
INFO: [Memdata 28-167] Found XPM memory block traffic_replay_bd_i/host_smc/inst/m00_nodes/m00_r_node/inst/inst_mi_handler/gen_normal_area.inst_fifo_node_payld/gen_xpm_memory_fifo.inst_fifo/gen_mem_rep[2].inst_xpm_memory/xpm_memory_base_inst with a P_MEMORY_PRIMITIVE property set to distributed. A value of block is required. You will not be able to use the updatemem program to update the bitstream with new data for the traffic_replay_bd_i/host_smc/inst/m00_nodes/m00_r_node/inst/inst_mi_handler/gen_normal_area.inst_fifo_node_payld/gen_xpm_memory_fifo.inst_fifo/gen_mem_rep[2].inst_xpm_memory/xpm_memory_base_inst block.
INFO: [Memdata 28-167] Found XPM memory block traffic_replay_bd_i/host_smc/inst/m00_nodes/m00_r_node/inst/inst_mi_handler/gen_normal_area.inst_fifo_node_payld/gen_xpm_memory_fifo.inst_fifo/gen_mem_rep[1].inst_xpm_memory/xpm_memory_base_inst with a P_MEMORY_PRIMITIVE property set to distributed. A value of block is required. You will not be able to use the updatemem program to update the bitstream with new data for the traffic_replay_bd_i/host_smc/inst/m00_nodes/m00_r_node/inst/inst_mi_handler/gen_normal_area.inst_fifo_node_payld/gen_xpm_memory_fifo.inst_fifo/gen_mem_rep[1].inst_xpm_memory/xpm_memory_base_inst block.
INFO: [Memdata 28-167] Found XPM memory block traffic_replay_bd_i/host_smc/inst/m00_nodes/m00_r_node/inst/inst_mi_handler/gen_normal_area.inst_fifo_node_payld/gen_xpm_memory_fifo.inst_fifo/gen_mem_rep[0].inst_xpm_memory/xpm_memory_base_inst with a P_MEMORY_PRIMITIVE property set to distributed. A value of block is required. You will not be able to use the updatemem program to update the bitstream with new data for the traffic_replay_bd_i/host_smc/inst/m00_nodes/m00_r_node/inst/inst_mi_handler/gen_normal_area.inst_fifo_node_payld/gen_xpm_memory_fifo.inst_fifo/gen_mem_rep[0].inst_xpm_memory/xpm_memory_base_inst block.
INFO: [Memdata 28-167] Found XPM memory block traffic_replay_bd_i/host_smc/inst/m00_nodes/m00_b_node/inst/inst_mi_handler/gen_normal_area.inst_fifo_node_payld/gen_xpm_memory_fifo.inst_fifo/gen_mem_rep[0].inst_xpm_memory/xpm_memory_base_inst with a P_MEMORY_PRIMITIVE property set to distributed. A value of block is required. You will not be able to use the updatemem program to update the bitstream with new data for the traffic_replay_bd_i/host_smc/inst/m00_nodes/m00_b_node/inst/inst_mi_handler/gen_normal_area.inst_fifo_node_payld/gen_xpm_memory_fifo.inst_fifo/gen_mem_rep[0].inst_xpm_memory/xpm_memory_base_inst block.
INFO: [Memdata 28-167] Found XPM memory block traffic_replay_bd_i/host_smc/inst/m00_nodes/m00_aw_node/inst/inst_mi_handler/gen_normal_area.inst_fifo_node_payld/gen_xpm_memory_fifo.inst_fifo/gen_mem_rep[0].inst_xpm_memory/xpm_memory_base_inst with a P_MEMORY_PRIMITIVE property set to distributed. A value of block is required. You will not be able to use the updatemem program to update the bitstream with new data for the traffic_replay_bd_i/host_smc/inst/m00_nodes/m00_aw_node/inst/inst_mi_handler/gen_normal_area.inst_fifo_node_payld/gen_xpm_memory_fifo.inst_fifo/gen_mem_rep[0].inst_xpm_memory/xpm_memory_base_inst block.
INFO: [Memdata 28-167] Found XPM memory block traffic_replay_bd_i/host_smc/inst/m00_nodes/m00_ar_node/inst/inst_mi_handler/gen_normal_area.inst_fifo_node_payld/gen_xpm_memory_fifo.inst_fifo/gen_mem_rep[0].inst_xpm_memory/xpm_memory_base_inst with a P_MEMORY_PRIMITIVE property set to distributed. A value of block is required. You will not be able to use the updatemem program to update the bitstream with new data for the traffic_replay_bd_i/host_smc/inst/m00_nodes/m00_ar_node/inst/inst_mi_handler/gen_normal_area.inst_fifo_node_payld/gen_xpm_memory_fifo.inst_fifo/gen_mem_rep[0].inst_xpm_memory/xpm_memory_base_inst block.
INFO: [Memdata 28-167] Found XPM memory block traffic_replay_bd_i/ddr_smc_3/inst/s01_nodes/s01_w_node/inst/inst_mi_handler/gen_normal_area.inst_fifo_node_payld/gen_xpm_memory_fifo.inst_fifo/gen_mem_rep[2].inst_xpm_memory/xpm_memory_base_inst with a P_MEMORY_PRIMITIVE property set to distributed. A value of block is required. You will not be able to use the updatemem program to update the bitstream with new data for the traffic_replay_bd_i/ddr_smc_3/inst/s01_nodes/s01_w_node/inst/inst_mi_handler/gen_normal_area.inst_fifo_node_payld/gen_xpm_memory_fifo.inst_fifo/gen_mem_rep[2].inst_xpm_memory/xpm_memory_base_inst block.
INFO: [Memdata 28-167] Found XPM memory block traffic_replay_bd_i/ddr_smc_3/inst/s01_nodes/s01_w_node/inst/inst_mi_handler/gen_normal_area.inst_fifo_node_payld/gen_xpm_memory_fifo.inst_fifo/gen_mem_rep[1].inst_xpm_memory/xpm_memory_base_inst with a P_MEMORY_PRIMITIVE property set to distributed. A value of block is required. You will not be able to use the updatemem program to update the bitstream with new data for the traffic_replay_bd_i/ddr_smc_3/inst/s01_nodes/s01_w_node/inst/inst_mi_handler/gen_normal_area.inst_fifo_node_payld/gen_xpm_memory_fifo.inst_fifo/gen_mem_rep[1].inst_xpm_memory/xpm_memory_base_inst block.
INFO: [Memdata 28-167] Found XPM memory block traffic_replay_bd_i/ddr_smc_3/inst/s01_nodes/s01_w_node/inst/inst_mi_handler/gen_normal_area.inst_fifo_node_payld/gen_xpm_memory_fifo.inst_fifo/gen_mem_rep[0].inst_xpm_memory/xpm_memory_base_inst with a P_MEMORY_PRIMITIVE property set to distributed. A value of block is required. You will not be able to use the updatemem program to update the bitstream with new data for the traffic_replay_bd_i/ddr_smc_3/inst/s01_nodes/s01_w_node/inst/inst_mi_handler/gen_normal_area.inst_fifo_node_payld/gen_xpm_memory_fifo.inst_fifo/gen_mem_rep[0].inst_xpm_memory/xpm_memory_base_inst block.
INFO: [Memdata 28-167] Found XPM memory block traffic_replay_bd_i/ddr_smc_3/inst/s01_nodes/s01_w_node/inst/inst_mi_handler/gen_normal_area.gen_fifo_req.inst_fifo_req/gen_xpm_memory_fifo.inst_fifo/gen_mem_rep[0].inst_xpm_memory/xpm_memory_base_inst with a P_MEMORY_PRIMITIVE property set to distributed. A value of block is required. You will not be able to use the updatemem program to update the bitstream with new data for the traffic_replay_bd_i/ddr_smc_3/inst/s01_nodes/s01_w_node/inst/inst_mi_handler/gen_normal_area.gen_fifo_req.inst_fifo_req/gen_xpm_memory_fifo.inst_fifo/gen_mem_rep[0].inst_xpm_memory/xpm_memory_base_inst block.
INFO: [Memdata 28-167] Found XPM memory block traffic_replay_bd_i/ddr_smc_3/inst/s01_nodes/s01_b_node/inst/inst_mi_handler/gen_normal_area.inst_fifo_node_payld/gen_xpm_memory_fifo.inst_fifo/gen_mem_rep[0].inst_xpm_memory/xpm_memory_base_inst with a P_MEMORY_PRIMITIVE property set to distributed. A value of block is required. You will not be able to use the updatemem program to update the bitstream with new data for the traffic_replay_bd_i/ddr_smc_3/inst/s01_nodes/s01_b_node/inst/inst_mi_handler/gen_normal_area.inst_fifo_node_payld/gen_xpm_memory_fifo.inst_fifo/gen_mem_rep[0].inst_xpm_memory/xpm_memory_base_inst block.
INFO: [Memdata 28-167] Found XPM memory block traffic_replay_bd_i/ddr_smc_3/inst/s01_nodes/s01_aw_node/inst/inst_mi_handler/gen_normal_area.inst_fifo_node_payld/gen_xpm_memory_fifo.inst_fifo/gen_mem_rep[0].inst_xpm_memory/xpm_memory_base_inst with a P_MEMORY_PRIMITIVE property set to distributed. A value of block is required. You will not be able to use the updatemem program to update the bitstream with new data for the traffic_replay_bd_i/ddr_smc_3/inst/s01_nodes/s01_aw_node/inst/inst_mi_handler/gen_normal_area.inst_fifo_node_payld/gen_xpm_memory_fifo.inst_fifo/gen_mem_rep[0].inst_xpm_memory/xpm_memory_base_inst block.
INFO: [Memdata 28-167] Found XPM memory block traffic_replay_bd_i/ddr_smc_3/inst/s01_nodes/s01_ar_node/inst/inst_mi_handler/gen_normal_area.inst_fifo_node_payld/gen_xpm_memory_fifo.inst_fifo/gen_mem_rep[0].inst_xpm_memory/xpm_memory_base_inst with a P_MEMORY_PRIMITIVE property set to distributed. A value of block is required. You will not be able to use the updatemem program to update the bitstream with new data for the traffic_replay_bd_i/ddr_smc_3/inst/s01_nodes/s01_ar_node/inst/inst_mi_handler/gen_normal_area.inst_fifo_node_payld/gen_xpm_memory_fifo.inst_fifo/gen_mem_rep[0].inst_xpm_memory/xpm_memory_base_inst block.
INFO: [Memdata 28-167] Found XPM memory block traffic_replay_bd_i/ddr_smc_3/inst/s00_nodes/s00_w_node/inst/inst_mi_handler/gen_normal_area.inst_fifo_node_payld/gen_xpm_memory_fifo.inst_fifo/gen_mem_rep[2].inst_xpm_memory/xpm_memory_base_inst with a P_MEMORY_PRIMITIVE property set to distributed. A value of block is required. You will not be able to use the updatemem program to update the bitstream with new data for the traffic_replay_bd_i/ddr_smc_3/inst/s00_nodes/s00_w_node/inst/inst_mi_handler/gen_normal_area.inst_fifo_node_payld/gen_xpm_memory_fifo.inst_fifo/gen_mem_rep[2].inst_xpm_memory/xpm_memory_base_inst block.
INFO: [Memdata 28-167] Found XPM memory block traffic_replay_bd_i/ddr_smc_3/inst/s00_nodes/s00_w_node/inst/inst_mi_handler/gen_normal_area.inst_fifo_node_payld/gen_xpm_memory_fifo.inst_fifo/gen_mem_rep[1].inst_xpm_memory/xpm_memory_base_inst with a P_MEMORY_PRIMITIVE property set to distributed. A value of block is required. You will not be able to use the updatemem program to update the bitstream with new data for the traffic_replay_bd_i/ddr_smc_3/inst/s00_nodes/s00_w_node/inst/inst_mi_handler/gen_normal_area.inst_fifo_node_payld/gen_xpm_memory_fifo.inst_fifo/gen_mem_rep[1].inst_xpm_memory/xpm_memory_base_inst block.
INFO: [Memdata 28-167] Found XPM memory block traffic_replay_bd_i/ddr_smc_3/inst/s00_nodes/s00_w_node/inst/inst_mi_handler/gen_normal_area.inst_fifo_node_payld/gen_xpm_memory_fifo.inst_fifo/gen_mem_rep[0].inst_xpm_memory/xpm_memory_base_inst with a P_MEMORY_PRIMITIVE property set to distributed. A value of block is required. You will not be able to use the updatemem program to update the bitstream with new data for the traffic_replay_bd_i/ddr_smc_3/inst/s00_nodes/s00_w_node/inst/inst_mi_handler/gen_normal_area.inst_fifo_node_payld/gen_xpm_memory_fifo.inst_fifo/gen_mem_rep[0].inst_xpm_memory/xpm_memory_base_inst block.
INFO: [Memdata 28-167] Found XPM memory block traffic_replay_bd_i/ddr_smc_3/inst/s00_nodes/s00_w_node/inst/inst_mi_handler/gen_normal_area.gen_fifo_req.inst_fifo_req/gen_xpm_memory_fifo.inst_fifo/gen_mem_rep[0].inst_xpm_memory/xpm_memory_base_inst with a P_MEMORY_PRIMITIVE property set to distributed. A value of block is required. You will not be able to use the updatemem program to update the bitstream with new data for the traffic_replay_bd_i/ddr_smc_3/inst/s00_nodes/s00_w_node/inst/inst_mi_handler/gen_normal_area.gen_fifo_req.inst_fifo_req/gen_xpm_memory_fifo.inst_fifo/gen_mem_rep[0].inst_xpm_memory/xpm_memory_base_inst block.
INFO: [Memdata 28-167] Found XPM memory block traffic_replay_bd_i/ddr_smc_3/inst/s00_nodes/s00_r_node/inst/inst_mi_handler/gen_normal_area.inst_fifo_node_payld/gen_xpm_memory_fifo.inst_fifo/gen_mem_rep[2].inst_xpm_memory/xpm_memory_base_inst with a P_MEMORY_PRIMITIVE property set to distributed. A value of block is required. You will not be able to use the updatemem program to update the bitstream with new data for the traffic_replay_bd_i/ddr_smc_3/inst/s00_nodes/s00_r_node/inst/inst_mi_handler/gen_normal_area.inst_fifo_node_payld/gen_xpm_memory_fifo.inst_fifo/gen_mem_rep[2].inst_xpm_memory/xpm_memory_base_inst block.
INFO: [Memdata 28-167] Found XPM memory block traffic_replay_bd_i/ddr_smc_3/inst/s00_nodes/s00_r_node/inst/inst_mi_handler/gen_normal_area.inst_fifo_node_payld/gen_xpm_memory_fifo.inst_fifo/gen_mem_rep[1].inst_xpm_memory/xpm_memory_base_inst with a P_MEMORY_PRIMITIVE property set to distributed. A value of block is required. You will not be able to use the updatemem program to update the bitstream with new data for the traffic_replay_bd_i/ddr_smc_3/inst/s00_nodes/s00_r_node/inst/inst_mi_handler/gen_normal_area.inst_fifo_node_payld/gen_xpm_memory_fifo.inst_fifo/gen_mem_rep[1].inst_xpm_memory/xpm_memory_base_inst block.
INFO: [Memdata 28-167] Found XPM memory block traffic_replay_bd_i/ddr_smc_3/inst/s00_nodes/s00_r_node/inst/inst_mi_handler/gen_normal_area.inst_fifo_node_payld/gen_xpm_memory_fifo.inst_fifo/gen_mem_rep[0].inst_xpm_memory/xpm_memory_base_inst with a P_MEMORY_PRIMITIVE property set to distributed. A value of block is required. You will not be able to use the updatemem program to update the bitstream with new data for the traffic_replay_bd_i/ddr_smc_3/inst/s00_nodes/s00_r_node/inst/inst_mi_handler/gen_normal_area.inst_fifo_node_payld/gen_xpm_memory_fifo.inst_fifo/gen_mem_rep[0].inst_xpm_memory/xpm_memory_base_inst block.
INFO: [Memdata 28-167] Found XPM memory block traffic_replay_bd_i/ddr_smc_3/inst/s00_nodes/s00_b_node/inst/inst_mi_handler/gen_normal_area.inst_fifo_node_payld/gen_xpm_memory_fifo.inst_fifo/gen_mem_rep[0].inst_xpm_memory/xpm_memory_base_inst with a P_MEMORY_PRIMITIVE property set to distributed. A value of block is required. You will not be able to use the updatemem program to update the bitstream with new data for the traffic_replay_bd_i/ddr_smc_3/inst/s00_nodes/s00_b_node/inst/inst_mi_handler/gen_normal_area.inst_fifo_node_payld/gen_xpm_memory_fifo.inst_fifo/gen_mem_rep[0].inst_xpm_memory/xpm_memory_base_inst block.
INFO: [Memdata 28-167] Found XPM memory block traffic_replay_bd_i/ddr_smc_3/inst/s00_nodes/s00_aw_node/inst/inst_mi_handler/gen_normal_area.inst_fifo_node_payld/gen_xpm_memory_fifo.inst_fifo/gen_mem_rep[0].inst_xpm_memory/xpm_memory_base_inst with a P_MEMORY_PRIMITIVE property set to distributed. A value of block is required. You will not be able to use the updatemem program to update the bitstream with new data for the traffic_replay_bd_i/ddr_smc_3/inst/s00_nodes/s00_aw_node/inst/inst_mi_handler/gen_normal_area.inst_fifo_node_payld/gen_xpm_memory_fifo.inst_fifo/gen_mem_rep[0].inst_xpm_memory/xpm_memory_base_inst block.
INFO: [Memdata 28-167] Found XPM memory block traffic_replay_bd_i/ddr_smc_3/inst/s00_nodes/s00_ar_node/inst/inst_mi_handler/gen_normal_area.inst_fifo_node_payld/gen_xpm_memory_fifo.inst_fifo/gen_mem_rep[0].inst_xpm_memory/xpm_memory_base_inst with a P_MEMORY_PRIMITIVE property set to distributed. A value of block is required. You will not be able to use the updatemem program to update the bitstream with new data for the traffic_replay_bd_i/ddr_smc_3/inst/s00_nodes/s00_ar_node/inst/inst_mi_handler/gen_normal_area.inst_fifo_node_payld/gen_xpm_memory_fifo.inst_fifo/gen_mem_rep[0].inst_xpm_memory/xpm_memory_base_inst block.
INFO: [Memdata 28-167] Found XPM memory block traffic_replay_bd_i/ddr_smc_3/inst/m00_nodes/m00_w_node/inst/inst_si_handler/gen_si_handler.gen_request_fifos.gen_req_fifo[1].inst_req_fifo/gen_xpm_memory_fifo.inst_fifo/gen_mem_rep[0].inst_xpm_memory/xpm_memory_base_inst with a P_MEMORY_PRIMITIVE property set to distributed. A value of block is required. You will not be able to use the updatemem program to update the bitstream with new data for the traffic_replay_bd_i/ddr_smc_3/inst/m00_nodes/m00_w_node/inst/inst_si_handler/gen_si_handler.gen_request_fifos.gen_req_fifo[1].inst_req_fifo/gen_xpm_memory_fifo.inst_fifo/gen_mem_rep[0].inst_xpm_memory/xpm_memory_base_inst block.
INFO: [Memdata 28-167] Found XPM memory block traffic_replay_bd_i/ddr_smc_3/inst/m00_nodes/m00_w_node/inst/inst_si_handler/gen_si_handler.gen_request_fifos.gen_req_fifo[0].inst_req_fifo/gen_xpm_memory_fifo.inst_fifo/gen_mem_rep[0].inst_xpm_memory/xpm_memory_base_inst with a P_MEMORY_PRIMITIVE property set to distributed. A value of block is required. You will not be able to use the updatemem program to update the bitstream with new data for the traffic_replay_bd_i/ddr_smc_3/inst/m00_nodes/m00_w_node/inst/inst_si_handler/gen_si_handler.gen_request_fifos.gen_req_fifo[0].inst_req_fifo/gen_xpm_memory_fifo.inst_fifo/gen_mem_rep[0].inst_xpm_memory/xpm_memory_base_inst block.
INFO: [Memdata 28-167] Found XPM memory block traffic_replay_bd_i/ddr_smc_3/inst/m00_nodes/m00_w_node/inst/inst_mi_handler/gen_normal_area.inst_fifo_node_payld/gen_xpm_memory_fifo.inst_fifo/gen_mem_rep[3].inst_xpm_memory/xpm_memory_base_inst with a P_MEMORY_PRIMITIVE property set to distributed. A value of block is required. You will not be able to use the updatemem program to update the bitstream with new data for the traffic_replay_bd_i/ddr_smc_3/inst/m00_nodes/m00_w_node/inst/inst_mi_handler/gen_normal_area.inst_fifo_node_payld/gen_xpm_memory_fifo.inst_fifo/gen_mem_rep[3].inst_xpm_memory/xpm_memory_base_inst block.
INFO: [Memdata 28-167] Found XPM memory block traffic_replay_bd_i/ddr_smc_3/inst/m00_nodes/m00_w_node/inst/inst_mi_handler/gen_normal_area.inst_fifo_node_payld/gen_xpm_memory_fifo.inst_fifo/gen_mem_rep[2].inst_xpm_memory/xpm_memory_base_inst with a P_MEMORY_PRIMITIVE property set to distributed. A value of block is required. You will not be able to use the updatemem program to update the bitstream with new data for the traffic_replay_bd_i/ddr_smc_3/inst/m00_nodes/m00_w_node/inst/inst_mi_handler/gen_normal_area.inst_fifo_node_payld/gen_xpm_memory_fifo.inst_fifo/gen_mem_rep[2].inst_xpm_memory/xpm_memory_base_inst block.
INFO: [Memdata 28-167] Found XPM memory block traffic_replay_bd_i/ddr_smc_3/inst/m00_nodes/m00_w_node/inst/inst_mi_handler/gen_normal_area.inst_fifo_node_payld/gen_xpm_memory_fifo.inst_fifo/gen_mem_rep[1].inst_xpm_memory/xpm_memory_base_inst with a P_MEMORY_PRIMITIVE property set to distributed. A value of block is required. You will not be able to use the updatemem program to update the bitstream with new data for the traffic_replay_bd_i/ddr_smc_3/inst/m00_nodes/m00_w_node/inst/inst_mi_handler/gen_normal_area.inst_fifo_node_payld/gen_xpm_memory_fifo.inst_fifo/gen_mem_rep[1].inst_xpm_memory/xpm_memory_base_inst block.
INFO: [Memdata 28-167] Found XPM memory block traffic_replay_bd_i/ddr_smc_3/inst/m00_nodes/m00_w_node/inst/inst_mi_handler/gen_normal_area.inst_fifo_node_payld/gen_xpm_memory_fifo.inst_fifo/gen_mem_rep[0].inst_xpm_memory/xpm_memory_base_inst with a P_MEMORY_PRIMITIVE property set to distributed. A value of block is required. You will not be able to use the updatemem program to update the bitstream with new data for the traffic_replay_bd_i/ddr_smc_3/inst/m00_nodes/m00_w_node/inst/inst_mi_handler/gen_normal_area.inst_fifo_node_payld/gen_xpm_memory_fifo.inst_fifo/gen_mem_rep[0].inst_xpm_memory/xpm_memory_base_inst block.
INFO: [Memdata 28-167] Found XPM memory block traffic_replay_bd_i/ddr_smc_3/inst/m00_nodes/m00_r_node/inst/inst_mi_handler/gen_normal_area.inst_fifo_node_payld/gen_xpm_memory_fifo.inst_fifo/gen_mem_rep[2].inst_xpm_memory/xpm_memory_base_inst with a P_MEMORY_PRIMITIVE property set to distributed. A value of block is required. You will not be able to use the updatemem program to update the bitstream with new data for the traffic_replay_bd_i/ddr_smc_3/inst/m00_nodes/m00_r_node/inst/inst_mi_handler/gen_normal_area.inst_fifo_node_payld/gen_xpm_memory_fifo.inst_fifo/gen_mem_rep[2].inst_xpm_memory/xpm_memory_base_inst block.
INFO: [Memdata 28-167] Found XPM memory block traffic_replay_bd_i/ddr_smc_3/inst/m00_nodes/m00_r_node/inst/inst_mi_handler/gen_normal_area.inst_fifo_node_payld/gen_xpm_memory_fifo.inst_fifo/gen_mem_rep[1].inst_xpm_memory/xpm_memory_base_inst with a P_MEMORY_PRIMITIVE property set to distributed. A value of block is required. You will not be able to use the updatemem program to update the bitstream with new data for the traffic_replay_bd_i/ddr_smc_3/inst/m00_nodes/m00_r_node/inst/inst_mi_handler/gen_normal_area.inst_fifo_node_payld/gen_xpm_memory_fifo.inst_fifo/gen_mem_rep[1].inst_xpm_memory/xpm_memory_base_inst block.
INFO: [Memdata 28-167] Found XPM memory block traffic_replay_bd_i/ddr_smc_3/inst/m00_nodes/m00_r_node/inst/inst_mi_handler/gen_normal_area.inst_fifo_node_payld/gen_xpm_memory_fifo.inst_fifo/gen_mem_rep[0].inst_xpm_memory/xpm_memory_base_inst with a P_MEMORY_PRIMITIVE property set to distributed. A value of block is required. You will not be able to use the updatemem program to update the bitstream with new data for the traffic_replay_bd_i/ddr_smc_3/inst/m00_nodes/m00_r_node/inst/inst_mi_handler/gen_normal_area.inst_fifo_node_payld/gen_xpm_memory_fifo.inst_fifo/gen_mem_rep[0].inst_xpm_memory/xpm_memory_base_inst block.
INFO: [Memdata 28-167] Found XPM memory block traffic_replay_bd_i/ddr_smc_3/inst/m00_nodes/m00_r_node/inst/inst_mi_handler/gen_normal_area.gen_fifo_req.inst_fifo_req/gen_xpm_memory_fifo.inst_fifo/gen_mem_rep[0].inst_xpm_memory/xpm_memory_base_inst with a P_MEMORY_PRIMITIVE property set to distributed. A value of block is required. You will not be able to use the updatemem program to update the bitstream with new data for the traffic_replay_bd_i/ddr_smc_3/inst/m00_nodes/m00_r_node/inst/inst_mi_handler/gen_normal_area.gen_fifo_req.inst_fifo_req/gen_xpm_memory_fifo.inst_fifo/gen_mem_rep[0].inst_xpm_memory/xpm_memory_base_inst block.
INFO: [Memdata 28-167] Found XPM memory block traffic_replay_bd_i/ddr_smc_3/inst/m00_nodes/m00_b_node/inst/inst_mi_handler/gen_normal_area.inst_fifo_node_payld/gen_xpm_memory_fifo.inst_fifo/gen_mem_rep[0].inst_xpm_memory/xpm_memory_base_inst with a P_MEMORY_PRIMITIVE property set to distributed. A value of block is required. You will not be able to use the updatemem program to update the bitstream with new data for the traffic_replay_bd_i/ddr_smc_3/inst/m00_nodes/m00_b_node/inst/inst_mi_handler/gen_normal_area.inst_fifo_node_payld/gen_xpm_memory_fifo.inst_fifo/gen_mem_rep[0].inst_xpm_memory/xpm_memory_base_inst block.
INFO: [Memdata 28-167] Found XPM memory block traffic_replay_bd_i/ddr_smc_3/inst/m00_nodes/m00_b_node/inst/inst_mi_handler/gen_normal_area.gen_fifo_req.inst_fifo_req/gen_xpm_memory_fifo.inst_fifo/gen_mem_rep[0].inst_xpm_memory/xpm_memory_base_inst with a P_MEMORY_PRIMITIVE property set to distributed. A value of block is required. You will not be able to use the updatemem program to update the bitstream with new data for the traffic_replay_bd_i/ddr_smc_3/inst/m00_nodes/m00_b_node/inst/inst_mi_handler/gen_normal_area.gen_fifo_req.inst_fifo_req/gen_xpm_memory_fifo.inst_fifo/gen_mem_rep[0].inst_xpm_memory/xpm_memory_base_inst block.
INFO: [Memdata 28-167] Found XPM memory block traffic_replay_bd_i/ddr_smc_3/inst/m00_nodes/m00_aw_node/inst/inst_mi_handler/gen_normal_area.inst_fifo_node_payld/gen_xpm_memory_fifo.inst_fifo/gen_mem_rep[0].inst_xpm_memory/xpm_memory_base_inst with a P_MEMORY_PRIMITIVE property set to distributed. A value of block is required. You will not be able to use the updatemem program to update the bitstream with new data for the traffic_replay_bd_i/ddr_smc_3/inst/m00_nodes/m00_aw_node/inst/inst_mi_handler/gen_normal_area.inst_fifo_node_payld/gen_xpm_memory_fifo.inst_fifo/gen_mem_rep[0].inst_xpm_memory/xpm_memory_base_inst block.
INFO: [Memdata 28-167] Found XPM memory block traffic_replay_bd_i/ddr_smc_3/inst/m00_nodes/m00_ar_node/inst/inst_mi_handler/gen_normal_area.inst_fifo_node_payld/gen_xpm_memory_fifo.inst_fifo/gen_mem_rep[0].inst_xpm_memory/xpm_memory_base_inst with a P_MEMORY_PRIMITIVE property set to distributed. A value of block is required. You will not be able to use the updatemem program to update the bitstream with new data for the traffic_replay_bd_i/ddr_smc_3/inst/m00_nodes/m00_ar_node/inst/inst_mi_handler/gen_normal_area.inst_fifo_node_payld/gen_xpm_memory_fifo.inst_fifo/gen_mem_rep[0].inst_xpm_memory/xpm_memory_base_inst block.
INFO: [Memdata 28-167] Found XPM memory block traffic_replay_bd_i/ddr_smc_2/inst/s01_nodes/s01_w_node/inst/inst_mi_handler/gen_normal_area.inst_fifo_node_payld/gen_xpm_memory_fifo.inst_fifo/gen_mem_rep[2].inst_xpm_memory/xpm_memory_base_inst with a P_MEMORY_PRIMITIVE property set to distributed. A value of block is required. You will not be able to use the updatemem program to update the bitstream with new data for the traffic_replay_bd_i/ddr_smc_2/inst/s01_nodes/s01_w_node/inst/inst_mi_handler/gen_normal_area.inst_fifo_node_payld/gen_xpm_memory_fifo.inst_fifo/gen_mem_rep[2].inst_xpm_memory/xpm_memory_base_inst block.
INFO: [Memdata 28-167] Found XPM memory block traffic_replay_bd_i/ddr_smc_2/inst/s01_nodes/s01_w_node/inst/inst_mi_handler/gen_normal_area.inst_fifo_node_payld/gen_xpm_memory_fifo.inst_fifo/gen_mem_rep[1].inst_xpm_memory/xpm_memory_base_inst with a P_MEMORY_PRIMITIVE property set to distributed. A value of block is required. You will not be able to use the updatemem program to update the bitstream with new data for the traffic_replay_bd_i/ddr_smc_2/inst/s01_nodes/s01_w_node/inst/inst_mi_handler/gen_normal_area.inst_fifo_node_payld/gen_xpm_memory_fifo.inst_fifo/gen_mem_rep[1].inst_xpm_memory/xpm_memory_base_inst block.
INFO: [Memdata 28-167] Found XPM memory block traffic_replay_bd_i/ddr_smc_2/inst/s01_nodes/s01_w_node/inst/inst_mi_handler/gen_normal_area.inst_fifo_node_payld/gen_xpm_memory_fifo.inst_fifo/gen_mem_rep[0].inst_xpm_memory/xpm_memory_base_inst with a P_MEMORY_PRIMITIVE property set to distributed. A value of block is required. You will not be able to use the updatemem program to update the bitstream with new data for the traffic_replay_bd_i/ddr_smc_2/inst/s01_nodes/s01_w_node/inst/inst_mi_handler/gen_normal_area.inst_fifo_node_payld/gen_xpm_memory_fifo.inst_fifo/gen_mem_rep[0].inst_xpm_memory/xpm_memory_base_inst block.
INFO: [Memdata 28-167] Found XPM memory block traffic_replay_bd_i/ddr_smc_2/inst/s01_nodes/s01_w_node/inst/inst_mi_handler/gen_normal_area.gen_fifo_req.inst_fifo_req/gen_xpm_memory_fifo.inst_fifo/gen_mem_rep[0].inst_xpm_memory/xpm_memory_base_inst with a P_MEMORY_PRIMITIVE property set to distributed. A value of block is required. You will not be able to use the updatemem program to update the bitstream with new data for the traffic_replay_bd_i/ddr_smc_2/inst/s01_nodes/s01_w_node/inst/inst_mi_handler/gen_normal_area.gen_fifo_req.inst_fifo_req/gen_xpm_memory_fifo.inst_fifo/gen_mem_rep[0].inst_xpm_memory/xpm_memory_base_inst block.
INFO: [Memdata 28-167] Found XPM memory block traffic_replay_bd_i/ddr_smc_2/inst/s01_nodes/s01_b_node/inst/inst_mi_handler/gen_normal_area.inst_fifo_node_payld/gen_xpm_memory_fifo.inst_fifo/gen_mem_rep[0].inst_xpm_memory/xpm_memory_base_inst with a P_MEMORY_PRIMITIVE property set to distributed. A value of block is required. You will not be able to use the updatemem program to update the bitstream with new data for the traffic_replay_bd_i/ddr_smc_2/inst/s01_nodes/s01_b_node/inst/inst_mi_handler/gen_normal_area.inst_fifo_node_payld/gen_xpm_memory_fifo.inst_fifo/gen_mem_rep[0].inst_xpm_memory/xpm_memory_base_inst block.
INFO: [Memdata 28-167] Found XPM memory block traffic_replay_bd_i/ddr_smc_2/inst/s01_nodes/s01_aw_node/inst/inst_mi_handler/gen_normal_area.inst_fifo_node_payld/gen_xpm_memory_fifo.inst_fifo/gen_mem_rep[0].inst_xpm_memory/xpm_memory_base_inst with a P_MEMORY_PRIMITIVE property set to distributed. A value of block is required. You will not be able to use the updatemem program to update the bitstream with new data for the traffic_replay_bd_i/ddr_smc_2/inst/s01_nodes/s01_aw_node/inst/inst_mi_handler/gen_normal_area.inst_fifo_node_payld/gen_xpm_memory_fifo.inst_fifo/gen_mem_rep[0].inst_xpm_memory/xpm_memory_base_inst block.
INFO: [Memdata 28-167] Found XPM memory block traffic_replay_bd_i/ddr_smc_2/inst/s01_nodes/s01_ar_node/inst/inst_mi_handler/gen_normal_area.inst_fifo_node_payld/gen_xpm_memory_fifo.inst_fifo/gen_mem_rep[0].inst_xpm_memory/xpm_memory_base_inst with a P_MEMORY_PRIMITIVE property set to distributed. A value of block is required. You will not be able to use the updatemem program to update the bitstream with new data for the traffic_replay_bd_i/ddr_smc_2/inst/s01_nodes/s01_ar_node/inst/inst_mi_handler/gen_normal_area.inst_fifo_node_payld/gen_xpm_memory_fifo.inst_fifo/gen_mem_rep[0].inst_xpm_memory/xpm_memory_base_inst block.
INFO: [Memdata 28-167] Found XPM memory block traffic_replay_bd_i/ddr_smc_2/inst/s00_nodes/s00_w_node/inst/inst_mi_handler/gen_normal_area.inst_fifo_node_payld/gen_xpm_memory_fifo.inst_fifo/gen_mem_rep[2].inst_xpm_memory/xpm_memory_base_inst with a P_MEMORY_PRIMITIVE property set to distributed. A value of block is required. You will not be able to use the updatemem program to update the bitstream with new data for the traffic_replay_bd_i/ddr_smc_2/inst/s00_nodes/s00_w_node/inst/inst_mi_handler/gen_normal_area.inst_fifo_node_payld/gen_xpm_memory_fifo.inst_fifo/gen_mem_rep[2].inst_xpm_memory/xpm_memory_base_inst block.
INFO: [Memdata 28-167] Found XPM memory block traffic_replay_bd_i/ddr_smc_2/inst/s00_nodes/s00_w_node/inst/inst_mi_handler/gen_normal_area.inst_fifo_node_payld/gen_xpm_memory_fifo.inst_fifo/gen_mem_rep[1].inst_xpm_memory/xpm_memory_base_inst with a P_MEMORY_PRIMITIVE property set to distributed. A value of block is required. You will not be able to use the updatemem program to update the bitstream with new data for the traffic_replay_bd_i/ddr_smc_2/inst/s00_nodes/s00_w_node/inst/inst_mi_handler/gen_normal_area.inst_fifo_node_payld/gen_xpm_memory_fifo.inst_fifo/gen_mem_rep[1].inst_xpm_memory/xpm_memory_base_inst block.
INFO: [Memdata 28-167] Found XPM memory block traffic_replay_bd_i/ddr_smc_2/inst/s00_nodes/s00_w_node/inst/inst_mi_handler/gen_normal_area.inst_fifo_node_payld/gen_xpm_memory_fifo.inst_fifo/gen_mem_rep[0].inst_xpm_memory/xpm_memory_base_inst with a P_MEMORY_PRIMITIVE property set to distributed. A value of block is required. You will not be able to use the updatemem program to update the bitstream with new data for the traffic_replay_bd_i/ddr_smc_2/inst/s00_nodes/s00_w_node/inst/inst_mi_handler/gen_normal_area.inst_fifo_node_payld/gen_xpm_memory_fifo.inst_fifo/gen_mem_rep[0].inst_xpm_memory/xpm_memory_base_inst block.
INFO: [Memdata 28-167] Found XPM memory block traffic_replay_bd_i/ddr_smc_2/inst/s00_nodes/s00_w_node/inst/inst_mi_handler/gen_normal_area.gen_fifo_req.inst_fifo_req/gen_xpm_memory_fifo.inst_fifo/gen_mem_rep[0].inst_xpm_memory/xpm_memory_base_inst with a P_MEMORY_PRIMITIVE property set to distributed. A value of block is required. You will not be able to use the updatemem program to update the bitstream with new data for the traffic_replay_bd_i/ddr_smc_2/inst/s00_nodes/s00_w_node/inst/inst_mi_handler/gen_normal_area.gen_fifo_req.inst_fifo_req/gen_xpm_memory_fifo.inst_fifo/gen_mem_rep[0].inst_xpm_memory/xpm_memory_base_inst block.
INFO: [Memdata 28-167] Found XPM memory block traffic_replay_bd_i/ddr_smc_2/inst/s00_nodes/s00_r_node/inst/inst_mi_handler/gen_normal_area.inst_fifo_node_payld/gen_xpm_memory_fifo.inst_fifo/gen_mem_rep[2].inst_xpm_memory/xpm_memory_base_inst with a P_MEMORY_PRIMITIVE property set to distributed. A value of block is required. You will not be able to use the updatemem program to update the bitstream with new data for the traffic_replay_bd_i/ddr_smc_2/inst/s00_nodes/s00_r_node/inst/inst_mi_handler/gen_normal_area.inst_fifo_node_payld/gen_xpm_memory_fifo.inst_fifo/gen_mem_rep[2].inst_xpm_memory/xpm_memory_base_inst block.
INFO: [Memdata 28-167] Found XPM memory block traffic_replay_bd_i/ddr_smc_2/inst/s00_nodes/s00_r_node/inst/inst_mi_handler/gen_normal_area.inst_fifo_node_payld/gen_xpm_memory_fifo.inst_fifo/gen_mem_rep[1].inst_xpm_memory/xpm_memory_base_inst with a P_MEMORY_PRIMITIVE property set to distributed. A value of block is required. You will not be able to use the updatemem program to update the bitstream with new data for the traffic_replay_bd_i/ddr_smc_2/inst/s00_nodes/s00_r_node/inst/inst_mi_handler/gen_normal_area.inst_fifo_node_payld/gen_xpm_memory_fifo.inst_fifo/gen_mem_rep[1].inst_xpm_memory/xpm_memory_base_inst block.
INFO: [Memdata 28-167] Found XPM memory block traffic_replay_bd_i/ddr_smc_2/inst/s00_nodes/s00_r_node/inst/inst_mi_handler/gen_normal_area.inst_fifo_node_payld/gen_xpm_memory_fifo.inst_fifo/gen_mem_rep[0].inst_xpm_memory/xpm_memory_base_inst with a P_MEMORY_PRIMITIVE property set to distributed. A value of block is required. You will not be able to use the updatemem program to update the bitstream with new data for the traffic_replay_bd_i/ddr_smc_2/inst/s00_nodes/s00_r_node/inst/inst_mi_handler/gen_normal_area.inst_fifo_node_payld/gen_xpm_memory_fifo.inst_fifo/gen_mem_rep[0].inst_xpm_memory/xpm_memory_base_inst block.
INFO: [Memdata 28-167] Found XPM memory block traffic_replay_bd_i/ddr_smc_2/inst/s00_nodes/s00_b_node/inst/inst_mi_handler/gen_normal_area.inst_fifo_node_payld/gen_xpm_memory_fifo.inst_fifo/gen_mem_rep[0].inst_xpm_memory/xpm_memory_base_inst with a P_MEMORY_PRIMITIVE property set to distributed. A value of block is required. You will not be able to use the updatemem program to update the bitstream with new data for the traffic_replay_bd_i/ddr_smc_2/inst/s00_nodes/s00_b_node/inst/inst_mi_handler/gen_normal_area.inst_fifo_node_payld/gen_xpm_memory_fifo.inst_fifo/gen_mem_rep[0].inst_xpm_memory/xpm_memory_base_inst block.
INFO: [Memdata 28-167] Found XPM memory block traffic_replay_bd_i/ddr_smc_2/inst/s00_nodes/s00_aw_node/inst/inst_mi_handler/gen_normal_area.inst_fifo_node_payld/gen_xpm_memory_fifo.inst_fifo/gen_mem_rep[0].inst_xpm_memory/xpm_memory_base_inst with a P_MEMORY_PRIMITIVE property set to distributed. A value of block is required. You will not be able to use the updatemem program to update the bitstream with new data for the traffic_replay_bd_i/ddr_smc_2/inst/s00_nodes/s00_aw_node/inst/inst_mi_handler/gen_normal_area.inst_fifo_node_payld/gen_xpm_memory_fifo.inst_fifo/gen_mem_rep[0].inst_xpm_memory/xpm_memory_base_inst block.
INFO: [Memdata 28-167] Found XPM memory block traffic_replay_bd_i/ddr_smc_2/inst/s00_nodes/s00_ar_node/inst/inst_mi_handler/gen_normal_area.inst_fifo_node_payld/gen_xpm_memory_fifo.inst_fifo/gen_mem_rep[0].inst_xpm_memory/xpm_memory_base_inst with a P_MEMORY_PRIMITIVE property set to distributed. A value of block is required. You will not be able to use the updatemem program to update the bitstream with new data for the traffic_replay_bd_i/ddr_smc_2/inst/s00_nodes/s00_ar_node/inst/inst_mi_handler/gen_normal_area.inst_fifo_node_payld/gen_xpm_memory_fifo.inst_fifo/gen_mem_rep[0].inst_xpm_memory/xpm_memory_base_inst block.
INFO: [Common 17-14] Message 'Memdata 28-167' appears 100 times and further instances of the messages will be disabled. Use the Tcl command set_msg_config to change the current settings.
Command: write_bitstream -force traffic_replay_bd_wrapper.bit
Attempting to get a license for feature 'Implementation' and/or device 'xcu200'
INFO: [Common 17-349] Got license for feature 'Implementation' and/or device 'xcu200'
CRITICAL WARNING: [Vivado 12-1790] Evaluation License Warning: This design contains one or more IP cores that use separately licensed features. If the design has been configured to make use of evaluation features, please note that these features will cease to function after a certain period of time. Please consult the core datasheet to determine whether the core which you have configured will be affected. Evaluation features should NOT be used in production systems.

Evaluation cores found in this design:
    IP core 'traffic_replay_bd_cmac_0_0' (cmac_usplus_core) was generated with multiple features:
        IP feature 'cmac_an_lt@2020.05' was enabled using a design_linking license.
        IP feature 'cmac_usplus@2020.05' was enabled using a bought license.
    IP core 'traffic_replay_bd_cmac_1_0' (cmac_usplus_core) was generated with multiple features:
        IP feature 'cmac_an_lt@2020.05' was enabled using a design_linking license.
        IP feature 'cmac_usplus@2020.05' was enabled using a bought license.

Resolution: If a new IP Core license was added, in order for the new license to be picked up, the current netlist needs to be updated by resetting and re-generating the IP output products before bitstream generation.
Running DRC as a precondition to command write_bitstream
INFO: [IP_Flow 19-1839] IP Catalog is up to date.
WARNING: [DRC RTSTAT-10] No routable loads: 668 net(s) have no routable loads. The problem bus(es) and/or net(s) are traffic_replay_bd_i/ddr4_3/inst/u_ddr4_mem_intfc/u_ddr_cal_riu/LMB_CE, traffic_replay_bd_i/ddr4_1/inst/u_ddr4_mem_intfc/u_ddr_cal_riu/LMB_CE, traffic_replay_bd_i/ddr4_2/inst/u_ddr4_mem_intfc/u_ddr_cal_riu/LMB_CE, traffic_replay_bd_i/ddr4_0/inst/u_ddr4_mem_intfc/u_ddr_cal_riu/LMB_CE, traffic_replay_bd_i/ddr4_3/inst/u_ddr4_mem_intfc/u_ddr_cal_riu/LMB_UE, traffic_replay_bd_i/ddr4_0/inst/u_ddr4_mem_intfc/u_ddr_cal_riu/LMB_UE, traffic_replay_bd_i/ddr4_1/inst/u_ddr4_mem_intfc/u_ddr_cal_riu/LMB_UE, traffic_replay_bd_i/ddr4_2/inst/u_ddr4_mem_intfc/u_ddr_cal_riu/LMB_UE, traffic_replay_bd_i/ddr4_3/inst/u_ddr4_mem_intfc/u_ddr_cal_top/u_ddr_cal/u_xsdb_arbiter/Q[12], traffic_replay_bd_i/ddr4_1/inst/u_ddr4_mem_intfc/u_ddr_cal_top/u_ddr_cal/u_xsdb_arbiter/Q[12], traffic_replay_bd_i/ddr4_2/inst/u_ddr4_mem_intfc/u_ddr_cal_top/u_ddr_cal/u_xsdb_arbiter/Q[12], traffic_replay_bd_i/ddr4_0/inst/u_ddr4_mem_intfc/u_ddr_cal_top/u_ddr_cal/u_xsdb_arbiter/Q[12], traffic_replay_bd_i/ddr4_3/inst/u_ddr4_mem_intfc/u_ddr_cal_top/u_ddr_cal/u_xsdb_arbiter/Q[13], traffic_replay_bd_i/ddr4_2/inst/u_ddr4_mem_intfc/u_ddr_cal_top/u_ddr_cal/u_xsdb_arbiter/Q[13], traffic_replay_bd_i/ddr4_0/inst/u_ddr4_mem_intfc/u_ddr_cal_top/u_ddr_cal/u_xsdb_arbiter/Q[13]... and (the first 15 of 586 listed).
INFO: [DRC REQP-1858] RAMB36E2_writefirst_collision_advisory: Synchronous clocking is detected for BRAM (traffic_replay_bd_i/xdma_0/inst/pcie4_ip_i/inst/traffic_replay_bd_xdma_0_0_pcie4_ip_pcie_4_0_pipe_inst/pcie_4_0_bram_inst/RAM32K.bram_comp_inst/bram_16k_0_int/ECC_RAM.RAMB36E2[0].ramb36e2_inst) in SDP mode with WRITE_FIRST write-mode. It is strongly suggested to change this mode to NO_CHANGE for best power characteristics. However, both WRITE_FIRST and NO_CHANGE may exhibit address collisions if the same address appears on both read and write ports resulting in unknown or corrupted read data. It is suggested to confirm via simulation that an address collision never occurs and if so it is suggested to try and avoid this situation. If address collisions cannot be avoided, the write-mode may be set to READ_FIRST which guarantees that the read data is the prior contents of the memory at the cost of additional power in the design. See the FPGA Memory Resources User Guide for additional information.
INFO: [DRC REQP-1858] RAMB36E2_writefirst_collision_advisory: Synchronous clocking is detected for BRAM (traffic_replay_bd_i/xdma_0/inst/pcie4_ip_i/inst/traffic_replay_bd_xdma_0_0_pcie4_ip_pcie_4_0_pipe_inst/pcie_4_0_bram_inst/RAM32K.bram_comp_inst/bram_16k_0_int/ECC_RAM.RAMB36E2[1].ramb36e2_inst) in SDP mode with WRITE_FIRST write-mode. It is strongly suggested to change this mode to NO_CHANGE for best power characteristics. However, both WRITE_FIRST and NO_CHANGE may exhibit address collisions if the same address appears on both read and write ports resulting in unknown or corrupted read data. It is suggested to confirm via simulation that an address collision never occurs and if so it is suggested to try and avoid this situation. If address collisions cannot be avoided, the write-mode may be set to READ_FIRST which guarantees that the read data is the prior contents of the memory at the cost of additional power in the design. See the FPGA Memory Resources User Guide for additional information.
INFO: [DRC REQP-1858] RAMB36E2_writefirst_collision_advisory: Synchronous clocking is detected for BRAM (traffic_replay_bd_i/xdma_0/inst/pcie4_ip_i/inst/traffic_replay_bd_xdma_0_0_pcie4_ip_pcie_4_0_pipe_inst/pcie_4_0_bram_inst/RAM32K.bram_comp_inst/bram_16k_0_int/ECC_RAM.RAMB36E2[2].ramb36e2_inst) in SDP mode with WRITE_FIRST write-mode. It is strongly suggested to change this mode to NO_CHANGE for best power characteristics. However, both WRITE_FIRST and NO_CHANGE may exhibit address collisions if the same address appears on both read and write ports resulting in unknown or corrupted read data. It is suggested to confirm via simulation that an address collision never occurs and if so it is suggested to try and avoid this situation. If address collisions cannot be avoided, the write-mode may be set to READ_FIRST which guarantees that the read data is the prior contents of the memory at the cost of additional power in the design. See the FPGA Memory Resources User Guide for additional information.
INFO: [DRC REQP-1858] RAMB36E2_writefirst_collision_advisory: Synchronous clocking is detected for BRAM (traffic_replay_bd_i/xdma_0/inst/pcie4_ip_i/inst/traffic_replay_bd_xdma_0_0_pcie4_ip_pcie_4_0_pipe_inst/pcie_4_0_bram_inst/RAM32K.bram_comp_inst/bram_16k_0_int/ECC_RAM.RAMB36E2[3].ramb36e2_inst) in SDP mode with WRITE_FIRST write-mode. It is strongly suggested to change this mode to NO_CHANGE for best power characteristics. However, both WRITE_FIRST and NO_CHANGE may exhibit address collisions if the same address appears on both read and write ports resulting in unknown or corrupted read data. It is suggested to confirm via simulation that an address collision never occurs and if so it is suggested to try and avoid this situation. If address collisions cannot be avoided, the write-mode may be set to READ_FIRST which guarantees that the read data is the prior contents of the memory at the cost of additional power in the design. See the FPGA Memory Resources User Guide for additional information.
INFO: [DRC REQP-1858] RAMB36E2_writefirst_collision_advisory: Synchronous clocking is detected for BRAM (traffic_replay_bd_i/xdma_0/inst/pcie4_ip_i/inst/traffic_replay_bd_xdma_0_0_pcie4_ip_pcie_4_0_pipe_inst/pcie_4_0_bram_inst/RAM32K.bram_comp_inst/bram_16k_0_int/ECC_RAM.RAMB36E2[4].ramb36e2_inst) in SDP mode with WRITE_FIRST write-mode. It is strongly suggested to change this mode to NO_CHANGE for best power characteristics. However, both WRITE_FIRST and NO_CHANGE may exhibit address collisions if the same address appears on both read and write ports resulting in unknown or corrupted read data. It is suggested to confirm via simulation that an address collision never occurs and if so it is suggested to try and avoid this situation. If address collisions cannot be avoided, the write-mode may be set to READ_FIRST which guarantees that the read data is the prior contents of the memory at the cost of additional power in the design. See the FPGA Memory Resources User Guide for additional information.
INFO: [DRC REQP-1858] RAMB36E2_writefirst_collision_advisory: Synchronous clocking is detected for BRAM (traffic_replay_bd_i/xdma_0/inst/pcie4_ip_i/inst/traffic_replay_bd_xdma_0_0_pcie4_ip_pcie_4_0_pipe_inst/pcie_4_0_bram_inst/RAM32K.bram_comp_inst/bram_16k_0_int/ECC_RAM.RAMB36E2[5].ramb36e2_inst) in SDP mode with WRITE_FIRST write-mode. It is strongly suggested to change this mode to NO_CHANGE for best power characteristics. However, both WRITE_FIRST and NO_CHANGE may exhibit address collisions if the same address appears on both read and write ports resulting in unknown or corrupted read data. It is suggested to confirm via simulation that an address collision never occurs and if so it is suggested to try and avoid this situation. If address collisions cannot be avoided, the write-mode may be set to READ_FIRST which guarantees that the read data is the prior contents of the memory at the cost of additional power in the design. See the FPGA Memory Resources User Guide for additional information.
INFO: [DRC REQP-1858] RAMB36E2_writefirst_collision_advisory: Synchronous clocking is detected for BRAM (traffic_replay_bd_i/xdma_0/inst/pcie4_ip_i/inst/traffic_replay_bd_xdma_0_0_pcie4_ip_pcie_4_0_pipe_inst/pcie_4_0_bram_inst/RAM32K.bram_comp_inst/bram_16k_1_int/ECC_RAM.RAMB36E2[0].ramb36e2_inst) in SDP mode with WRITE_FIRST write-mode. It is strongly suggested to change this mode to NO_CHANGE for best power characteristics. However, both WRITE_FIRST and NO_CHANGE may exhibit address collisions if the same address appears on both read and write ports resulting in unknown or corrupted read data. It is suggested to confirm via simulation that an address collision never occurs and if so it is suggested to try and avoid this situation. If address collisions cannot be avoided, the write-mode may be set to READ_FIRST which guarantees that the read data is the prior contents of the memory at the cost of additional power in the design. See the FPGA Memory Resources User Guide for additional information.
INFO: [DRC REQP-1858] RAMB36E2_writefirst_collision_advisory: Synchronous clocking is detected for BRAM (traffic_replay_bd_i/xdma_0/inst/pcie4_ip_i/inst/traffic_replay_bd_xdma_0_0_pcie4_ip_pcie_4_0_pipe_inst/pcie_4_0_bram_inst/RAM32K.bram_comp_inst/bram_16k_1_int/ECC_RAM.RAMB36E2[1].ramb36e2_inst) in SDP mode with WRITE_FIRST write-mode. It is strongly suggested to change this mode to NO_CHANGE for best power characteristics. However, both WRITE_FIRST and NO_CHANGE may exhibit address collisions if the same address appears on both read and write ports resulting in unknown or corrupted read data. It is suggested to confirm via simulation that an address collision never occurs and if so it is suggested to try and avoid this situation. If address collisions cannot be avoided, the write-mode may be set to READ_FIRST which guarantees that the read data is the prior contents of the memory at the cost of additional power in the design. See the FPGA Memory Resources User Guide for additional information.
INFO: [DRC REQP-1858] RAMB36E2_writefirst_collision_advisory: Synchronous clocking is detected for BRAM (traffic_replay_bd_i/xdma_0/inst/pcie4_ip_i/inst/traffic_replay_bd_xdma_0_0_pcie4_ip_pcie_4_0_pipe_inst/pcie_4_0_bram_inst/RAM32K.bram_comp_inst/bram_16k_1_int/ECC_RAM.RAMB36E2[2].ramb36e2_inst) in SDP mode with WRITE_FIRST write-mode. It is strongly suggested to change this mode to NO_CHANGE for best power characteristics. However, both WRITE_FIRST and NO_CHANGE may exhibit address collisions if the same address appears on both read and write ports resulting in unknown or corrupted read data. It is suggested to confirm via simulation that an address collision never occurs and if so it is suggested to try and avoid this situation. If address collisions cannot be avoided, the write-mode may be set to READ_FIRST which guarantees that the read data is the prior contents of the memory at the cost of additional power in the design. See the FPGA Memory Resources User Guide for additional information.
INFO: [DRC REQP-1858] RAMB36E2_writefirst_collision_advisory: Synchronous clocking is detected for BRAM (traffic_replay_bd_i/xdma_0/inst/pcie4_ip_i/inst/traffic_replay_bd_xdma_0_0_pcie4_ip_pcie_4_0_pipe_inst/pcie_4_0_bram_inst/RAM32K.bram_comp_inst/bram_16k_1_int/ECC_RAM.RAMB36E2[3].ramb36e2_inst) in SDP mode with WRITE_FIRST write-mode. It is strongly suggested to change this mode to NO_CHANGE for best power characteristics. However, both WRITE_FIRST and NO_CHANGE may exhibit address collisions if the same address appears on both read and write ports resulting in unknown or corrupted read data. It is suggested to confirm via simulation that an address collision never occurs and if so it is suggested to try and avoid this situation. If address collisions cannot be avoided, the write-mode may be set to READ_FIRST which guarantees that the read data is the prior contents of the memory at the cost of additional power in the design. See the FPGA Memory Resources User Guide for additional information.
INFO: [DRC REQP-1858] RAMB36E2_writefirst_collision_advisory: Synchronous clocking is detected for BRAM (traffic_replay_bd_i/xdma_0/inst/pcie4_ip_i/inst/traffic_replay_bd_xdma_0_0_pcie4_ip_pcie_4_0_pipe_inst/pcie_4_0_bram_inst/RAM32K.bram_comp_inst/bram_16k_1_int/ECC_RAM.RAMB36E2[4].ramb36e2_inst) in SDP mode with WRITE_FIRST write-mode. It is strongly suggested to change this mode to NO_CHANGE for best power characteristics. However, both WRITE_FIRST and NO_CHANGE may exhibit address collisions if the same address appears on both read and write ports resulting in unknown or corrupted read data. It is suggested to confirm via simulation that an address collision never occurs and if so it is suggested to try and avoid this situation. If address collisions cannot be avoided, the write-mode may be set to READ_FIRST which guarantees that the read data is the prior contents of the memory at the cost of additional power in the design. See the FPGA Memory Resources User Guide for additional information.
INFO: [DRC REQP-1858] RAMB36E2_writefirst_collision_advisory: Synchronous clocking is detected for BRAM (traffic_replay_bd_i/xdma_0/inst/pcie4_ip_i/inst/traffic_replay_bd_xdma_0_0_pcie4_ip_pcie_4_0_pipe_inst/pcie_4_0_bram_inst/RAM32K.bram_comp_inst/bram_16k_1_int/ECC_RAM.RAMB36E2[5].ramb36e2_inst) in SDP mode with WRITE_FIRST write-mode. It is strongly suggested to change this mode to NO_CHANGE for best power characteristics. However, both WRITE_FIRST and NO_CHANGE may exhibit address collisions if the same address appears on both read and write ports resulting in unknown or corrupted read data. It is suggested to confirm via simulation that an address collision never occurs and if so it is suggested to try and avoid this situation. If address collisions cannot be avoided, the write-mode may be set to READ_FIRST which guarantees that the read data is the prior contents of the memory at the cost of additional power in the design. See the FPGA Memory Resources User Guide for additional information.
INFO: [DRC REQP-1858] RAMB36E2_writefirst_collision_advisory: Synchronous clocking is detected for BRAM (traffic_replay_bd_i/xdma_0/inst/pcie4_ip_i/inst/traffic_replay_bd_xdma_0_0_pcie4_ip_pcie_4_0_pipe_inst/pcie_4_0_bram_inst/bram_post_inst/bram_16k_int/ECC_RAM.RAMB36E2[0].ramb36e2_inst) in SDP mode with WRITE_FIRST write-mode. It is strongly suggested to change this mode to NO_CHANGE for best power characteristics. However, both WRITE_FIRST and NO_CHANGE may exhibit address collisions if the same address appears on both read and write ports resulting in unknown or corrupted read data. It is suggested to confirm via simulation that an address collision never occurs and if so it is suggested to try and avoid this situation. If address collisions cannot be avoided, the write-mode may be set to READ_FIRST which guarantees that the read data is the prior contents of the memory at the cost of additional power in the design. See the FPGA Memory Resources User Guide for additional information.
INFO: [DRC REQP-1858] RAMB36E2_writefirst_collision_advisory: Synchronous clocking is detected for BRAM (traffic_replay_bd_i/xdma_0/inst/pcie4_ip_i/inst/traffic_replay_bd_xdma_0_0_pcie4_ip_pcie_4_0_pipe_inst/pcie_4_0_bram_inst/bram_post_inst/bram_16k_int/ECC_RAM.RAMB36E2[1].ramb36e2_inst) in SDP mode with WRITE_FIRST write-mode. It is strongly suggested to change this mode to NO_CHANGE for best power characteristics. However, both WRITE_FIRST and NO_CHANGE may exhibit address collisions if the same address appears on both read and write ports resulting in unknown or corrupted read data. It is suggested to confirm via simulation that an address collision never occurs and if so it is suggested to try and avoid this situation. If address collisions cannot be avoided, the write-mode may be set to READ_FIRST which guarantees that the read data is the prior contents of the memory at the cost of additional power in the design. See the FPGA Memory Resources User Guide for additional information.
INFO: [DRC REQP-1858] RAMB36E2_writefirst_collision_advisory: Synchronous clocking is detected for BRAM (traffic_replay_bd_i/xdma_0/inst/pcie4_ip_i/inst/traffic_replay_bd_xdma_0_0_pcie4_ip_pcie_4_0_pipe_inst/pcie_4_0_bram_inst/bram_post_inst/bram_16k_int/ECC_RAM.RAMB36E2[2].ramb36e2_inst) in SDP mode with WRITE_FIRST write-mode. It is strongly suggested to change this mode to NO_CHANGE for best power characteristics. However, both WRITE_FIRST and NO_CHANGE may exhibit address collisions if the same address appears on both read and write ports resulting in unknown or corrupted read data. It is suggested to confirm via simulation that an address collision never occurs and if so it is suggested to try and avoid this situation. If address collisions cannot be avoided, the write-mode may be set to READ_FIRST which guarantees that the read data is the prior contents of the memory at the cost of additional power in the design. See the FPGA Memory Resources User Guide for additional information.
INFO: [DRC REQP-1858] RAMB36E2_writefirst_collision_advisory: Synchronous clocking is detected for BRAM (traffic_replay_bd_i/xdma_0/inst/pcie4_ip_i/inst/traffic_replay_bd_xdma_0_0_pcie4_ip_pcie_4_0_pipe_inst/pcie_4_0_bram_inst/bram_post_inst/bram_16k_int/ECC_RAM.RAMB36E2[3].ramb36e2_inst) in SDP mode with WRITE_FIRST write-mode. It is strongly suggested to change this mode to NO_CHANGE for best power characteristics. However, both WRITE_FIRST and NO_CHANGE may exhibit address collisions if the same address appears on both read and write ports resulting in unknown or corrupted read data. It is suggested to confirm via simulation that an address collision never occurs and if so it is suggested to try and avoid this situation. If address collisions cannot be avoided, the write-mode may be set to READ_FIRST which guarantees that the read data is the prior contents of the memory at the cost of additional power in the design. See the FPGA Memory Resources User Guide for additional information.
INFO: [DRC REQP-1858] RAMB36E2_writefirst_collision_advisory: Synchronous clocking is detected for BRAM (traffic_replay_bd_i/xdma_0/inst/pcie4_ip_i/inst/traffic_replay_bd_xdma_0_0_pcie4_ip_pcie_4_0_pipe_inst/pcie_4_0_bram_inst/bram_post_inst/bram_16k_int/ECC_RAM.RAMB36E2[4].ramb36e2_inst) in SDP mode with WRITE_FIRST write-mode. It is strongly suggested to change this mode to NO_CHANGE for best power characteristics. However, both WRITE_FIRST and NO_CHANGE may exhibit address collisions if the same address appears on both read and write ports resulting in unknown or corrupted read data. It is suggested to confirm via simulation that an address collision never occurs and if so it is suggested to try and avoid this situation. If address collisions cannot be avoided, the write-mode may be set to READ_FIRST which guarantees that the read data is the prior contents of the memory at the cost of additional power in the design. See the FPGA Memory Resources User Guide for additional information.
INFO: [DRC REQP-1858] RAMB36E2_writefirst_collision_advisory: Synchronous clocking is detected for BRAM (traffic_replay_bd_i/xdma_0/inst/pcie4_ip_i/inst/traffic_replay_bd_xdma_0_0_pcie4_ip_pcie_4_0_pipe_inst/pcie_4_0_bram_inst/bram_post_inst/bram_16k_int/ECC_RAM.RAMB36E2[5].ramb36e2_inst) in SDP mode with WRITE_FIRST write-mode. It is strongly suggested to change this mode to NO_CHANGE for best power characteristics. However, both WRITE_FIRST and NO_CHANGE may exhibit address collisions if the same address appears on both read and write ports resulting in unknown or corrupted read data. It is suggested to confirm via simulation that an address collision never occurs and if so it is suggested to try and avoid this situation. If address collisions cannot be avoided, the write-mode may be set to READ_FIRST which guarantees that the read data is the prior contents of the memory at the cost of additional power in the design. See the FPGA Memory Resources User Guide for additional information.
INFO: [DRC REQP-1858] RAMB36E2_writefirst_collision_advisory: Synchronous clocking is detected for BRAM (traffic_replay_bd_i/xdma_0/inst/pcie4_ip_i/inst/traffic_replay_bd_xdma_0_0_pcie4_ip_pcie_4_0_pipe_inst/pcie_4_0_bram_inst/bram_repl_inst/bram_rep_int_0/ECC_RAM.RAMB36E2[0].ramb36e2_inst) in SDP mode with WRITE_FIRST write-mode. It is strongly suggested to change this mode to NO_CHANGE for best power characteristics. However, both WRITE_FIRST and NO_CHANGE may exhibit address collisions if the same address appears on both read and write ports resulting in unknown or corrupted read data. It is suggested to confirm via simulation that an address collision never occurs and if so it is suggested to try and avoid this situation. If address collisions cannot be avoided, the write-mode may be set to READ_FIRST which guarantees that the read data is the prior contents of the memory at the cost of additional power in the design. See the FPGA Memory Resources User Guide for additional information.
INFO: [DRC REQP-1858] RAMB36E2_writefirst_collision_advisory: Synchronous clocking is detected for BRAM (traffic_replay_bd_i/xdma_0/inst/pcie4_ip_i/inst/traffic_replay_bd_xdma_0_0_pcie4_ip_pcie_4_0_pipe_inst/pcie_4_0_bram_inst/bram_repl_inst/bram_rep_int_0/ECC_RAM.RAMB36E2[1].ramb36e2_inst) in SDP mode with WRITE_FIRST write-mode. It is strongly suggested to change this mode to NO_CHANGE for best power characteristics. However, both WRITE_FIRST and NO_CHANGE may exhibit address collisions if the same address appears on both read and write ports resulting in unknown or corrupted read data. It is suggested to confirm via simulation that an address collision never occurs and if so it is suggested to try and avoid this situation. If address collisions cannot be avoided, the write-mode may be set to READ_FIRST which guarantees that the read data is the prior contents of the memory at the cost of additional power in the design. See the FPGA Memory Resources User Guide for additional information.
INFO: [DRC REQP-1858] RAMB36E2_writefirst_collision_advisory: Synchronous clocking is detected for BRAM (traffic_replay_bd_i/xdma_0/inst/pcie4_ip_i/inst/traffic_replay_bd_xdma_0_0_pcie4_ip_pcie_4_0_pipe_inst/pcie_4_0_bram_inst/bram_repl_inst/bram_rep_int_0/ECC_RAM.RAMB36E2[2].ramb36e2_inst) in SDP mode with WRITE_FIRST write-mode. It is strongly suggested to change this mode to NO_CHANGE for best power characteristics. However, both WRITE_FIRST and NO_CHANGE may exhibit address collisions if the same address appears on both read and write ports resulting in unknown or corrupted read data. It is suggested to confirm via simulation that an address collision never occurs and if so it is suggested to try and avoid this situation. If address collisions cannot be avoided, the write-mode may be set to READ_FIRST which guarantees that the read data is the prior contents of the memory at the cost of additional power in the design. See the FPGA Memory Resources User Guide for additional information.
INFO: [DRC REQP-1858] RAMB36E2_writefirst_collision_advisory: Synchronous clocking is detected for BRAM (traffic_replay_bd_i/xdma_0/inst/pcie4_ip_i/inst/traffic_replay_bd_xdma_0_0_pcie4_ip_pcie_4_0_pipe_inst/pcie_4_0_bram_inst/bram_repl_inst/bram_rep_int_0/ECC_RAM.RAMB36E2[3].ramb36e2_inst) in SDP mode with WRITE_FIRST write-mode. It is strongly suggested to change this mode to NO_CHANGE for best power characteristics. However, both WRITE_FIRST and NO_CHANGE may exhibit address collisions if the same address appears on both read and write ports resulting in unknown or corrupted read data. It is suggested to confirm via simulation that an address collision never occurs and if so it is suggested to try and avoid this situation. If address collisions cannot be avoided, the write-mode may be set to READ_FIRST which guarantees that the read data is the prior contents of the memory at the cost of additional power in the design. See the FPGA Memory Resources User Guide for additional information.
INFO: [Vivado 12-3199] DRC finished with 0 Errors, 1 Warnings, 22 Advisories
INFO: [Vivado 12-3200] Please refer to the DRC report (report_drc) for more information.
Generating merged BMM file for the design top 'traffic_replay_bd_wrapper'...
INFO: [Memdata 28-144] Successfully populated the BRAM INIT strings from the following elf files: /home/user/tr_4ddr_timingfix_runs/bd_4ddr_dual_20260708_001610/build/vivado_hw/traffic_replay_hw.gen/sources_1/bd/traffic_replay_bd/ip/traffic_replay_bd_ddr4_0_0/sw/calibration_0/Debug/calibration_ddr.elf /home/user/tr_4ddr_timingfix_runs/bd_4ddr_dual_20260708_001610/build/vivado_hw/traffic_replay_hw.gen/sources_1/bd/traffic_replay_bd/ip/traffic_replay_bd_ddr4_1_0/sw/calibration_0/Debug/calibration_ddr.elf /home/user/tr_4ddr_timingfix_runs/bd_4ddr_dual_20260708_001610/build/vivado_hw/traffic_replay_hw.gen/sources_1/bd/traffic_replay_bd/ip/traffic_replay_bd_ddr4_2_0/sw/calibration_0/Debug/calibration_ddr.elf /home/user/tr_4ddr_timingfix_runs/bd_4ddr_dual_20260708_001610/build/vivado_hw/traffic_replay_hw.gen/sources_1/bd/traffic_replay_bd/ip/traffic_replay_bd_ddr4_3_0/sw/calibration_0/Debug/calibration_ddr.elf 
Loading data files...
Loading site data...
Loading route data...
Processing options...
Creating bitmap...
Creating bitstream...
Bitstream compression saved 77334144 bits.
Bitstream compression saved 137740576 bits.
Bitstream compression saved 57257152 bits.
Writing bitstream ./traffic_replay_bd_wrapper.bit...
INFO: [Vivado 12-1842] Bitgen Completed Successfully.
INFO: [Project 1-120] WebTalk data collection is mandatory when using a WebPACK part without a full Vivado license. To see the specific WebTalk data collected for your design, open the usage_statistics_webtalk.html or usage_statistics_webtalk.xml file in the implementation directory.
INFO: [Common 17-83] Releasing license: Implementation
146 Infos, 2 Warnings, 1 Critical Warnings and 0 Errors encountered.
write_bitstream completed successfully
write_bitstream: Time (s): cpu = 00:06:06 ; elapsed = 00:06:14 . Memory (MB): peak = 13506.582 ; gain = 76.668 ; free physical = 70923 ; free virtual = 95105
INFO: [Common 17-206] Exiting Vivado at Wed Jul  8 04:06:47 2026...
